abandoned,accuracy,activity,child,difficulty,distress,distress_after,distress_before,intervention,intervention_is_best,is_intervention,mastery,modality,modality_correct,modality_decision,teaching_method,teaching_method_correct,teaching_method_decision,theme,theme_correct,theme_decision
False,1.0,0,0,1,0.0,,,,,False,0.7777777777777778,tap,True,explore,errorless,True,explore,ocean,True,explore
False,1.0,1,0,2,0.0,,,,,False,0.8571428571428571,tap,True,explore,try_then_correct,False,explore,ocean,True,explore
False,1.0,2,0,3,0.0,,,,,False,0.8947368421052632,tap,True,explore,try_then_correct,False,explore,dino,False,explore
False,1.0,3,0,3,0.0,,,,,False,0.9166666666666666,tap,True,explore,try_then_correct,False,explore,dino,False,explore
False,1.0,4,0,3,0.0,,,,,False,0.9310344827586207,tap,True,explore,errorless,True,explore,dino,False,explore
False,1.0,5,0,3,0.0,,,,,False,0.9411764705882353,tap,True,explore,try_then_correct,False,explore,ocean,True,explore
False,1.0,6,0,3,0.0,,,,,False,0.9487179487179487,tap,True,explore,errorless,True,explore,ocean,True,explore
False,1.0,7,0,3,0.0,,,,,False,0.9545454545454546,tap,True,explore,try_then_correct,False,explore,ocean,True,explore
False,0.8,8,0,3,0.0,,,,,False,0.9387755102040817,tap,True,explore,errorless,True,explore,ocean,True,explore
False,1.0,9,0,3,0.0,,,,,False,0.9444444444444444,tap,True,explore,errorless,True,explore,ocean,True,explore
False,1.0,10,0,3,0.0,,,,,False,0.9491525423728814,tap,True,explore,try_then_correct,False,explore,ocean,True,explore
False,0.6,11,0,3,0.1349449287233962,,,,,False,0.921875,tap,True,explore,try_then_correct,False,explore,dino,False,explore
False,1.0,12,0,3,0.0,,,,,False,0.927536231884058,tap,True,explore,errorless,True,explore,ocean,True,explore
False,0.8,13,0,3,0.0873173068210211,,,,,False,0.918918918918919,tap,True,explore,try_then_correct,False,explore,ocean,True,explore
False,1.0,14,0,3,0.0,,,,,False,0.9240506329113924,tap,True,explore,errorless,True,explore,dino,False,explore
False,1.0,15,0,3,0.0,,,,,False,0.9285714285714286,tap,True,explore,errorless,True,explore,ocean,True,explore
False,1.0,16,0,3,0.0,,,,,False,0.9325842696629213,tap,True,explore,try_then_correct,False,explore,dino,False,explore
False,1.0,17,0,3,0.0,,,,,False,0.9361702127659575,tap,True,explore,errorless,True,explore,dino,False,explore
False,1.0,18,0,3,0.0,,,,,False,0.9393939393939394,tap,True,explore,errorless,True,explore,ocean,True,explore
False,1.0,19,0,3,0.0,,,,,False,0.9423076923076923,tap,True,explore,errorless,True,explore,ocean,True,explore
False,1.0,20,0,3,0.0,,,,,False,0.944954128440367,tap,True,explore,errorless,True,explore,dino,False,explore
False,1.0,21,0,3,0.0,,,,,False,0.9473684210526315,tap,True,explore,errorless,True,explore,ocean,True,explore
False,1.0,22,0,3,0.0,,,,,False,0.9495798319327731,tap,True,explore,errorless,True,explore,ocean,True,explore
False,1.0,23,0,3,0.0,,,,,False,0.9516129032258065,tap,True,explore,errorless,True,explore,ocean,True,explore
False,1.0,24,0,3,0.0,,,,,False,0.9534883720930233,tap,True,explore,errorless,True,explore,ocean,True,explore
False,1.0,25,0,3,0.0,,,,,False,0.9552238805970149,tap,True,explore,errorless,True,explore,ocean,True,explore
False,1.0,26,0,3,0.0,,,,,False,0.9568345323741008,tap,True,explore,errorless,True,explore,ocean,True,explore
False,1.0,27,0,3,0.0,,,,,False,0.9583333333333334,tap,True,explore,errorless,True,explore,ocean,True,explore
False,1.0,28,0,3,0.0,,,,,False,0.959731543624161,tap,True,explore,errorless,True,explore,dino,False,explore
False,1.0,29,0,3,0.0,,,,,False,0.961038961038961,tap,True,explore,errorless,True,explore,dino,False,explore
False,1.0,30,0,3,0.0,,,,,False,0.9622641509433962,tap,True,explore,errorless,True,explore,ocean,True,explore
False,1.0,31,0,3,0.0,,,,,False,0.9634146341463414,tap,True,explore,errorless,True,explore,ocean,True,explore
False,1.0,32,0,3,0.0,,,,,False,0.9644970414201184,tap,True,explore,errorless,True,explore,ocean,True,explore
False,0.8,33,0,3,0.0,,,,,False,0.9597701149425287,tap,True,explore,errorless,True,explore,dino,False,explore
False,1.0,34,0,3,0.0,,,,,False,0.9608938547486033,tap,True,explore,errorless,True,explore,ocean,True,explore
False,1.0,35,0,3,0.0,,,,,False,0.9619565217391305,tap,True,explore,errorless,True,explore,ocean,True,explore
False,1.0,36,0,3,0.0,,,,,False,0.9629629629629629,tap,True,explore,try_then_correct,False,explore,dino,False,explore
False,1.0,37,0,3,0.0,,,,,False,0.9639175257731959,tap,True,explore,errorless,True,explore,ocean,True,explore
False,1.0,38,0,3,0.0,,,,,False,0.964824120603015,tap,True,explore,errorless,True,explore,ocean,True,explore
False,1.0,39,0,3,0.0,,,,,False,0.9656862745098039,tap,True,exploit,errorless,True,explore,ocean,True,explore
False,0.8,0,1,1,0.0,,,,,False,0.6666666666666666,tap,True,explore,try_then_correct,False,explore,dino,False,explore
False,1.0,1,1,2,0.0,,,,,False,0.7857142857142857,tap,True,explore,try_then_correct,False,explore,dino,False,explore
False,0.4,2,1,3,0.32174824250202394,,,,,False,0.6842105263157895,tap,True,explore,try_then_correct,False,explore,dino,False,explore
False,1.0,3,1,2,0.0,,,,,False,0.75,tap,True,explore,try_then_correct,False,explore,space,False,explore
False,0.6,4,1,3,0.1946378257111009,,,,,False,0.7241379310344828,tap,True,explore,try_then_correct,False,explore,ocean,False,explore
False,0.8,5,1,3,0.08341621101904322,,,,,False,0.7352941176470589,tap,True,explore,try_then_correct,False,explore,space,False,explore
False,0.8,6,1,3,0.0,,,,,False,0.7435897435897436,tap,True,explore,try_then_correct,False,explore,ocean,False,explore
False,0.2,7,1,3,0.6077466802816008,,,,,False,0.6818181818181818,drag_drop,False,explore,try_then_correct,False,explore,space,False,explore
True,1.0,8,1,2,0.5481636724108556,,,,,False,0.6888888888888888,tap,True,explore,try_then_correct,False,explore,dino,False,explore
False,0.8,9,1,2,0.10804385427228462,,,,,False,0.6999999999999998,tap,True,explore,try_then_correct,False,explore,dino,False,explore
False,1.0,10,1,3,0.0,,,,,False,0.7272727272727272,tap,True,exploit,try_then_correct,False,explore,space,False,explore
False,0.4,11,1,3,0.2621652346312787,,,,,False,0.6999999999999998,tap,True,exploit,try_then_correct,False,explore,space,False,explore
False,1.0,12,1,2,0.0,,,,,False,0.723076923076923,tap,True,explore,try_then_correct,False,explore,ocean,False,explore
False,0.4,13,1,3,0.2621652346312787,,,,,False,0.6999999999999998,tap,True,exploit,try_then_correct,False,explore,dino,False,explore
False,1.0,14,1,2,0.0,,,,,False,0.7199999999999999,tap,True,explore,try_then_correct,False,explore,cars,True,explore
False,1.0,15,1,3,0.0,,,,,False,0.7375,tap,True,exploit,try_then_correct,False,explore,ocean,False,explore
False,1.0,16,1,3,0.0,,,,,False,0.7529411764705882,tap,True,exploit,errorless,True,explore,ocean,False,explore
False,1.0,17,1,3,0.0,,,,,False,0.7666666666666667,tap,True,exploit,errorless,True,explore,ocean,False,explore
False,1.0,18,1,3,0.0,,,,,False,0.7789473684210526,tap,True,exploit,errorless,True,explore,space,False,explore
False,1.0,19,1,3,0.0,,,,,False,0.79,tap,True,exploit,errorless,True,explore,ocean,False,explore
False,1.0,20,1,3,0.0,,,,,False,0.8,tap,True,exploit,errorless,True,explore,ocean,False,explore
False,1.0,21,1,3,0.0,,,,,False,0.8090909090909091,tap,True,exploit,errorless,True,exploit,dino,False,explore
False,1.0,22,1,3,0.0,,,,,False,0.8173913043478261,tap,True,exploit,errorless,True,exploit,ocean,False,explore
False,1.0,23,1,3,0.0,,,,,False,0.825,tap,True,exploit,errorless,True,exploit,ocean,False,explore
False,0.8,24,1,3,0.08738841154375959,,,,,False,0.824,tap,True,exploit,errorless,True,exploit,ocean,False,explore
False,1.0,25,1,3,0.0,,,,,False,0.8307692307692308,tap,True,exploit,errorless,True,exploit,ocean,False,explore
False,1.0,26,1,3,0.0,,,,,False,0.837037037037037,tap,True,exploit,errorless,True,exploit,ocean,False,explore
False,1.0,27,1,3,0.0,,,,,False,0.8428571428571429,tap,True,exploit,errorless,True,exploit,ocean,False,explore
False,1.0,28,1,3,0.0,,,,,False,0.8482758620689655,tap,True,exploit,errorless,True,exploit,ocean,False,explore
False,1.0,29,1,3,0.0,,,,,False,0.8533333333333332,tap,True,exploit,errorless,True,exploit,ocean,False,explore
False,1.0,30,1,3,0.0,,,,,False,0.8580645161290321,tap,True,exploit,errorless,True,exploit,ocean,False,explore
False,1.0,31,1,3,0.0,,,,,False,0.8624999999999998,tap,True,exploit,errorless,True,exploit,ocean,False,explore
False,1.0,32,1,3,0.0,,,,,False,0.8666666666666665,tap,True,exploit,errorless,True,exploit,ocean,False,explore
False,1.0,33,1,3,0.0,,,,,False,0.8705882352941174,tap,True,exploit,errorless,True,exploit,ocean,False,explore
False,1.0,34,1,3,0.0,,,,,False,0.8742857142857141,tap,True,exploit,errorless,True,exploit,ocean,False,explore
False,1.0,35,1,3,0.0,,,,,False,0.8777777777777777,tap,True,exploit,errorless,True,exploit,ocean,False,explore
False,1.0,36,1,3,0.0,,,,,False,0.881081081081081,tap,True,exploit,errorless,True,exploit,ocean,False,explore
False,1.0,37,1,3,0.0,,,,,False,0.8842105263157893,tap,True,exploit,errorless,True,exploit,cars,True,explore
False,0.8,38,1,3,0.0,,,,,False,0.8820512820512819,tap,True,exploit,errorless,True,exploit,ocean,False,explore
False,1.0,39,1,3,0.0,,,,,False,0.8849999999999999,tap,True,exploit,errorless,True,exploit,ocean,False,explore
False,1.0,0,2,1,0.0,,,,,False,0.7777777777777778,tap,True,explore,try_then_correct,True,explore,cars,False,explore
False,1.0,1,2,2,0.0,,,,,False,0.8571428571428571,tap,True,explore,try_then_correct,True,explore,dino,True,explore
False,1.0,2,2,3,0.0,,,,,False,0.8947368421052632,tap,True,explore,try_then_correct,True,explore,ocean,False,explore
False,1.0,3,2,3,0.0,,,,,False,0.9166666666666666,tap,True,explore,try_then_correct,True,explore,dino,True,explore
False,1.0,4,2,3,0.0,,,,,False,0.9310344827586207,tap,True,explore,try_then_correct,True,explore,dino,True,explore
False,1.0,5,2,3,0.0,,,,,False,0.9411764705882353,tap,True,explore,try_then_correct,True,explore,ocean,False,explore
False,1.0,6,2,3,0.0,,,,,False,0.9487179487179487,tap,True,explore,try_then_correct,True,explore,cars,False,explore
False,1.0,7,2,3,0.0,,,,,False,0.9545454545454546,tap,True,explore,try_then_correct,True,explore,ocean,False,explore
False,0.8,8,2,3,0.0,,,,,False,0.9387755102040817,tap,True,explore,try_then_correct,True,explore,ocean,False,explore
False,1.0,9,2,3,0.0,,,,,False,0.9444444444444444,tap,True,explore,try_then_correct,True,explore,cars,False,explore
False,1.0,10,2,3,0.0,,,,,False,0.9491525423728814,tap,True,explore,try_then_correct,True,explore,ocean,False,explore
False,1.0,11,2,3,0.0,,,,,False,0.953125,tap,True,explore,try_then_correct,True,explore,ocean,False,explore
False,1.0,12,2,3,0.0,,,,,False,0.9565217391304348,tap,True,explore,try_then_correct,True,explore,dino,True,explore
False,1.0,13,2,3,0.0,,,,,False,0.9594594594594594,tap,True,explore,try_then_correct,True,explore,ocean,False,explore
False,1.0,14,2,3,0.0,,,,,False,0.9620253164556962,tap,True,explore,try_then_correct,True,explore,dino,True,explore
False,1.0,15,2,3,0.0,,,,,False,0.9642857142857143,tap,True,explore,try_then_correct,True,explore,ocean,False,explore
False,1.0,16,2,3,0.0,,,,,False,0.9662921348314607,tap,True,explore,try_then_correct,True,explore,cars,False,explore
False,1.0,17,2,3,0.0,,,,,False,0.9680851063829787,tap,True,explore,try_then_correct,True,explore,cars,False,explore
False,1.0,18,2,3,0.0,,,,,False,0.9696969696969697,tap,True,explore,try_then_correct,True,explore,ocean,False,explore
False,1.0,19,2,3,0.0,,,,,False,0.9711538461538461,tap,True,explore,try_then_correct,True,explore,dino,True,explore
False,1.0,20,2,3,0.0,,,,,False,0.9724770642201835,tap,True,exploit,try_then_correct,True,exploit,dino,True,explore
False,1.0,21,2,3,0.0,,,,,False,0.9736842105263158,tap,True,exploit,try_then_correct,True,exploit,cars,False,explore
False,1.0,22,2,3,0.0,,,,,False,0.9747899159663865,tap,True,exploit,try_then_correct,True,exploit,cars,False,explore
False,1.0,23,2,3,0.0,,,,,False,0.9758064516129032,tap,True,exploit,try_then_correct,True,exploit,cars,False,explore
False,1.0,24,2,3,0.0,,,,,False,0.9767441860465116,tap,True,exploit,try_then_correct,True,exploit,dino,True,explore
False,1.0,25,2,3,0.0,,,,,False,0.9776119402985075,tap,True,exploit,try_then_correct,True,exploit,cars,False,explore
False,1.0,26,2,3,0.0,,,,,False,0.9784172661870504,tap,True,exploit,try_then_correct,True,exploit,ocean,False,explore
False,1.0,27,2,3,0.0,,,,,False,0.9791666666666666,tap,True,exploit,try_then_correct,True,exploit,dino,True,explore
False,1.0,28,2,3,0.0,,,,,False,0.9798657718120806,tap,True,exploit,try_then_correct,True,exploit,dino,True,explore
False,0.8,29,2,3,0.0,,,,,False,0.974025974025974,tap,True,exploit,try_then_correct,True,exploit,ocean,False,explore
False,1.0,30,2,3,0.0,,,,,False,0.9748427672955975,tap,True,exploit,try_then_correct,True,exploit,dino,True,explore
False,1.0,31,2,3,0.0,,,,,False,0.975609756097561,tap,True,exploit,try_then_correct,True,exploit,dino,True,explore
False,1.0,32,2,3,0.0,,,,,False,0.9763313609467456,tap,True,exploit,try_then_correct,True,exploit,dino,True,explore
False,1.0,33,2,3,0.0,,,,,False,0.9770114942528736,tap,True,exploit,try_then_correct,True,exploit,dino,True,explore
False,1.0,34,2,3,0.0,,,,,False,0.9776536312849162,tap,True,exploit,try_then_correct,True,exploit,cars,False,explore
False,1.0,35,2,3,0.0,,,,,False,0.9782608695652174,tap,True,exploit,try_then_correct,True,exploit,dino,True,explore
False,1.0,36,2,3,0.0,,,,,False,0.9788359788359788,tap,True,exploit,try_then_correct,True,exploit,dino,True,explore
False,1.0,37,2,3,0.0,,,,,False,0.979381443298969,tap,True,exploit,try_then_correct,True,exploit,cars,False,explore
False,1.0,38,2,3,0.0,,,,,False,0.9798994974874372,tap,True,exploit,try_then_correct,True,exploit,cars,False,explore
False,1.0,39,2,3,0.0,,,,,False,0.9803921568627451,tap,True,exploit,try_then_correct,True,exploit,cars,False,explore
False,1.0,0,3,1,0.0,,,,,False,0.7777777777777778,drag_drop,True,explore,errorless,False,explore,dino,False,explore
False,0.6,1,3,1,0.17052246026993279,,,,,False,0.7142857142857143,tap,False,explore,errorless,False,explore,ocean,False,explore
False,0.8,2,3,1,0.07661154012127411,,,,,False,0.7368421052631579,drag_drop,True,explore,try_then_correct,True,explore,dino,False,explore
False,0.6,3,3,2,0.08402556013301032,,,,,False,0.7083333333333334,drag_drop,True,explore,errorless,False,explore,dino,False,explore
False,0.6,4,3,2,0.08155422012909824,,,,,False,0.6896551724137931,drag_drop,True,explore,try_then_correct,True,explore,dino,False,explore
False,0.4,5,3,2,0.24466266038729478,,,,,False,0.6470588235294118,drag_drop,True,explore,errorless,False,explore,cars,False,explore
False,0.6,6,3,1,0.14482052422924718,,,,,False,0.6410256410256411,drag_drop,True,explore,errorless,False,explore,dino,False,explore
False,0.4,7,3,1,0.38206916460480583,,,,,False,0.6136363636363638,tap,False,explore,errorless,False,explore,dino,False,explore
,,8,3,1,,0.26403993377099255,0.38206916460480583,interest_injection,False,True,,,,,,,,,,
False,0.4,9,3,1,0.26872441376659356,,,,,False,0.5918367346938777,drag_drop,True,explore,errorless,False,explore,dino,False,explore
,,10,3,1,,0.1857097692952311,0.26872441376659356,break,False,True,,,,,,,,,,
True,0.25,11,3,1,0.3117481094947466,,,,,False,0.5660377358490567,drag_drop,True,explore,try_then_correct,True,explore,ocean,False,explore
False,0.6,12,3,1,0.22108150395046933,,,,,False,0.5689655172413794,tap,False,explore,errorless,False,explore,ocean,False,explore
False,0.4,13,3,1,0.31004974409130376,,,,,False,0.5555555555555557,drag_drop,True,explore,try_then_correct,True,explore,dino,False,explore
False,0.8,14,3,1,0.21613882394264505,,,,,False,0.573529411764706,tap,False,explore,try_then_correct,True,explore,space,True,explore
False,0.8,15,3,1,0.01725800946752007,,,,,False,0.5890410958904112,drag_drop,True,explore,errorless,False,explore,ocean,False,explore
False,0.6,16,3,1,0.07166886011345,,,,,False,0.58974358974359,drag_drop,True,explore,errorless,False,explore,space,True,explore
False,0.8,17,3,1,0.0,,,,,False,0.6024096385542173,drag_drop,True,explore,try_then_correct,True,explore,ocean,False,explore
False,0.6,18,3,1,0.07166886011345,,,,,False,0.6022727272727276,drag_drop,True,explore,errorless,False,explore,space,True,explore
False,0.6,19,3,1,0.1581657602503724,,,,,False,0.602150537634409,drag_drop,True,explore,errorless,False,explore,ocean,False,explore
,,20,3,1,,0.10930501786121295,0.1581657602503724,break,False,True,,,,,,,,,,
False,0.6,21,3,1,0.09067746721881444,,,,,False,0.6020408163265311,tap,False,explore,try_then_correct,True,explore,dino,False,explore
False,0.8,22,3,1,0.021479947109276476,,,,,False,0.6116504854368936,tap,False,explore,try_then_correct,True,explore,ocean,False,explore
False,0.4,23,3,2,0.18458838736747302,,,,,False,0.6018518518518522,tap,False,explore,try_then_correct,True,explore,ocean,False,explore
False,0.4,24,3,1,0.23694379520518577,,,,,False,0.5929203539823013,drag_drop,True,explore,errorless,False,explore,cars,False,explore
,,25,3,1,,0.1637468547301813,0.23694379520518577,modality_switch,False,True,,,,,,,,,,
False,0.6,26,3,1,0.21070231480451057,,,,,False,0.5932203389830512,tap,False,explore,try_then_correct,True,explore,dino,False,explore
False,1.0,27,3,1,0.0,,,,,False,0.6097560975609759,drag_drop,True,explore,try_then_correct,True,explore,dino,False,explore
False,0.4,28,3,2,0.16310844025819657,,,,,False,0.6015625000000003,tap,False,explore,try_then_correct,True,explore,space,True,explore
,,29,3,1,,0.11272079966937587,0.16310844025819657,modality_switch,False,True,,,,,,,,,,
False,0.6,30,3,1,0.09204377994207964,,,,,False,0.6015037593984965,drag_drop,True,explore,errorless,False,explore,ocean,False,explore
False,0.8,31,3,1,0.0,,,,,False,0.6086956521739133,drag_drop,True,explore,try_then_correct,True,explore,ocean,False,explore
False,0.8,32,3,2,0.10379628016430692,,,,,False,0.6153846153846156,tap,False,explore,errorless,False,explore,dino,False,explore
False,1.0,33,3,2,0.0,,,,,False,0.6283783783783785,drag_drop,True,explore,try_then_correct,True,explore,space,True,explore
True,0.0,34,3,3,0.21747792034426208,,,,,False,0.6118421052631581,drag_drop,True,explore,try_then_correct,True,explore,dino,False,explore
False,0.4,35,3,2,0.1759594082785393,,,,,False,0.6050955414012741,drag_drop,True,explore,try_then_correct,True,explore,ocean,False,explore
False,0.8,36,3,1,0.08204848812988064,,,,,False,0.6111111111111112,tap,False,explore,try_then_correct,True,explore,space,True,explore
False,0.6,37,3,2,0.03015034804772719,,,,,False,0.6107784431137725,drag_drop,True,explore,try_then_correct,True,explore,space,True,explore
False,0.6,38,3,2,0.12109566019169136,,,,,False,0.6104651162790699,tap,False,explore,try_then_correct,True,explore,ocean,False,explore
False,0.8,39,3,2,0.02965608004694483,,,,,False,0.6158192090395479,drag_drop,True,explore,try_then_correct,True,explore,space,True,explore
False,0.4,0,4,1,0.2686701143927474,,,,,False,0.4444444444444444,drag_drop,False,explore,errorless,False,explore,dino,False,explore
False,0.8,1,4,1,0.19030799769486267,,,,,False,0.5714285714285714,drag_drop,False,explore,try_then_correct,True,explore,space,False,explore
True,0.3333333333333333,2,4,2,0.32744170191616084,,,,,False,0.5294117647058824,drag_drop,False,explore,try_then_correct,True,explore,cars,False,explore
False,0.4,3,4,1,0.3996467951592118,,,,,False,0.5,drag_drop,False,explore,errorless,False,explore,space,False,explore
False,0.8,4,4,1,0.265311737962838,,,,,False,0.5555555555555556,tap,True,explore,try_then_correct,True,explore,ocean,True,explore
False,0.6,5,4,2,0.26251309093791353,,,,,False,0.5625,drag_drop,False,explore,try_then_correct,True,explore,ocean,True,explore
False,1.0,6,4,2,0.0,,,,,False,0.6216216216216216,tap,True,explore,try_then_correct,True,explore,ocean,True,explore
False,0.8,7,4,3,0.0,,,,,False,0.6428571428571429,tap,True,explore,try_then_correct,True,explore,ocean,True,explore
False,0.8,8,4,3,0.0,,,,,False,0.6595744680851066,tap,True,explore,try_then_correct,True,explore,ocean,True,explore
False,0.8,9,4,3,0.019590529174471162,,,,,False,0.6730769230769232,tap,True,explore,try_then_correct,True,explore,dino,False,explore
False,1.0,10,4,3,0.0,,,,,False,0.7017543859649124,tap,True,explore,try_then_correct,True,explore,ocean,True,explore
False,1.0,11,4,3,0.0,,,,,False,0.7258064516129034,tap,True,explore,try_then_correct,True,explore,ocean,True,explore
False,1.0,12,4,3,0.0,,,,,False,0.7462686567164181,tap,True,exploit,try_then_correct,True,explore,space,False,explore
False,1.0,13,4,3,0.0,,,,,False,0.763888888888889,tap,True,exploit,try_then_correct,True,exploit,ocean,True,explore
False,1.0,14,4,3,0.0,,,,,False,0.7792207792207793,tap,True,exploit,try_then_correct,True,exploit,ocean,True,explore
False,1.0,15,4,3,0.0,,,,,False,0.7926829268292683,tap,True,exploit,try_then_correct,True,exploit,ocean,True,explore
False,1.0,16,4,3,0.0,,,,,False,0.8045977011494253,tap,True,exploit,try_then_correct,True,exploit,ocean,True,explore
False,1.0,17,4,3,0.0,,,,,False,0.8152173913043478,tap,True,exploit,try_then_correct,True,exploit,space,False,explore
False,1.0,18,4,3,0.0,,,,,False,0.8247422680412371,tap,True,exploit,try_then_correct,True,exploit,ocean,True,explore
False,1.0,19,4,3,0.0,,,,,False,0.8333333333333334,tap,True,exploit,try_then_correct,True,exploit,ocean,True,explore
False,1.0,20,4,3,0.0,,,,,False,0.8411214953271028,tap,True,exploit,try_then_correct,True,exploit,ocean,True,explore
False,1.0,21,4,3,0.0,,,,,False,0.8482142857142857,tap,True,exploit,try_then_correct,True,exploit,dino,False,explore
False,1.0,22,4,3,0.0,,,,,False,0.8547008547008547,tap,True,exploit,try_then_correct,True,exploit,space,False,explore
False,1.0,23,4,3,0.0,,,,,False,0.860655737704918,tap,True,exploit,try_then_correct,True,exploit,ocean,True,explore
False,1.0,24,4,3,0.0,,,,,False,0.8661417322834646,tap,True,exploit,try_then_correct,True,exploit,ocean,True,explore
False,1.0,25,4,3,0.0,,,,,False,0.8712121212121212,tap,True,exploit,try_then_correct,True,exploit,ocean,True,explore
False,0.8,26,4,3,0.0,,,,,False,0.8686131386861313,tap,True,exploit,try_then_correct,True,exploit,ocean,True,explore
False,1.0,27,4,3,0.0,,,,,False,0.8732394366197183,tap,True,exploit,try_then_correct,True,exploit,ocean,True,explore
False,0.8,28,4,3,0.03358376429909343,,,,,False,0.8707482993197279,tap,True,exploit,try_then_correct,True,exploit,ocean,True,explore
False,1.0,29,4,3,0.0,,,,,False,0.875,tap,True,exploit,try_then_correct,True,exploit,ocean,True,explore
False,1.0,30,4,3,0.0,,,,,False,0.8789808917197452,tap,True,exploit,try_then_correct,True,exploit,ocean,True,explore
False,1.0,31,4,3,0.0,,,,,False,0.8827160493827161,tap,True,exploit,try_then_correct,True,exploit,ocean,True,explore
False,0.8,32,4,3,0.0,,,,,False,0.8802395209580839,tap,True,exploit,try_then_correct,True,exploit,ocean,True,explore
False,1.0,33,4,3,0.0,,,,,False,0.8837209302325582,tap,True,exploit,try_then_correct,True,exploit,ocean,True,explore
False,1.0,34,4,3,0.0,,,,,False,0.8870056497175142,tap,True,exploit,try_then_correct,True,exploit,ocean,True,explore
False,1.0,35,4,3,0.0,,,,,False,0.8901098901098901,tap,True,exploit,try_then_correct,True,exploit,ocean,True,explore
False,1.0,36,4,3,0.0,,,,,False,0.893048128342246,tap,True,exploit,try_then_correct,True,exploit,ocean,True,explore
False,0.6,37,4,3,0.0,,,,,False,0.8854166666666666,tap,True,exploit,try_then_correct,True,exploit,ocean,True,explore
False,1.0,38,4,3,0.0,,,,,False,0.8883248730964467,tap,True,explore,try_then_correct,True,explore,ocean,True,explore
False,1.0,39,4,3,0.0,,,,,False,0.8910891089108911,tap,True,exploit,try_then_correct,True,exploit,ocean,True,explore
False,0.6,0,5,1,0.0714880632668388,,,,,False,0.5555555555555556,drag_drop,True,explore,try_then_correct,True,explore,dino,False,explore
False,1.0,1,5,1,0.0,,,,,False,0.7142857142857143,drag_drop,True,explore,try_then_correct,True,explore,dino,False,explore
False,0.8,2,5,2,0.0,,,,,False,0.7368421052631579,drag_drop,True,explore,errorless,False,explore,space,True,explore
False,1.0,3,5,3,0.0,,,,,False,0.7916666666666666,drag_drop,True,explore,try_then_correct,True,explore,cars,False,explore
False,1.0,4,5,3,0.0,,,,,False,0.8275862068965517,drag_drop,True,explore,try_then_correct,True,explore,cars,False,explore
False,1.0,5,5,3,0.0,,,,,False,0.8529411764705882,drag_drop,True,explore,try_then_correct,True,explore,cars,False,explore
False,1.0,6,5,3,0.0,,,,,False,0.8717948717948718,drag_drop,True,explore,try_then_correct,True,explore,cars,False,explore
False,1.0,7,5,3,0.0,,,,,False,0.8863636363636364,drag_drop,True,explore,try_then_correct,True,explore,cars,False,explore
False,0.8,8,5,3,0.0714880632668388,,,,,False,0.8775510204081632,drag_drop,True,explore,try_then_correct,True,explore,dino,False,explore
False,1.0,9,5,3,0.0,,,,,False,0.8888888888888888,drag_drop,True,explore,try_then_correct,True,explore,dino,False,explore
False,1.0,10,5,3,0.0,,,,,False,0.8983050847457628,drag_drop,True,explore,try_then_correct,True,explore,cars,False,explore
False,1.0,11,5,3,0.0,,,,,False,0.90625,drag_drop,True,explore,try_then_correct,True,explore,cars,False,explore
False,1.0,12,5,3,0.0,,,,,False,0.9130434782608695,drag_drop,True,explore,try_then_correct,True,explore,cars,False,explore
False,0.8,13,5,3,0.10398263747903827,,,,,False,0.9054054054054053,drag_drop,True,explore,errorless,False,explore,cars,False,explore
False,1.0,14,5,3,0.0,,,,,False,0.911392405063291,drag_drop,True,explore,try_then_correct,True,explore,cars,False,explore
False,1.0,15,5,3,0.0,,,,,False,0.9166666666666665,drag_drop,True,explore,try_then_correct,True,explore,cars,False,explore
False,1.0,16,5,3,0.0,,,,,False,0.9213483146067414,drag_drop,True,explore,try_then_correct,True,explore,cars,False,explore
False,1.0,17,5,3,0.0,,,,,False,0.9255319148936169,drag_drop,True,explore,try_then_correct,True,explore,cars,False,explore
False,1.0,18,5,3,0.0,,,,,False,0.9292929292929292,drag_drop,True,explore,try_then_correct,True,explore,cars,False,explore
False,1.0,19,5,3,0.0,,,,,False,0.9326923076923076,drag_drop,True,explore,try_then_correct,True,explore,cars,False,explore
False,1.0,20,5,3,0.0,,,,,False,0.9357798165137613,drag_drop,True,explore,try_then_correct,True,explore,cars,False,explore
False,1.0,21,5,3,0.0,,,,,False,0.9385964912280701,drag_drop,True,explore,try_then_correct,True,explore,dino,False,explore
False,1.0,22,5,3,0.0,,,,,False,0.9411764705882352,drag_drop,True,explore,try_then_correct,True,explore,cars,False,exploit
False,1.0,23,5,3,0.0,,,,,False,0.9435483870967741,drag_drop,True,explore,try_then_correct,True,explore,cars,False,exploit
False,1.0,24,5,3,0.0,,,,,False,0.945736434108527,drag_drop,True,explore,try_then_correct,True,explore,cars,False,exploit
False,1.0,25,5,3,0.0,,,,,False,0.9477611940298507,drag_drop,True,explore,try_then_correct,True,explore,cars,False,exploit
False,0.8,26,5,3,0.0,,,,,False,0.9424460431654677,drag_drop,True,explore,try_then_correct,True,explore,cars,False,exploit
False,1.0,27,5,3,0.0,,,,,False,0.9444444444444444,drag_drop,True,explore,try_then_correct,True,explore,cars,False,exploit
False,1.0,28,5,3,0.0,,,,,False,0.9463087248322147,drag_drop,True,explore,try_then_correct,True,explore,cars,False,exploit
False,0.8,29,5,3,0.0,,,,,False,0.9415584415584416,drag_drop,True,explore,try_then_correct,True,explore,cars,False,exploit
False,1.0,30,5,3,0.0,,,,,False,0.9433962264150944,drag_drop,True,explore,try_then_correct,True,explore,cars,False,exploit
False,1.0,31,5,3,0.0,,,,,False,0.9451219512195121,drag_drop,True,explore,try_then_correct,True,explore,cars,False,exploit
False,1.0,32,5,3,0.0,,,,,False,0.9467455621301775,drag_drop,True,explore,try_then_correct,True,explore,cars,False,exploit
False,1.0,33,5,3,0.0,,,,,False,0.9482758620689655,drag_drop,True,explore,try_then_correct,True,explore,cars,False,exploit
False,0.6,34,5,3,0.04549240389707923,,,,,False,0.9385474860335196,drag_drop,True,explore,try_then_correct,True,explore,cars,False,exploit
False,1.0,35,5,3,0.0,,,,,False,0.9402173913043478,drag_drop,True,explore,try_then_correct,True,explore,cars,False,explore
False,1.0,36,5,3,0.0,,,,,False,0.9417989417989417,drag_drop,True,explore,try_then_correct,True,explore,cars,False,explore
False,1.0,37,5,3,0.0,,,,,False,0.9432989690721649,drag_drop,True,explore,try_then_correct,True,explore,cars,False,explore
False,1.0,38,5,3,0.0,,,,,False,0.9447236180904522,drag_drop,True,explore,try_then_correct,True,explore,cars,False,exploit
False,1.0,39,5,3,0.0,,,,,False,0.946078431372549,drag_drop,True,explore,try_then_correct,True,explore,cars,False,exploit
False,0.4,0,6,1,0.2980050052175254,,,,,False,0.4444444444444444,drag_drop,False,explore,try_then_correct,True,explore,ocean,False,explore
False,1.0,1,6,1,0.0,,,,,False,0.6428571428571429,tap,True,explore,try_then_correct,True,explore,ocean,False,explore
False,1.0,2,6,2,0.0,,,,,False,0.7368421052631579,tap,True,explore,try_then_correct,True,explore,cars,True,explore
False,1.0,3,6,3,0.0,,,,,False,0.7916666666666666,tap,True,explore,try_then_correct,True,explore,dino,False,explore
False,0.6,4,6,3,0.28897455051396403,,,,,False,0.7586206896551724,tap,True,exploit,errorless,False,explore,dino,False,explore
,,5,6,1,,0.07972688112200174,0.28897455051396403,break,True,True,,,,,,,,,,
False,1.0,6,6,3,0.0,,,,,False,0.7941176470588235,tap,True,explore,try_then_correct,True,explore,ocean,False,explore
False,1.0,7,6,3,0.0,,,,,False,0.8205128205128205,tap,True,explore,try_then_correct,True,explore,space,False,explore
False,1.0,8,6,3,0.0,,,,,False,0.8409090909090909,tap,True,exploit,try_then_correct,True,explore,dino,False,explore
False,1.0,9,6,3,0.0,,,,,False,0.8571428571428571,tap,True,exploit,try_then_correct,True,explore,ocean,False,explore
False,1.0,10,6,3,0.0,,,,,False,0.8703703703703703,tap,True,exploit,try_then_correct,True,explore,cars,True,explore
False,0.8,11,6,3,0.0,,,,,False,0.864406779661017,tap,True,exploit,try_then_correct,True,explore,cars,True,explore
False,1.0,12,6,3,0.0,,,,,False,0.875,tap,True,exploit,try_then_correct,True,explore,cars,True,explore
False,1.0,13,6,3,0.0,,,,,False,0.8840579710144928,tap,True,exploit,try_then_correct,True,explore,space,False,explore
False,1.0,14,6,3,0.0,,,,,False,0.8918918918918919,tap,True,exploit,try_then_correct,True,explore,space,False,explore
False,1.0,15,6,3,0.0,,,,,False,0.8987341772151899,tap,True,exploit,try_then_correct,True,explore,cars,True,explore
False,1.0,16,6,3,0.0,,,,,False,0.9047619047619048,tap,True,exploit,try_then_correct,True,explore,space,False,explore
False,1.0,17,6,3,0.0,,,,,False,0.9101123595505618,tap,True,exploit,try_then_correct,True,exploit,space,False,explore
False,1.0,18,6,3,0.0,,,,,False,0.9148936170212766,tap,True,exploit,try_then_correct,True,exploit,cars,True,explore
False,1.0,19,6,3,0.0,,,,,False,0.9191919191919192,tap,True,exploit,try_then_correct,True,exploit,space,False,explore
False,1.0,20,6,3,0.0,,,,,False,0.9230769230769231,tap,True,exploit,try_then_correct,True,exploit,space,False,explore
False,1.0,21,6,3,0.0,,,,,False,0.926605504587156,tap,True,exploit,try_then_correct,True,exploit,ocean,False,explore
False,1.0,22,6,3,0.0,,,,,False,0.9298245614035088,tap,True,exploit,try_then_correct,True,exploit,space,False,explore
False,0.8,23,6,3,0.0,,,,,False,0.9243697478991597,tap,True,exploit,try_then_correct,True,exploit,space,False,explore
False,1.0,24,6,3,0.0,,,,,False,0.9274193548387096,tap,True,exploit,try_then_correct,True,exploit,space,False,explore
False,1.0,25,6,3,0.0,,,,,False,0.9302325581395349,tap,True,exploit,try_then_correct,True,exploit,space,False,explore
False,0.8,26,6,3,0.03160659146246482,,,,,False,0.9253731343283582,tap,True,exploit,try_then_correct,True,exploit,space,False,explore
False,0.8,27,6,3,0.0,,,,,False,0.920863309352518,tap,True,exploit,try_then_correct,True,exploit,space,False,explore
False,1.0,28,6,3,0.0,,,,,False,0.9236111111111112,tap,True,exploit,try_then_correct,True,exploit,cars,True,explore
False,0.8,29,6,3,0.0,,,,,False,0.9194630872483222,tap,True,exploit,try_then_correct,True,exploit,cars,True,explore
False,1.0,30,6,3,0.0,,,,,False,0.922077922077922,tap,True,exploit,try_then_correct,True,exploit,space,False,explore
False,1.0,31,6,3,0.0,,,,,False,0.9245283018867925,tap,True,exploit,try_then_correct,True,exploit,space,False,explore
False,0.8,32,6,3,0.0,,,,,False,0.9207317073170732,tap,True,exploit,try_then_correct,True,exploit,cars,True,explore
False,1.0,33,6,3,0.0,,,,,False,0.9230769230769231,tap,True,exploit,try_then_correct,True,exploit,dino,False,explore
False,0.8,34,6,3,0.09933500173917514,,,,,False,0.9195402298850575,tap,True,exploit,try_then_correct,True,exploit,ocean,False,explore
False,1.0,35,6,3,0.0,,,,,False,0.9217877094972067,tap,True,exploit,try_then_correct,True,exploit,space,False,explore
False,1.0,36,6,3,0.0,,,,,False,0.9239130434782609,tap,True,exploit,try_then_correct,True,exploit,cars,True,explore
False,1.0,37,6,3,0.0,,,,,False,0.9259259259259259,tap,True,exploit,try_then_correct,True,exploit,cars,True,explore
False,0.8,38,6,3,0.0,,,,,False,0.9226804123711341,tap,True,exploit,try_then_correct,True,exploit,cars,True,explore
False,1.0,39,6,3,0.0,,,,,False,0.9246231155778895,tap,True,exploit,try_then_correct,True,exploit,space,False,explore
False,0.4,0,7,1,0.6322971107400155,,,,,False,0.4444444444444444,tap,False,explore,errorless,False,explore,ocean,False,explore
,,1,7,1,,0.5274104478660574,0.6322971107400155,mini_game,False,True,,,,,,,,,,
False,0.4,2,7,1,0.9033708920898502,,,,,False,0.42857142857142855,tap,False,explore,try_then_correct,True,explore,ocean,False,explore
False,0.6,3,7,1,0.35565198646891305,,,,,False,0.47368421052631576,drag_drop,True,explore,errorless,False,explore,space,True,explore
True,0.0,4,7,1,1.0,,,,,False,0.391304347826087,drag_drop,True,explore,errorless,False,explore,dino,False,explore
False,0.4,5,7,1,0.605069333212978,,,,,False,0.39285714285714285,tap,False,explore,try_then_correct,True,explore,space,True,explore
False,0.6,6,7,1,0.5993729628459509,,,,,False,0.42424242424242425,tap,False,explore,try_then_correct,True,explore,space,True,explore
,,7,7,1,,0.49994782105428187,0.5993729628459509,mini_game,False,True,,,,,,,,,,
False,1.0,8,7,1,0.0,,,,,False,0.5,drag_drop,True,explore,try_then_correct,True,explore,ocean,False,explore
True,0.75,9,7,1,0.12532014807459765,,,,,False,0.5238095238095238,tap,False,explore,try_then_correct,True,explore,space,True,explore
False,0.8,10,7,1,0.0,,,,,False,0.5531914893617019,drag_drop,True,explore,try_then_correct,True,explore,ocean,False,explore
False,1.0,11,7,2,0.0,,,,,False,0.5961538461538459,drag_drop,True,explore,try_then_correct,True,explore,ocean,False,explore
False,0.6,12,7,3,0.039874592569190154,,,,,False,0.5964912280701752,drag_drop,True,explore,try_then_correct,True,explore,cars,False,explore
False,0.8,13,7,3,0.0,,,,,False,0.6129032258064514,drag_drop,True,explore,try_then_correct,True,explore,space,True,explore
False,0.6,14,7,3,0.07974918513838031,,,,,False,0.6119402985074625,drag_drop,True,explore,try_then_correct,True,explore,ocean,False,explore
False,0.8,15,7,3,0.039874592569190154,,,,,False,0.6249999999999998,drag_drop,True,explore,try_then_correct,True,explore,ocean,False,explore
False,0.6,16,7,3,0.0,,,,,False,0.6233766233766231,drag_drop,True,explore,try_then_correct,True,explore,space,True,explore
False,0.6,17,7,3,0.0,,,,,False,0.6219512195121949,drag_drop,True,explore,try_then_correct,True,explore,space,True,explore
False,1.0,18,7,3,0.0,,,,,False,0.6436781609195401,drag_drop,True,explore,try_then_correct,True,explore,space,True,explore
False,1.0,19,7,3,0.0,,,,,False,0.6630434782608694,drag_drop,True,explore,try_then_correct,True,explore,ocean,False,explore
False,1.0,20,7,3,0.0,,,,,False,0.6804123711340203,drag_drop,True,explore,try_then_correct,True,exploit,ocean,False,explore
False,0.6,21,7,3,0.05126733330324448,,,,,False,0.6764705882352938,drag_drop,True,explore,try_then_correct,True,exploit,space,True,explore
False,0.6,22,7,3,0.2506402961491953,,,,,False,0.672897196261682,drag_drop,True,explore,try_then_correct,True,exploit,cars,False,explore
,,23,7,1,,0.09357705834429547,0.2506402961491953,interest_injection,True,True,,,,,,,,,,
False,0.8,24,7,3,0.12532014807459765,,,,,False,0.6785714285714283,drag_drop,True,explore,try_then_correct,True,exploit,cars,False,explore
False,0.6,25,7,3,0.1651947406437878,,,,,False,0.6752136752136749,drag_drop,True,explore,try_then_correct,True,exploit,cars,False,explore
True,0.25,26,7,3,0.4557096293621733,,,,,False,0.6611570247933882,drag_drop,True,explore,try_then_correct,True,exploit,cars,False,explore
False,1.0,27,7,2,0.0,,,,,False,0.6746031746031744,drag_drop,True,explore,try_then_correct,True,explore,ocean,False,explore
False,0.4,28,7,2,0.2905148887183855,,,,,False,0.6641221374045799,drag_drop,True,explore,try_then_correct,True,exploit,ocean,False,explore
False,1.0,29,7,1,0.0,,,,,False,0.6764705882352939,drag_drop,True,explore,try_then_correct,True,explore,ocean,False,explore
False,1.0,30,7,2,0.0,,,,,False,0.6879432624113473,drag_drop,True,explore,try_then_correct,True,exploit,space,True,explore
False,1.0,31,7,3,0.0,,,,,False,0.6986301369863009,drag_drop,True,explore,try_then_correct,True,exploit,space,True,explore
False,0.8,32,7,3,0.0,,,,,False,0.701986754966887,drag_drop,True,explore,try_then_correct,True,exploit,ocean,False,explore
False,1.0,33,7,3,0.0,,,,,False,0.7115384615384611,drag_drop,True,explore,try_then_correct,True,exploit,space,True,explore
False,1.0,34,7,3,0.0,,,,,False,0.7204968944099374,drag_drop,True,explore,try_then_correct,True,exploit,space,True,explore
False,1.0,35,7,3,0.0,,,,,False,0.728915662650602,drag_drop,True,exploit,try_then_correct,True,exploit,space,True,explore
False,0.6,36,7,3,0.12532014807459765,,,,,False,0.725146198830409,drag_drop,True,exploit,try_then_correct,True,exploit,ocean,False,explore
False,0.6,37,7,3,0.005696370367027151,,,,,False,0.7215909090909087,drag_drop,True,exploit,try_then_correct,True,exploit,space,True,explore
False,1.0,38,7,3,0.0,,,,,False,0.7292817679558008,drag_drop,True,exploit,try_then_correct,True,exploit,space,True,explore
False,0.6,39,7,3,0.1651947406437878,,,,,False,0.7258064516129029,drag_drop,True,exploit,try_then_correct,True,exploit,ocean,False,explore
False,1.0,0,8,1,0.0,,,,,False,0.7777777777777778,tap,False,explore,try_then_correct,True,explore,ocean,True,explore
False,1.0,1,8,2,0.0,,,,,False,0.8571428571428571,tap,False,explore,try_then_correct,True,explore,ocean,True,explore
False,0.8,2,8,3,0.025112398785680813,,,,,False,0.8421052631578947,tap,False,explore,try_then_correct,True,explore,ocean,True,explore
False,1.0,3,8,3,0.0,,,,,False,0.875,tap,False,explore,try_then_correct,True,explore,ocean,True,explore
False,1.0,4,8,3,0.0,,,,,False,0.896551724137931,tap,False,explore,try_then_correct,True,explore,ocean,True,explore
False,1.0,5,8,3,0.0,,,,,False,0.9117647058823529,tap,False,explore,try_then_correct,True,explore,ocean,True,explore
False,1.0,6,8,3,0.0,,,,,False,0.9230769230769231,tap,False,explore,try_then_correct,True,explore,ocean,True,explore
False,1.0,7,8,3,0.0,,,,,False,0.9318181818181818,tap,False,explore,try_then_correct,True,explore,ocean,True,explore
False,1.0,8,8,3,0.0,,,,,False,0.9387755102040817,tap,False,explore,try_then_correct,True,explore,ocean,True,explore
False,1.0,9,8,3,0.0,,,,,False,0.9444444444444444,tap,False,explore,try_then_correct,True,explore,ocean,True,explore
False,1.0,10,8,3,0.0,,,,,False,0.9491525423728814,tap,False,explore,try_then_correct,True,explore,ocean,True,explore
False,1.0,11,8,3,0.0,,,,,False,0.953125,tap,False,explore,try_then_correct,True,explore,dino,False,explore
False,1.0,12,8,3,0.0,,,,,False,0.9565217391304348,tap,False,explore,try_then_correct,True,explore,ocean,True,explore
False,0.8,13,8,3,0.0,,,,,False,0.9459459459459459,tap,False,explore,try_then_correct,True,explore,ocean,True,explore
False,1.0,14,8,3,0.0,,,,,False,0.9493670886075949,tap,False,explore,try_then_correct,True,explore,ocean,True,explore
False,1.0,15,8,3,0.0,,,,,False,0.9523809523809523,tap,False,explore,try_then_correct,True,explore,ocean,True,explore
False,1.0,16,8,3,0.0,,,,,False,0.9550561797752809,tap,False,explore,try_then_correct,True,explore,ocean,True,explore
False,1.0,17,8,3,0.0,,,,,False,0.9574468085106383,tap,False,explore,try_then_correct,True,explore,ocean,True,explore
False,1.0,18,8,3,0.0,,,,,False,0.9595959595959596,tap,False,explore,try_then_correct,True,explore,ocean,True,explore
False,1.0,19,8,3,0.0,,,,,False,0.9615384615384616,tap,False,explore,try_then_correct,True,explore,ocean,True,explore
False,1.0,20,8,3,0.0,,,,,False,0.963302752293578,tap,False,explore,try_then_correct,True,explore,ocean,True,explore
False,1.0,21,8,3,0.0,,,,,False,0.9649122807017544,tap,False,explore,try_then_correct,True,explore,ocean,True,explore
False,1.0,22,8,3,0.0,,,,,False,0.9663865546218487,tap,False,explore,try_then_correct,True,explore,ocean,True,explore
False,1.0,23,8,3,0.0,,,,,False,0.967741935483871,tap,False,explore,try_then_correct,True,explore,ocean,True,explore
False,1.0,24,8,3,0.0,,,,,False,0.9689922480620154,tap,False,explore,try_then_correct,True,explore,ocean,True,explore
False,1.0,25,8,3,0.0,,,,,False,0.9701492537313433,tap,False,exploit,try_then_correct,True,exploit,ocean,True,explore
False,1.0,26,8,3,0.0,,,,,False,0.9712230215827338,tap,False,exploit,try_then_correct,True,exploit,ocean,True,explore
False,1.0,27,8,3,0.0,,,,,False,0.9722222222222222,tap,False,exploit,try_then_correct,True,exploit,ocean,True,explore
False,1.0,28,8,3,0.0,,,,,False,0.9731543624161074,tap,False,exploit,try_then_correct,True,exploit,ocean,True,explore
False,1.0,29,8,3,0.0,,,,,False,0.974025974025974,tap,False,exploit,try_then_correct,True,exploit,ocean,True,explore
False,1.0,30,8,3,0.0,,,,,False,0.9748427672955975,tap,False,exploit,try_then_correct,True,exploit,ocean,True,explore
False,1.0,31,8,3,0.0,,,,,False,0.975609756097561,tap,False,exploit,try_then_correct,True,exploit,ocean,True,explore
False,1.0,32,8,3,0.0,,,,,False,0.9763313609467456,tap,False,exploit,try_then_correct,True,exploit,ocean,True,explore
False,1.0,33,8,3,0.0,,,,,False,0.9770114942528736,tap,False,exploit,try_then_correct,True,exploit,ocean,True,explore
False,1.0,34,8,3,0.0,,,,,False,0.9776536312849162,tap,False,exploit,try_then_correct,True,exploit,ocean,True,explore
False,0.8,35,8,3,0.025112398785680813,,,,,False,0.9728260869565217,tap,False,exploit,try_then_correct,True,exploit,ocean,True,explore
False,0.8,36,8,3,0.0,,,,,False,0.9682539682539683,tap,False,exploit,try_then_correct,True,exploit,ocean,True,explore
False,1.0,37,8,3,0.0,,,,,False,0.9690721649484536,tap,False,exploit,try_then_correct,True,exploit,ocean,True,explore
False,1.0,38,8,3,0.0,,,,,False,0.9698492462311558,tap,False,exploit,try_then_correct,True,exploit,ocean,True,explore
False,1.0,39,8,3,0.0,,,,,False,0.9705882352941176,tap,False,exploit,try_then_correct,True,exploit,ocean,True,explore
False,1.0,0,9,1,0.0,,,,,False,0.7777777777777778,drag_drop,True,explore,errorless,True,explore,dino,False,explore
False,1.0,1,9,2,0.0,,,,,False,0.8571428571428571,drag_drop,True,explore,errorless,True,explore,space,True,explore
False,0.8,2,9,3,0.03890868613578828,,,,,False,0.8421052631578947,drag_drop,True,explore,errorless,True,explore,dino,False,explore
False,1.0,3,9,3,0.0,,,,,False,0.875,drag_drop,True,explore,errorless,True,explore,dino,False,explore
False,1.0,4,9,3,0.0,,,,,False,0.896551724137931,drag_drop,True,explore,errorless,True,explore,dino,False,explore
False,1.0,5,9,3,0.0,,,,,False,0.9117647058823529,drag_drop,True,explore,errorless,True,explore,space,True,explore
False,0.8,6,9,3,0.0,,,,,False,0.8974358974358975,drag_drop,True,explore,errorless,True,explore,space,True,explore
False,1.0,7,9,3,0.0,,,,,False,0.9090909090909091,drag_drop,True,explore,errorless,True,explore,dino,False,explore
False,1.0,8,9,3,0.0,,,,,False,0.9183673469387755,drag_drop,True,explore,errorless,True,explore,dino,False,explore
False,1.0,9,9,3,0.0,,,,,False,0.9259259259259259,drag_drop,True,explore,errorless,True,explore,dino,False,explore
False,1.0,10,9,3,0.0,,,,,False,0.9322033898305084,drag_drop,True,explore,errorless,True,explore,space,True,explore
False,1.0,11,9,3,0.0,,,,,False,0.9375,drag_drop,True,explore,errorless,True,explore,space,True,explore
False,1.0,12,9,3,0.0,,,,,False,0.9420289855072463,drag_drop,True,explore,errorless,True,explore,space,True,explore
False,1.0,13,9,3,0.0,,,,,False,0.9459459459459459,drag_drop,True,explore,errorless,True,explore,space,True,explore
False,1.0,14,9,3,0.0,,,,,False,0.9493670886075949,drag_drop,True,explore,errorless,True,explore,space,True,explore
False,1.0,15,9,3,0.0,,,,,False,0.9523809523809523,drag_drop,True,explore,errorless,True,explore,space,True,explore
False,0.8,16,9,3,0.06670060480420847,,,,,False,0.9438202247191011,drag_drop,True,explore,errorless,True,explore,space,True,explore
False,1.0,17,9,3,0.0,,,,,False,0.9468085106382979,drag_drop,True,explore,errorless,True,explore,cars,False,explore
False,1.0,18,9,3,0.0,,,,,False,0.9494949494949495,drag_drop,True,explore,errorless,True,explore,space,True,explore
False,1.0,19,9,3,0.0,,,,,False,0.9519230769230769,drag_drop,True,explore,errorless,True,explore,dino,False,explore
False,1.0,20,9,3,0.0,,,,,False,0.9541284403669725,drag_drop,True,explore,errorless,True,explore,space,True,explore
False,1.0,21,9,3,0.0,,,,,False,0.956140350877193,drag_drop,True,explore,errorless,True,explore,dino,False,explore
False,1.0,22,9,3,0.0,,,,,False,0.957983193277311,drag_drop,True,explore,errorless,True,explore,space,True,explore
False,1.0,23,9,3,0.0,,,,,False,0.9596774193548387,drag_drop,True,explore,errorless,True,explore,space,True,explore
False,1.0,24,9,3,0.0,,,,,False,0.9612403100775194,drag_drop,True,explore,errorless,True,explore,space,True,explore
False,0.8,25,9,3,0.06670060480420847,,,,,False,0.9552238805970149,drag_drop,True,explore,errorless,True,explore,space,True,explore
False,1.0,26,9,3,0.0,,,,,False,0.9568345323741008,drag_drop,True,explore,errorless,True,explore,space,True,explore
False,1.0,27,9,3,0.0,,,,,False,0.9583333333333334,drag_drop,True,explore,errorless,True,explore,dino,False,explore
False,1.0,28,9,3,0.0,,,,,False,0.959731543624161,drag_drop,True,explore,errorless,True,explore,dino,False,explore
False,1.0,29,9,3,0.0,,,,,False,0.961038961038961,drag_drop,True,explore,errorless,True,explore,space,True,explore
False,1.0,30,9,3,0.0,,,,,False,0.9622641509433962,drag_drop,True,explore,errorless,True,explore,space,True,explore
False,1.0,31,9,3,0.0,,,,,False,0.9634146341463414,drag_drop,True,explore,errorless,True,explore,dino,False,explore
False,1.0,32,9,3,0.0,,,,,False,0.9644970414201184,drag_drop,True,explore,errorless,True,explore,dino,False,explore
False,1.0,33,9,3,0.0,,,,,False,0.9655172413793104,drag_drop,True,explore,errorless,True,explore,dino,False,explore
False,1.0,34,9,3,0.0,,,,,False,0.9664804469273743,drag_drop,True,exploit,errorless,True,exploit,dino,False,explore
False,1.0,35,9,3,0.0,,,,,False,0.967391304347826,drag_drop,True,exploit,errorless,True,exploit,dino,False,explore
False,1.0,36,9,3,0.0,,,,,False,0.9682539682539683,drag_drop,True,exploit,errorless,True,exploit,dino,False,explore
False,1.0,37,9,3,0.0,,,,,False,0.9690721649484536,drag_drop,True,exploit,errorless,True,exploit,dino,False,explore
False,1.0,38,9,3,0.0,,,,,False,0.9698492462311558,drag_drop,True,exploit,errorless,True,exploit,dino,False,explore
False,1.0,39,9,3,0.0,,,,,False,0.9705882352941176,drag_drop,True,exploit,errorless,True,exploit,dino,False,explore
False,0.4,0,10,1,0.3936324963589731,,,,,False,0.4444444444444444,tap,False,explore,try_then_correct,False,explore,ocean,False,explore
,,1,10,1,,0.3268372885239285,0.3936324963589731,modality_switch,False,True,,,,,,,,,,
False,1.0,2,10,1,0.09253223116739695,,,,,False,0.6428571428571429,drag_drop,True,explore,errorless,True,explore,cars,True,explore
False,1.0,3,10,2,0.0,,,,,False,0.7368421052631579,drag_drop,True,explore,errorless,True,explore,space,False,explore
False,0.8,4,10,3,0.0,,,,,False,0.75,drag_drop,True,explore,errorless,True,explore,cars,True,explore
False,1.0,5,10,3,0.0,,,,,False,0.7931034482758621,drag_drop,True,explore,errorless,True,explore,space,False,explore
False,1.0,6,10,3,0.0,,,,,False,0.8235294117647058,drag_drop,True,explore,errorless,True,explore,space,False,explore
False,0.8,7,10,3,0.0,,,,,False,0.8205128205128205,drag_drop,True,exploit,errorless,True,exploit,space,False,explore
False,1.0,8,10,3,0.0,,,,,False,0.8409090909090909,drag_drop,True,exploit,errorless,True,exploit,space,False,explore
False,1.0,9,10,3,0.0,,,,,False,0.8571428571428571,drag_drop,True,exploit,errorless,True,exploit,ocean,False,explore
False,1.0,10,10,3,0.0,,,,,False,0.8703703703703703,drag_drop,True,exploit,errorless,True,exploit,space,False,explore
False,1.0,11,10,3,0.0,,,,,False,0.8813559322033898,drag_drop,True,exploit,errorless,True,exploit,space,False,explore
False,0.8,12,10,3,0.03748880917704505,,,,,False,0.875,drag_drop,True,exploit,errorless,True,exploit,cars,True,explore
False,1.0,13,10,3,0.0,,,,,False,0.8840579710144928,drag_drop,True,exploit,errorless,True,exploit,space,False,explore
False,1.0,14,10,3,0.0,,,,,False,0.8918918918918919,drag_drop,True,exploit,errorless,True,exploit,space,False,explore
False,1.0,15,10,3,0.0,,,,,False,0.8987341772151899,drag_drop,True,exploit,errorless,True,exploit,space,False,explore
False,0.8,16,10,3,0.0,,,,,False,0.8928571428571429,drag_drop,True,exploit,errorless,True,exploit,space,False,explore
False,1.0,17,10,3,0.0,,,,,False,0.898876404494382,drag_drop,True,exploit,errorless,True,exploit,space,False,explore
False,1.0,18,10,3,0.0,,,,,False,0.9042553191489362,drag_drop,True,exploit,errorless,True,exploit,space,False,explore
False,1.0,19,10,3,0.0,,,,,False,0.9090909090909091,drag_drop,True,exploit,errorless,True,exploit,space,False,explore
False,1.0,20,10,3,0.0,,,,,False,0.9134615384615384,drag_drop,True,exploit,errorless,True,exploit,space,False,explore
False,1.0,21,10,3,0.0,,,,,False,0.9174311926605505,drag_drop,True,exploit,errorless,True,exploit,ocean,False,explore
False,0.8,22,10,3,0.0,,,,,False,0.9122807017543859,drag_drop,True,exploit,errorless,True,exploit,space,False,explore
False,1.0,23,10,3,0.0,,,,,False,0.9159663865546218,drag_drop,True,exploit,errorless,True,exploit,space,False,explore
False,1.0,24,10,3,0.0,,,,,False,0.9193548387096774,drag_drop,True,exploit,errorless,True,exploit,space,False,explore
False,1.0,25,10,3,0.0,,,,,False,0.9224806201550387,drag_drop,True,exploit,errorless,True,exploit,space,False,explore
False,1.0,26,10,3,0.0,,,,,False,0.9253731343283582,drag_drop,True,exploit,errorless,True,exploit,space,False,explore
False,1.0,27,10,3,0.0,,,,,False,0.9280575539568345,drag_drop,True,exploit,errorless,True,exploit,space,False,explore
False,1.0,28,10,3,0.0,,,,,False,0.9305555555555556,drag_drop,True,exploit,errorless,True,exploit,space,False,explore
False,1.0,29,10,3,0.0,,,,,False,0.9328859060402684,drag_drop,True,exploit,errorless,True,exploit,space,False,explore
False,1.0,30,10,3,0.0,,,,,False,0.935064935064935,drag_drop,True,exploit,errorless,True,exploit,space,False,explore
False,1.0,31,10,3,0.0,,,,,False,0.9371069182389937,drag_drop,True,exploit,errorless,True,exploit,space,False,explore
False,1.0,32,10,3,0.0,,,,,False,0.9390243902439024,drag_drop,True,exploit,errorless,True,exploit,space,False,explore
False,1.0,33,10,3,0.0,,,,,False,0.9408284023668639,drag_drop,True,exploit,errorless,True,exploit,space,False,explore
False,1.0,34,10,3,0.0,,,,,False,0.9425287356321839,drag_drop,True,exploit,errorless,True,exploit,space,False,explore
False,1.0,35,10,3,0.0,,,,,False,0.9441340782122905,drag_drop,True,exploit,errorless,True,exploit,space,False,explore
False,1.0,36,10,3,0.0,,,,,False,0.9456521739130435,drag_drop,True,exploit,errorless,True,exploit,space,False,explore
False,1.0,37,10,3,0.0,,,,,False,0.9470899470899471,drag_drop,True,exploit,errorless,True,exploit,space,False,explore
False,1.0,38,10,3,0.0,,,,,False,0.9484536082474226,drag_drop,True,exploit,errorless,True,exploit,space,False,explore
False,0.8,39,10,3,0.06872948349124926,,,,,False,0.9447236180904522,drag_drop,True,exploit,errorless,True,exploit,space,False,explore
False,0.8,0,11,1,0.04550252159624352,,,,,False,0.6666666666666666,tap,True,explore,try_then_correct,True,explore,dino,False,explore
False,0.4,1,11,2,0.47452629664653967,,,,,False,0.5714285714285714,drag_drop,False,explore,try_then_correct,True,explore,dino,False,explore
True,,2,11,1,0.47452629664653967,,,,,False,0.5714285714285714,tap,True,explore,errorless,False,explore,space,True,explore
False,1.0,3,11,1,0.0,,,,,False,0.6842105263157895,tap,True,explore,try_then_correct,True,explore,dino,False,explore
False,1.0,4,11,2,0.0,,,,,False,0.75,tap,True,explore,try_then_correct,True,explore,dino,False,explore
False,1.0,5,11,3,0.0,,,,,False,0.7931034482758621,tap,True,explore,try_then_correct,True,explore,dino,False,explore
False,1.0,6,11,3,0.0,,,,,False,0.8235294117647058,tap,True,explore,try_then_correct,True,explore,space,True,explore
False,1.0,7,11,3,0.0,,,,,False,0.8461538461538464,tap,True,exploit,try_then_correct,True,explore,space,True,explore
False,1.0,8,11,3,0.0,,,,,False,0.8636363636363638,tap,True,exploit,try_then_correct,True,explore,space,True,explore
False,1.0,9,11,3,0.0,,,,,False,0.8775510204081635,tap,True,exploit,try_then_correct,True,explore,dino,False,explore
False,1.0,10,11,3,0.0,,,,,False,0.8888888888888891,tap,True,exploit,try_then_correct,True,explore,space,True,explore
False,1.0,11,11,3,0.0,,,,,False,0.8983050847457629,tap,True,exploit,try_then_correct,True,explore,space,True,explore
False,1.0,12,11,3,0.0,,,,,False,0.9062500000000001,tap,True,exploit,try_then_correct,True,explore,space,True,explore
False,1.0,13,11,3,0.0,,,,,False,0.9130434782608696,tap,True,exploit,try_then_correct,True,explore,space,True,explore
False,1.0,14,11,3,0.0,,,,,False,0.918918918918919,tap,True,exploit,try_then_correct,True,explore,space,True,explore
False,1.0,15,11,3,0.0,,,,,False,0.9240506329113924,tap,True,exploit,try_then_correct,True,explore,space,True,explore
False,1.0,16,11,3,0.0,,,,,False,0.9285714285714286,tap,True,exploit,try_then_correct,True,explore,space,True,explore
False,1.0,17,11,3,0.0,,,,,False,0.9325842696629213,tap,True,exploit,try_then_correct,True,explore,space,True,explore
False,1.0,18,11,3,0.0,,,,,False,0.9361702127659575,tap,True,exploit,try_then_correct,True,explore,space,True,explore
False,1.0,19,11,3,0.0,,,,,False,0.9393939393939394,tap,True,exploit,try_then_correct,True,explore,space,True,explore
False,1.0,20,11,3,0.0,,,,,False,0.9423076923076923,tap,True,exploit,try_then_correct,True,explore,space,True,explore
False,1.0,21,11,3,0.0,,,,,False,0.944954128440367,tap,True,exploit,try_then_correct,True,explore,dino,False,exploit
False,1.0,22,11,3,0.0,,,,,False,0.9473684210526315,tap,True,exploit,try_then_correct,True,explore,space,True,exploit
False,1.0,23,11,3,0.0,,,,,False,0.9495798319327731,tap,True,exploit,try_then_correct,True,explore,space,True,exploit
False,1.0,24,11,3,0.0,,,,,False,0.9516129032258065,tap,True,exploit,try_then_correct,True,explore,space,True,exploit
False,1.0,25,11,3,0.0,,,,,False,0.9534883720930233,tap,True,exploit,try_then_correct,True,explore,space,True,exploit
False,1.0,26,11,3,0.0,,,,,False,0.9552238805970149,tap,True,exploit,try_then_correct,True,explore,space,True,exploit
False,1.0,27,11,3,0.0,,,,,False,0.9568345323741008,tap,True,exploit,try_then_correct,True,explore,space,True,exploit
False,1.0,28,11,3,0.0,,,,,False,0.9583333333333334,tap,True,exploit,try_then_correct,True,explore,space,True,exploit
False,1.0,29,11,3,0.0,,,,,False,0.959731543624161,tap,True,exploit,try_then_correct,True,explore,space,True,exploit
False,1.0,30,11,3,0.0,,,,,False,0.961038961038961,tap,True,exploit,try_then_correct,True,explore,space,True,exploit
False,1.0,31,11,3,0.0,,,,,False,0.9622641509433962,tap,True,exploit,try_then_correct,True,explore,space,True,exploit
False,1.0,32,11,3,0.0,,,,,False,0.9634146341463414,tap,True,exploit,try_then_correct,True,explore,space,True,exploit
False,1.0,33,11,3,0.0,,,,,False,0.9644970414201184,tap,True,exploit,try_then_correct,True,explore,space,True,exploit
False,1.0,34,11,3,0.0,,,,,False,0.9655172413793104,tap,True,exploit,try_then_correct,True,explore,space,True,exploit
False,1.0,35,11,3,0.0,,,,,False,0.9664804469273743,tap,True,exploit,try_then_correct,True,exploit,space,True,exploit
False,1.0,36,11,3,0.0,,,,,False,0.967391304347826,tap,True,exploit,try_then_correct,True,exploit,space,True,exploit
False,0.8,37,11,3,0.0,,,,,False,0.9629629629629629,tap,True,exploit,try_then_correct,True,exploit,space,True,exploit
False,1.0,38,11,3,0.0,,,,,False,0.9639175257731959,tap,True,exploit,try_then_correct,True,explore,space,True,exploit
False,0.8,39,11,3,0.07800432273641748,,,,,False,0.9597989949748744,tap,True,exploit,try_then_correct,True,explore,space,True,exploit
False,0.8,0,12,1,0.19930850881761777,,,,,False,0.6666666666666666,tap,False,explore,try_then_correct,False,explore,ocean,False,explore
False,0.6,1,12,2,0.2894718818541592,,,,,False,0.6428571428571429,tap,False,explore,try_then_correct,False,explore,cars,True,explore
False,1.0,2,12,2,0.0,,,,,False,0.7368421052631579,tap,False,explore,errorless,True,explore,space,False,explore
False,0.6,3,12,3,0.1613449833285477,,,,,False,0.7083333333333334,tap,False,explore,errorless,True,explore,ocean,False,explore
True,0.0,4,12,3,0.37014437351843293,,,,,False,0.6538461538461539,drag_drop,True,explore,errorless,True,explore,space,False,explore
False,0.8,5,12,2,0.12812689852561143,,,,,False,0.6774193548387096,tap,False,explore,try_then_correct,False,explore,ocean,False,explore
True,0.5,6,12,3,0.25625379705122286,,,,,False,0.6666666666666666,tap,False,explore,try_then_correct,False,explore,ocean,False,explore
False,1.0,7,12,2,0.0,,,,,False,0.7105263157894737,tap,False,explore,errorless,True,explore,ocean,False,explore
False,0.6,8,12,3,0.23252659362055403,,,,,False,0.6976744186046512,tap,False,explore,errorless,True,explore,ocean,False,explore
False,0.4,9,12,3,0.6880888994893947,,,,,False,0.6666666666666666,tap,False,explore,try_then_correct,False,explore,dino,False,explore
False,0.6,10,12,2,0.3653989328322992,,,,,False,0.660377358490566,tap,False,explore,errorless,True,explore,ocean,False,explore
True,0.0,11,12,2,0.4697986279272418,,,,,False,0.6481481481481481,tap,False,explore,errorless,True,explore,cars,True,explore
False,0.6,12,12,1,0.27808282420743813,,,,,False,0.6440677966101694,tap,False,explore,errorless,True,explore,ocean,False,explore
False,0.8,13,12,1,0.14521048499569295,,,,,False,0.65625,tap,False,explore,errorless,True,explore,ocean,False,explore
False,0.6,14,12,1,0.30370820391256037,,,,,False,0.6521739130434783,tap,False,explore,errorless,True,explore,ocean,False,explore
False,0.4,15,12,1,0.43468236684985206,,,,,False,0.6351351351351351,tap,False,explore,errorless,True,explore,ocean,False,explore
True,1.0,16,12,1,0.36350075655784575,,,,,False,0.64,tap,False,explore,errorless,True,explore,space,False,explore
False,0.6,17,12,1,0.2355636756596797,,,,,False,0.6375,tap,False,explore,errorless,True,explore,ocean,False,explore
True,,18,12,1,0.2355636756596797,,,,,False,0.6375,tap,False,explore,errorless,True,explore,space,False,explore
False,0.6,19,12,1,0.2792976570230884,,,,,False,0.6352941176470587,tap,False,explore,try_then_correct,False,explore,ocean,False,explore
False,1.0,20,12,1,0.0,,,,,False,0.6555555555555554,tap,False,explore,errorless,True,explore,ocean,False,explore
False,0.8,21,12,1,0.15185410195628019,,,,,False,0.6631578947368418,tap,False,explore,errorless,True,explore,ocean,False,explore
False,0.8,22,12,1,0.0,,,,,False,0.6699999999999997,tap,False,explore,errorless,True,explore,space,False,explore
False,0.6,23,12,2,0.23252659362055403,,,,,False,0.6666666666666664,tap,False,explore,errorless,True,explore,space,False,explore
False,0.4,24,12,2,0.5457256789053819,,,,,False,0.6545454545454543,tap,False,explore,errorless,True,explore,space,False,explore
False,0.8,25,12,1,0.0854179323504076,,,,,False,0.660869565217391,tap,False,explore,errorless,True,explore,ocean,False,explore
False,0.8,26,12,1,0.12812689852561143,,,,,False,0.6666666666666664,tap,False,explore,try_then_correct,False,explore,ocean,False,explore
True,0.0,27,12,2,0.2799810004818916,,,,,False,0.6611570247933882,tap,False,explore,errorless,True,explore,ocean,False,explore
False,1.0,28,12,1,0.0,,,,,False,0.6746031746031744,tap,False,explore,errorless,True,explore,ocean,False,explore
False,1.0,29,12,2,0.0,,,,,False,0.6870229007633586,tap,False,explore,try_then_correct,False,explore,ocean,False,explore
False,1.0,30,12,3,0.0,,,,,False,0.6985294117647056,tap,False,explore,errorless,True,explore,dino,False,explore
False,0.8,31,12,3,0.15185410195628019,,,,,False,0.7021276595744679,tap,False,explore,errorless,True,explore,ocean,False,explore
False,0.4,32,12,3,0.46505318724110806,,,,,False,0.691780821917808,tap,False,explore,errorless,True,explore,ocean,False,explore
True,0.5,33,12,2,0.5457256789053819,,,,,False,0.689189189189189,tap,False,explore,errorless,True,explore,ocean,False,explore
False,0.8,34,12,1,0.19930850881761777,,,,,False,0.6928104575163396,tap,False,explore,try_then_correct,False,explore,ocean,False,explore
False,0.8,35,12,1,0.08067249166427384,,,,,False,0.6962025316455692,tap,False,explore,errorless,True,explore,space,False,explore
False,0.6,36,12,2,0.26574467842349037,,,,,False,0.693251533742331,tap,False,explore,try_then_correct,False,explore,ocean,False,explore
False,1.0,37,12,2,0.0,,,,,False,0.7023809523809519,drag_drop,True,explore,errorless,True,explore,ocean,False,explore
False,0.4,38,12,3,0.5267439161608469,,,,,False,0.6936416184971094,tap,False,explore,try_then_correct,False,explore,ocean,False,explore
True,0.6666666666666666,39,12,2,0.4887803906717769,,,,,False,0.6931818181818177,tap,False,explore,errorless,True,explore,cars,True,explore
False,1.0,0,13,1,0.0,,,,,False,0.7777777777777778,tap,True,explore,try_then_correct,False,explore,dino,False,explore
False,1.0,1,13,2,0.0,,,,,False,0.8571428571428571,drag_drop,False,explore,try_then_correct,False,explore,dino,False,explore
False,1.0,2,13,3,0.0,,,,,False,0.8947368421052632,tap,True,explore,try_then_correct,False,explore,dino,False,explore
False,1.0,3,13,3,0.0,,,,,False,0.9166666666666666,tap,True,explore,try_then_correct,False,explore,dino,False,explore
False,1.0,4,13,3,0.0,,,,,False,0.9310344827586207,tap,True,explore,try_then_correct,False,explore,dino,False,explore
False,1.0,5,13,3,0.0,,,,,False,0.9411764705882353,tap,True,explore,errorless,True,explore,dino,False,explore
False,1.0,6,13,3,0.0,,,,,False,0.9487179487179487,tap,True,explore,try_then_correct,False,explore,dino,False,explore
False,1.0,7,13,3,0.0,,,,,False,0.9545454545454546,tap,True,explore,try_then_correct,False,explore,dino,False,explore
False,1.0,8,13,3,0.0,,,,,False,0.9591836734693877,tap,True,explore,try_then_correct,False,explore,dino,False,explore
False,1.0,9,13,3,0.0,,,,,False,0.9629629629629629,tap,True,explore,try_then_correct,False,explore,dino,False,explore
False,1.0,10,13,3,0.0,,,,,False,0.9661016949152542,drag_drop,False,explore,try_then_correct,False,explore,dino,False,explore
False,1.0,11,13,3,0.0,,,,,False,0.96875,tap,True,explore,try_then_correct,False,explore,dino,False,explore
False,1.0,12,13,3,0.0,,,,,False,0.9710144927536232,tap,True,explore,try_then_correct,False,explore,dino,False,explore
False,0.8,13,13,3,0.0,,,,,False,0.9594594594594594,tap,True,explore,try_then_correct,False,explore,dino,False,explore
False,1.0,14,13,3,0.0,,,,,False,0.9620253164556962,tap,True,explore,try_then_correct,False,explore,dino,False,explore
False,1.0,15,13,3,0.0,,,,,False,0.9642857142857143,tap,True,explore,try_then_correct,False,explore,dino,False,explore
False,0.8,16,13,3,0.12599041424460597,,,,,False,0.9550561797752809,drag_drop,False,explore,try_then_correct,False,explore,dino,False,explore
False,0.8,17,13,3,0.041996804748202,,,,,False,0.9468085106382979,tap,True,explore,try_then_correct,False,explore,dino,False,explore
False,1.0,18,13,3,0.0,,,,,False,0.9494949494949495,tap,True,explore,try_then_correct,False,explore,dino,False,explore
False,1.0,19,13,3,0.0,,,,,False,0.9519230769230769,tap,True,explore,errorless,True,explore,dino,False,explore
False,1.0,20,13,3,0.0,,,,,False,0.9541284403669725,tap,True,explore,try_then_correct,False,explore,dino,False,explore
False,1.0,21,13,3,0.0,,,,,False,0.956140350877193,tap,True,explore,try_then_correct,False,explore,dino,False,explore
False,1.0,22,13,3,0.0,,,,,False,0.957983193277311,tap,True,explore,try_then_correct,False,explore,dino,False,explore
False,1.0,23,13,3,0.0,,,,,False,0.9596774193548387,tap,True,explore,try_then_correct,False,explore,ocean,False,explore
False,1.0,24,13,3,0.0,,,,,False,0.9612403100775194,tap,True,explore,errorless,True,explore,dino,False,explore
False,1.0,25,13,3,0.0,,,,,False,0.9626865671641791,tap,True,explore,try_then_correct,False,explore,dino,False,explore
False,1.0,26,13,3,0.0,,,,,False,0.9640287769784173,tap,True,explore,try_then_correct,False,explore,dino,False,explore
False,1.0,27,13,3,0.0,,,,,False,0.9652777777777778,drag_drop,False,explore,try_then_correct,False,explore,dino,False,explore
False,1.0,28,13,3,0.0,,,,,False,0.9664429530201343,tap,True,explore,try_then_correct,False,explore,dino,False,explore
False,1.0,29,13,3,0.0,,,,,False,0.9675324675324676,tap,True,explore,try_then_correct,False,explore,dino,False,explore
False,1.0,30,13,3,0.0,,,,,False,0.9685534591194969,tap,True,explore,errorless,True,explore,dino,False,explore
False,1.0,31,13,3,0.0,,,,,False,0.9695121951219512,tap,True,explore,try_then_correct,False,explore,dino,False,explore
False,1.0,32,13,3,0.0,,,,,False,0.9704142011834319,tap,True,explore,errorless,True,explore,dino,False,explore
False,1.0,33,13,3,0.0,,,,,False,0.9712643678160919,tap,True,explore,try_then_correct,False,explore,dino,False,explore
False,0.8,34,13,3,0.0,,,,,False,0.9664804469273743,tap,True,explore,try_then_correct,False,explore,dino,False,explore
False,1.0,35,13,3,0.0,,,,,False,0.967391304347826,tap,True,explore,try_then_correct,False,explore,dino,False,explore
False,1.0,36,13,3,0.0,,,,,False,0.9682539682539683,tap,True,explore,try_then_correct,False,explore,dino,False,explore
False,1.0,37,13,3,0.0,,,,,False,0.9690721649484536,tap,True,explore,errorless,True,explore,dino,False,explore
False,1.0,38,13,3,0.0,,,,,False,0.9698492462311558,tap,True,explore,errorless,True,explore,dino,False,explore
False,1.0,39,13,3,0.0,,,,,False,0.9705882352941176,tap,True,explore,errorless,True,explore,dino,False,explore
False,0.8,0,14,1,0.0,,,,,False,0.6666666666666666,tap,True,explore,try_then_correct,True,explore,ocean,False,explore
False,0.4,1,14,2,0.35655536163363394,,,,,False,0.5714285714285714,tap,True,explore,errorless,False,explore,cars,True,explore
,,2,14,1,,0.2153447116771304,0.35655536163363394,modality_switch,False,True,,,,,,,,,,
False,0.6,3,14,1,0.11885178721121131,,,,,False,0.5789473684210527,tap,True,explore,try_then_correct,True,explore,ocean,False,explore
False,1.0,4,14,1,0.0,,,,,False,0.6666666666666666,tap,True,explore,try_then_correct,True,explore,space,False,explore
False,0.8,5,14,2,0.11885178721121131,,,,,False,0.6896551724137931,tap,True,explore,try_then_correct,True,explore,space,False,explore
False,0.8,6,14,3,0.11885178721121131,,,,,False,0.7058823529411765,tap,True,explore,try_then_correct,True,explore,space,False,explore
False,0.6,7,14,3,0.23770357442242263,,,,,False,0.6923076923076923,tap,True,explore,try_then_correct,True,explore,space,False,explore
,,8,14,1,,0.14356314111808693,0.23770357442242263,interest_injection,False,True,,,,,,,,,,
False,0.4,9,14,3,0.25190999915648965,,,,,False,0.6590909090909092,tap,True,explore,try_then_correct,True,explore,ocean,False,explore
False,0.8,10,14,2,0.04662054851894282,,,,,False,0.6734693877551022,tap,True,explore,try_then_correct,True,explore,dino,False,explore
False,0.6,11,14,2,0.1836800347809629,,,,,False,0.6666666666666669,drag_drop,False,explore,try_then_correct,True,explore,dino,False,explore
False,0.8,12,14,2,0.09184001739048145,,,,,False,0.6779661016949153,drag_drop,False,explore,try_then_correct,True,explore,ocean,False,explore
False,1.0,13,14,2,0.0,,,,,False,0.7031250000000001,drag_drop,False,explore,try_then_correct,True,explore,space,False,explore
False,0.4,14,14,3,0.43759067109582345,,,,,False,0.6811594202898552,drag_drop,False,explore,try_then_correct,True,explore,ocean,False,explore
False,0.8,15,14,2,0.023770357442242235,,,,,False,0.6891891891891893,drag_drop,False,explore,try_then_correct,True,explore,dino,False,explore
False,0.8,16,14,3,0.037816477749021776,,,,,False,0.6962025316455697,tap,True,explore,try_then_correct,True,explore,dino,False,explore
False,0.0,17,14,3,1.0,,,,,False,0.6547619047619048,drag_drop,False,explore,errorless,False,explore,space,False,explore
True,0.5,18,14,2,0.4378164777490218,,,,,False,0.6511627906976745,tap,True,explore,try_then_correct,True,exploit,dino,False,explore
False,1.0,19,14,1,0.0,,,,,False,0.6703296703296704,tap,True,explore,try_then_correct,True,exploit,ocean,False,explore
False,0.8,20,14,2,0.0,,,,,False,0.6770833333333334,tap,True,explore,try_then_correct,True,exploit,dino,False,explore
False,1.0,21,14,3,0.0,,,,,False,0.693069306930693,tap,True,explore,try_then_correct,True,exploit,dino,False,explore
False,1.0,22,14,3,0.0,,,,,False,0.7075471698113207,tap,True,explore,try_then_correct,True,exploit,dino,False,explore
False,0.8,23,14,3,0.037816477749021776,,,,,False,0.7117117117117117,tap,True,explore,try_then_correct,True,exploit,dino,False,explore
True,0.0,24,14,3,0.1566682649602331,,,,,False,0.7053571428571429,tap,True,explore,try_then_correct,True,exploit,dino,False,explore
False,1.0,25,14,2,0.0,,,,,False,0.717948717948718,tap,True,explore,try_then_correct,True,exploit,dino,False,explore
False,0.6,26,14,3,0.23770357442242263,,,,,False,0.7131147540983607,tap,True,explore,try_then_correct,True,exploit,dino,False,explore
,,27,14,1,,0.14356314111808693,0.23770357442242263,modality_switch,False,True,,,,,,,,,,
False,0.8,28,14,3,0.11885178721121131,,,,,False,0.7165354330708661,tap,True,explore,try_then_correct,True,exploit,dino,False,explore
False,1.0,29,14,3,0.0,,,,,False,0.7272727272727273,tap,True,explore,try_then_correct,True,exploit,dino,False,explore
False,1.0,30,14,3,0.0,,,,,False,0.7372262773722628,tap,True,explore,try_then_correct,True,exploit,dino,False,explore
False,1.0,31,14,3,0.0,,,,,False,0.7464788732394365,tap,True,explore,try_then_correct,True,exploit,dino,False,explore
False,1.0,32,14,3,0.0,,,,,False,0.7551020408163265,tap,True,explore,try_then_correct,True,exploit,dino,False,explore
False,0.8,33,14,3,0.0,,,,,False,0.7565789473684209,tap,True,explore,try_then_correct,True,exploit,dino,False,explore
False,0.8,34,14,3,0.0,,,,,False,0.7579617834394904,tap,True,explore,try_then_correct,True,exploit,dino,False,explore
False,1.0,35,14,3,0.0,,,,,False,0.7654320987654321,tap,True,explore,try_then_correct,True,exploit,dino,False,explore
False,0.8,36,14,3,0.0,,,,,False,0.7664670658682635,tap,True,explore,try_then_correct,True,exploit,dino,False,explore
False,0.6,37,14,3,0.1566682649602331,,,,,False,0.7616279069767442,tap,True,explore,try_then_correct,True,exploit,dino,False,explore
False,0.8,38,14,3,0.0,,,,,False,0.7627118644067796,tap,True,explore,try_then_correct,True,exploit,dino,False,explore
False,0.8,39,14,3,0.11885178721121131,,,,,False,0.7637362637362637,tap,True,explore,try_then_correct,True,exploit,dino,False,explore
False,0.6,0,15,1,0.0,,,,,False,0.5555555555555556,tap,True,explore,try_then_correct,False,explore,cars,True,explore
False,1.0,1,15,1,0.0,,,,,False,0.7142857142857143,tap,True,explore,try_then_correct,False,explore,space,False,explore
False,0.8,2,15,2,0.0,,,,,False,0.7368421052631579,tap,True,explore,try_then_correct,False,explore,ocean,False,explore
False,0.8,3,15,3,0.0,,,,,False,0.75,tap,True,explore,try_then_correct,False,explore,space,False,explore
False,1.0,4,15,3,0.0,,,,,False,0.7931034482758621,tap,True,explore,try_then_correct,False,explore,space,False,explore
False,0.6,5,15,3,0.019993942502382955,,,,,False,0.7647058823529411,tap,True,explore,errorless,True,explore,space,False,explore
False,0.8,6,15,3,0.0,,,,,False,0.7692307692307693,tap,True,explore,try_then_correct,False,explore,space,False,explore
False,0.8,7,15,3,0.0914008800108935,,,,,False,0.7727272727272727,tap,True,explore,try_then_correct,False,explore,ocean,False,explore
False,1.0,8,15,3,0.0,,,,,False,0.7959183673469388,tap,True,explore,try_then_correct,False,explore,space,False,explore
False,0.4,9,15,3,0.23135847752757416,,,,,False,0.7592592592592593,drag_drop,False,explore,try_then_correct,False,explore,cars,True,explore
,,10,15,1,,0.14607477116018366,0.23135847752757416,interest_injection,False,True,,,,,,,,,,
False,0.8,11,15,2,0.03753622614724761,,,,,False,0.7627118644067796,tap,True,explore,try_then_correct,False,explore,cars,True,explore
False,1.0,12,15,3,0.0,,,,,False,0.78125,tap,True,explore,errorless,True,explore,space,False,explore
False,0.8,13,15,3,0.0057125550006808246,,,,,False,0.782608695652174,tap,True,explore,try_then_correct,False,explore,ocean,False,explore
False,1.0,14,15,3,0.0,,,,,False,0.7972972972972971,tap,True,explore,errorless,True,explore,space,False,explore
False,1.0,15,15,3,0.0,,,,,False,0.8101265822784808,tap,True,explore,errorless,True,explore,ocean,False,explore
False,1.0,16,15,3,0.0,,,,,False,0.8214285714285713,tap,True,exploit,errorless,True,explore,ocean,False,explore
False,1.0,17,15,3,0.0,,,,,False,0.8314606741573032,tap,True,exploit,errorless,True,explore,ocean,False,explore
False,1.0,18,15,3,0.0,,,,,False,0.8404255319148934,tap,True,exploit,errorless,True,explore,cars,True,explore
False,0.8,19,15,3,0.0,,,,,False,0.8383838383838382,tap,True,exploit,errorless,True,explore,cars,True,explore
False,1.0,20,15,3,0.0,,,,,False,0.846153846153846,tap,True,exploit,errorless,True,explore,ocean,False,explore
False,1.0,21,15,3,0.0,,,,,False,0.8532110091743118,tap,True,exploit,errorless,True,explore,cars,True,explore
False,0.8,22,15,3,0.0,,,,,False,0.850877192982456,tap,True,exploit,errorless,True,explore,ocean,False,explore
False,0.8,23,15,3,0.06283810500748929,,,,,False,0.8487394957983192,tap,True,exploit,errorless,True,explore,ocean,False,explore
False,1.0,24,15,3,0.0,,,,,False,0.8548387096774193,tap,True,exploit,errorless,True,explore,dino,False,explore
False,1.0,25,15,3,0.0,,,,,False,0.8604651162790696,tap,True,exploit,errorless,True,explore,ocean,False,explore
False,1.0,26,15,3,0.0,,,,,False,0.8656716417910447,tap,True,exploit,errorless,True,explore,ocean,False,explore
False,0.8,27,15,3,0.0,,,,,False,0.8633093525179855,tap,True,exploit,errorless,True,explore,cars,True,explore
False,0.8,28,15,3,0.0,,,,,False,0.8611111111111109,tap,True,exploit,errorless,True,explore,ocean,False,explore
False,1.0,29,15,3,0.0,,,,,False,0.8657718120805368,tap,True,exploit,errorless,True,explore,dino,False,explore
False,1.0,30,15,3,0.0,,,,,False,0.87012987012987,tap,True,exploit,errorless,True,explore,dino,False,explore
False,1.0,31,15,3,0.0,,,,,False,0.8742138364779872,tap,True,exploit,errorless,True,explore,dino,False,explore
False,0.8,32,15,3,0.06283810500748929,,,,,False,0.8719512195121949,tap,True,exploit,errorless,True,explore,dino,False,explore
False,0.8,33,15,3,0.06283810500748929,,,,,False,0.8698224852071004,tap,True,exploit,errorless,True,explore,dino,False,explore
False,0.8,34,15,3,0.0,,,,,False,0.8678160919540229,tap,True,exploit,errorless,True,explore,ocean,False,explore
False,1.0,35,15,3,0.0,,,,,False,0.871508379888268,tap,True,exploit,errorless,True,explore,space,False,explore
False,1.0,36,15,3,0.0,,,,,False,0.8749999999999999,tap,True,exploit,errorless,True,explore,ocean,False,explore
False,1.0,37,15,3,0.0,,,,,False,0.8783068783068781,tap,True,exploit,errorless,True,explore,dino,False,explore
False,1.0,38,15,3,0.0,,,,,False,0.881443298969072,tap,True,exploit,errorless,True,explore,dino,False,explore
False,1.0,39,15,3,0.0,,,,,False,0.8844221105527637,tap,True,exploit,errorless,True,explore,ocean,False,explore
False,1.0,0,16,1,0.0,,,,,False,0.7777777777777778,drag_drop,True,explore,try_then_correct,False,explore,ocean,False,explore
False,0.4,1,16,2,0.11171175441101391,,,,,False,0.6428571428571429,drag_drop,True,explore,errorless,True,explore,ocean,False,explore
False,1.0,2,16,1,0.0,,,,,False,0.7368421052631579,drag_drop,True,explore,try_then_correct,False,explore,ocean,False,explore
False,0.4,3,16,2,0.2978980117627038,,,,,False,0.6666666666666665,tap,False,explore,try_then_correct,False,explore,space,False,explore
False,0.6,4,16,1,0.3568569932574055,,,,,False,0.6551724137931033,drag_drop,True,explore,try_then_correct,False,explore,ocean,False,explore
False,0.4,5,16,1,0.5616618763442642,,,,,False,0.6176470588235293,drag_drop,True,explore,try_then_correct,False,explore,ocean,False,explore
False,1.0,6,16,1,0.0,,,,,False,0.6666666666666666,drag_drop,True,explore,try_then_correct,False,explore,dino,True,explore
False,1.0,7,16,2,0.0,,,,,False,0.7045454545454547,tap,False,explore,try_then_correct,False,explore,dino,True,explore
False,0.8,8,16,3,0.0,,,,,False,0.7142857142857144,drag_drop,True,explore,try_then_correct,False,explore,dino,True,explore
False,1.0,9,16,3,0.0,,,,,False,0.7407407407407409,tap,False,explore,try_then_correct,False,explore,ocean,False,explore
False,0.6,10,16,3,0.05895898149470175,,,,,False,0.7288135593220341,tap,False,explore,try_then_correct,False,explore,dino,True,explore
False,0.4,11,16,3,0.3568569932574055,,,,,False,0.7031250000000001,tap,False,explore,try_then_correct,False,explore,cars,False,explore
False,1.0,12,16,2,0.0,,,,,False,0.7246376811594204,drag_drop,True,explore,try_then_correct,False,explore,dino,True,explore
False,0.8,13,16,3,0.0,,,,,False,0.7297297297297299,drag_drop,True,explore,try_then_correct,False,explore,dino,True,explore
False,0.6,14,16,3,0.06826829436228628,,,,,False,0.7215189873417722,drag_drop,True,explore,try_then_correct,False,explore,dino,True,explore
False,0.8,15,16,3,0.0062062085783896465,,,,,False,0.7261904761904763,tap,False,explore,try_then_correct,False,explore,dino,True,explore
False,1.0,16,16,3,0.0,,,,,False,0.7415730337078652,drag_drop,True,explore,try_then_correct,False,explore,dino,True,explore
False,0.6,17,16,3,0.0,,,,,False,0.7340425531914894,drag_drop,True,explore,try_then_correct,False,explore,dino,True,explore
False,0.6,18,16,3,0.0,,,,,False,0.7272727272727273,drag_drop,True,explore,try_then_correct,False,explore,dino,True,explore
False,0.8,19,16,3,0.06826829436228628,,,,,False,0.7307692307692307,drag_drop,True,explore,try_then_correct,False,explore,dino,True,explore
False,0.8,20,16,3,0.0,,,,,False,0.7339449541284404,drag_drop,True,explore,try_then_correct,False,explore,ocean,False,explore
False,0.8,21,16,3,0.09929933725423457,,,,,False,0.7368421052631579,drag_drop,True,explore,try_then_correct,False,explore,ocean,False,explore
False,0.6,22,16,3,0.15825831874893634,,,,,False,0.7310924369747899,drag_drop,True,explore,try_then_correct,False,explore,ocean,False,explore
False,0.8,23,16,3,0.06826829436228628,,,,,False,0.7338709677419355,drag_drop,True,explore,try_then_correct,False,explore,dino,True,explore
False,1.0,24,16,3,0.0,,,,,False,0.7441860465116279,drag_drop,True,explore,try_then_correct,False,explore,dino,True,explore
False,0.8,25,16,3,0.052752772916312106,,,,,False,0.746268656716418,drag_drop,True,explore,try_then_correct,False,explore,ocean,False,explore
False,0.8,26,16,3,0.06826829436228628,,,,,False,0.7482014388489209,drag_drop,True,explore,try_then_correct,False,explore,dino,True,explore
False,1.0,27,16,3,0.0,,,,,False,0.7569444444444444,drag_drop,True,explore,try_then_correct,False,explore,dino,True,explore
False,1.0,28,16,3,0.0,,,,,False,0.7651006711409396,drag_drop,True,explore,try_then_correct,False,explore,dino,True,explore
False,1.0,29,16,3,0.0,,,,,False,0.7727272727272729,drag_drop,True,explore,try_then_correct,False,explore,dino,True,explore
False,1.0,30,16,3,0.0,,,,,False,0.779874213836478,drag_drop,True,explore,try_then_correct,False,explore,dino,True,explore
False,1.0,31,16,3,0.0,,,,,False,0.7865853658536586,drag_drop,True,explore,try_then_correct,False,explore,dino,True,explore
False,0.8,32,16,3,0.021721730024363818,,,,,False,0.7869822485207101,drag_drop,True,explore,try_then_correct,False,explore,dino,True,explore
False,1.0,33,16,3,0.0,,,,,False,0.7931034482758621,drag_drop,True,explore,try_then_correct,False,explore,dino,True,explore
False,0.8,34,16,3,0.021721730024363818,,,,,False,0.7932960893854749,drag_drop,True,explore,try_then_correct,False,explore,dino,True,explore
False,1.0,35,16,3,0.0,,,,,False,0.7989130434782609,drag_drop,True,explore,try_then_correct,False,explore,dino,True,explore
False,1.0,36,16,3,0.0,,,,,False,0.8042328042328042,drag_drop,True,explore,try_then_correct,False,exploit,dino,True,explore
False,1.0,37,16,3,0.0,,,,,False,0.8092783505154639,drag_drop,True,explore,try_then_correct,False,exploit,dino,True,explore
False,1.0,38,16,3,0.0,,,,,False,0.8140703517587939,drag_drop,True,explore,try_then_correct,False,exploit,dino,True,explore
False,1.0,39,16,3,0.0,,,,,False,0.8186274509803921,drag_drop,True,explore,try_then_correct,False,exploit,dino,True,exploit
False,0.6,0,17,1,0.16802433120429092,,,,,False,0.5555555555555556,tap,True,explore,errorless,False,explore,ocean,False,explore
False,0.8,1,17,1,0.0735106449018773,,,,,False,0.6428571428571429,drag_drop,False,explore,errorless,False,explore,ocean,False,explore
True,,2,17,1,0.0735106449018773,,,,,False,0.6428571428571429,drag_drop,False,explore,errorless,False,explore,space,True,explore
False,0.4,3,17,1,0.5334772515736238,,,,,False,0.5789473684210527,drag_drop,False,explore,errorless,False,explore,ocean,False,explore
True,1.0,4,17,1,0.3759544410696011,,,,,False,0.6190476190476191,tap,True,explore,try_then_correct,True,explore,dino,False,explore
False,1.0,5,17,1,0.0,,,,,False,0.6923076923076923,tap,True,explore,try_then_correct,True,explore,dino,False,explore
False,1.0,6,17,2,0.0,,,,,False,0.7419354838709677,tap,True,explore,errorless,False,explore,dino,False,explore
False,0.6,7,17,3,0.1785258519045591,,,,,False,0.7222222222222222,drag_drop,False,explore,try_then_correct,True,explore,dino,False,explore
False,0.6,8,17,3,0.11551672770295002,,,,,False,0.7073170731707317,tap,True,explore,try_then_correct,True,explore,ocean,False,explore
False,1.0,9,17,3,0.0,,,,,False,0.7391304347826086,tap,True,explore,try_then_correct,True,explore,dino,False,explore
False,1.0,10,17,3,0.0,,,,,False,0.7647058823529411,tap,True,explore,try_then_correct,True,explore,dino,False,explore
False,0.8,11,17,3,0.0,,,,,False,0.7678571428571429,tap,True,explore,try_then_correct,True,explore,dino,False,explore
False,1.0,12,17,3,0.0,,,,,False,0.7868852459016393,tap,True,explore,try_then_correct,True,explore,cars,False,explore
False,1.0,13,17,3,0.0,,,,,False,0.803030303030303,tap,True,explore,try_then_correct,True,explore,cars,False,explore
False,1.0,14,17,3,0.0,,,,,False,0.8169014084507042,tap,True,explore,try_then_correct,True,explore,dino,False,explore
False,1.0,15,17,3,0.0,,,,,False,0.8289473684210527,tap,True,explore,try_then_correct,True,explore,space,True,explore
False,1.0,16,17,3,0.0,,,,,False,0.8395061728395061,tap,True,exploit,try_then_correct,True,explore,dino,False,explore
False,0.8,17,17,3,0.11551672770295002,,,,,False,0.8372093023255814,tap,True,exploit,try_then_correct,True,explore,dino,False,explore
False,0.8,18,17,3,0.03675532245093864,,,,,False,0.8351648351648352,tap,True,exploit,try_then_correct,True,explore,dino,False,explore
False,1.0,19,17,3,0.0,,,,,False,0.84375,tap,True,exploit,try_then_correct,True,explore,cars,False,explore
False,1.0,20,17,3,0.0,,,,,False,0.8514851485148515,tap,True,exploit,try_then_correct,True,explore,ocean,False,explore
False,1.0,21,17,3,0.0,,,,,False,0.8584905660377359,tap,True,exploit,try_then_correct,True,explore,cars,False,explore
False,0.8,22,17,3,0.11551672770295002,,,,,False,0.8558558558558559,tap,True,exploit,try_then_correct,True,explore,cars,False,explore
False,1.0,23,17,3,0.0,,,,,False,0.8620689655172413,tap,True,exploit,try_then_correct,True,explore,cars,False,explore
False,1.0,24,17,3,0.0,,,,,False,0.8677685950413223,tap,True,exploit,try_then_correct,True,explore,space,True,explore
False,1.0,25,17,3,0.0,,,,,False,0.873015873015873,tap,True,exploit,try_then_correct,True,explore,cars,False,explore
False,1.0,26,17,3,0.0,,,,,False,0.8778625954198473,tap,True,exploit,try_then_correct,True,explore,dino,False,explore
False,0.8,27,17,3,0.11551672770295002,,,,,False,0.875,tap,True,exploit,try_then_correct,True,exploit,cars,False,explore
False,1.0,28,17,3,0.0,,,,,False,0.8794326241134752,tap,True,exploit,try_then_correct,True,exploit,dino,False,explore
False,0.8,29,17,3,0.0,,,,,False,0.8767123287671232,tap,True,exploit,try_then_correct,True,exploit,cars,False,explore
False,1.0,30,17,3,0.0,,,,,False,0.8807947019867549,tap,True,exploit,try_then_correct,True,exploit,dino,False,explore
False,1.0,31,17,3,0.0,,,,,False,0.8846153846153846,tap,True,exploit,try_then_correct,True,exploit,dino,False,explore
False,1.0,32,17,3,0.0,,,,,False,0.8881987577639752,tap,True,exploit,try_then_correct,True,exploit,cars,False,explore
False,1.0,33,17,3,0.0,,,,,False,0.891566265060241,tap,True,exploit,try_then_correct,True,exploit,cars,False,explore
False,0.8,34,17,3,0.0,,,,,False,0.8888888888888888,tap,True,exploit,try_then_correct,True,exploit,cars,False,explore
False,0.8,35,17,3,0.03675532245093864,,,,,False,0.8863636363636364,tap,True,exploit,try_then_correct,True,exploit,cars,False,explore
False,1.0,36,17,3,0.0,,,,,False,0.8895027624309392,tap,True,exploit,try_then_correct,True,exploit,space,True,explore
False,1.0,37,17,3,0.0,,,,,False,0.8924731182795699,tap,True,exploit,try_then_correct,True,exploit,cars,False,explore
False,1.0,38,17,3,0.0,,,,,False,0.8952879581151832,tap,True,exploit,try_then_correct,True,exploit,space,True,explore
False,1.0,39,17,3,0.0,,,,,False,0.8979591836734694,tap,True,exploit,try_then_correct,True,exploit,dino,False,explore
False,1.0,0,18,1,0.0,,,,,False,0.7777777777777778,drag_drop,False,explore,try_then_correct,True,explore,cars,False,explore
False,0.8,1,18,2,0.0268079708867814,,,,,False,0.7857142857142857,drag_drop,False,explore,errorless,False,explore,cars,False,explore
False,0.6,2,18,2,0.10946588112102401,,,,,False,0.7368421052631579,drag_drop,False,explore,try_then_correct,True,explore,cars,False,explore
False,0.8,3,18,2,0.03797795875627363,,,,,False,0.75,drag_drop,False,explore,try_then_correct,True,explore,cars,False,explore
False,0.8,4,18,3,0.0,,,,,False,0.7586206896551724,drag_drop,False,explore,try_then_correct,True,explore,cars,False,explore
False,0.4,5,18,3,0.24797373070272793,,,,,False,0.7058823529411765,drag_drop,False,explore,errorless,False,explore,dino,False,explore
False,1.0,6,18,2,0.0,,,,,False,0.7435897435897436,drag_drop,False,explore,try_then_correct,True,explore,space,True,explore
False,0.6,7,18,3,0.10946588112102401,,,,,False,0.7272727272727273,drag_drop,False,explore,try_then_correct,True,explore,cars,False,explore
False,0.6,8,18,3,0.15191183502509453,,,,,False,0.7142857142857143,drag_drop,False,explore,try_then_correct,True,explore,ocean,False,explore
False,0.6,9,18,3,0.10321068791410834,,,,,False,0.7037037037037037,drag_drop,False,explore,try_then_correct,True,explore,cars,False,explore
False,1.0,10,18,3,0.0,,,,,False,0.7288135593220338,drag_drop,False,explore,try_then_correct,True,explore,space,True,explore
False,0.8,11,18,3,0.0,,,,,False,0.734375,drag_drop,False,explore,try_then_correct,True,explore,cars,False,explore
False,0.8,12,18,3,0.0,,,,,False,0.7391304347826086,drag_drop,False,explore,try_then_correct,True,explore,space,True,explore
False,0.6,13,18,3,0.07148792236475038,,,,,False,0.7297297297297297,drag_drop,False,explore,try_then_correct,True,explore,ocean,False,explore
False,0.4,14,18,3,0.1519118350250946,,,,,False,0.7088607594936709,drag_drop,False,explore,try_then_correct,True,explore,space,True,explore
False,0.8,15,18,2,0.004467995147796888,,,,,False,0.7142857142857143,drag_drop,False,explore,try_then_correct,True,explore,cars,False,explore
False,0.4,16,18,3,0.21446376709425113,,,,,False,0.696629213483146,drag_drop,False,explore,errorless,False,explore,space,True,explore
,,17,18,1,,0.133000395156058,0.21446376709425113,mini_game,False,True,,,,,,,,,,
False,0.8,18,18,2,0.0,,,,,False,0.702127659574468,drag_drop,False,explore,try_then_correct,True,explore,space,True,explore
False,0.8,19,18,3,0.03797795875627363,,,,,False,0.707070707070707,drag_drop,False,explore,try_then_correct,True,explore,cars,False,explore
False,0.8,20,18,3,0.049147946625765895,,,,,False,0.7115384615384615,tap,True,explore,try_then_correct,True,explore,cars,False,explore
False,1.0,21,18,3,0.0,,,,,False,0.7247706422018347,drag_drop,False,explore,try_then_correct,True,explore,cars,False,explore
False,0.8,22,18,3,0.0,,,,,False,0.7280701754385963,drag_drop,False,explore,try_then_correct,True,explore,cars,False,explore
False,0.6,23,18,3,0.0,,,,,False,0.722689075630252,tap,True,explore,try_then_correct,True,explore,space,True,explore
False,1.0,24,18,3,0.0,,,,,False,0.7338709677419354,drag_drop,False,explore,try_then_correct,True,explore,cars,False,explore
False,0.8,25,18,3,0.004467995147796888,,,,,False,0.7364341085271316,drag_drop,False,explore,try_then_correct,True,explore,cars,False,explore
False,0.8,26,18,3,0.0,,,,,False,0.7388059701492536,drag_drop,False,explore,try_then_correct,True,explore,cars,False,explore
False,0.8,27,18,3,0.0,,,,,False,0.7410071942446043,tap,True,explore,try_then_correct,True,explore,cars,False,explore
False,0.6,28,18,3,0.0312759660345783,,,,,False,0.7361111111111112,drag_drop,False,explore,try_then_correct,True,explore,space,True,explore
False,0.6,29,18,3,0.07595591751254727,,,,,False,0.7315436241610739,drag_drop,False,explore,try_then_correct,True,explore,cars,False,explore
False,0.8,30,18,3,0.0,,,,,False,0.7337662337662338,tap,True,explore,try_then_correct,True,explore,cars,False,explore
False,0.6,31,18,3,0.07595591751254727,,,,,False,0.729559748427673,drag_drop,False,explore,try_then_correct,True,explore,cars,False,explore
False,0.6,32,18,3,0.0737219199386488,,,,,False,0.7256097560975612,drag_drop,False,explore,try_then_correct,True,explore,space,True,explore
False,1.0,33,18,3,0.0,,,,,False,0.7337278106508878,tap,True,explore,try_then_correct,True,explore,cars,False,explore
False,0.8,34,18,3,0.07148792236475038,,,,,False,0.7356321839080462,drag_drop,False,explore,try_then_correct,True,explore,cars,False,explore
False,0.6,35,18,3,0.1139338762688209,,,,,False,0.7318435754189946,drag_drop,False,explore,try_then_correct,True,explore,cars,False,explore
False,1.0,36,18,3,0.0,,,,,False,0.7391304347826089,tap,True,explore,try_then_correct,True,explore,space,True,explore
False,0.6,37,18,3,0.06478592964305505,,,,,False,0.7354497354497356,tap,True,explore,try_then_correct,True,explore,cars,False,explore
False,0.8,38,18,3,0.0,,,,,False,0.7371134020618558,tap,True,explore,try_then_correct,True,explore,cars,False,explore
False,0.4,39,18,3,0.09829589325153179,,,,,False,0.7286432160804022,drag_drop,False,explore,try_then_correct,True,explore,space,True,explore
False,0.2,0,19,1,0.782625521548337,,,,,False,0.3333333333333333,drag_drop,False,explore,try_then_correct,False,explore,space,False,explore
,,1,19,1,,0.6574559835220423,0.782625521548337,mini_game,False,True,,,,,,,,,,
False,0.6,2,19,1,0.7459672032209612,,,,,False,0.42857142857142855,tap,True,explore,try_then_correct,False,explore,ocean,False,explore
False,0.8,3,19,1,0.12136444189054633,,,,,False,0.5263157894736842,tap,True,explore,errorless,True,explore,ocean,False,explore
False,0.8,4,19,2,0.14907152791396894,,,,,False,0.5833333333333334,drag_drop,False,explore,errorless,True,explore,cars,False,explore
False,1.0,5,19,2,0.0,,,,,False,0.6551724137931034,tap,True,explore,errorless,True,explore,dino,True,explore
False,1.0,6,19,3,0.0,,,,,False,0.7058823529411765,tap,True,explore,errorless,True,explore,cars,False,explore
False,1.0,7,19,3,0.0,,,,,False,0.7435897435897436,tap,True,explore,errorless,True,exploit,dino,True,explore
False,0.8,8,19,3,0.0326093967311807,,,,,False,0.75,tap,True,explore,errorless,True,exploit,cars,False,explore
False,1.0,9,19,3,0.0,,,,,False,0.7755102040816326,tap,True,explore,errorless,True,exploit,space,False,explore
False,1.0,10,19,3,0.0,,,,,False,0.7962962962962963,tap,True,explore,errorless,True,exploit,dino,True,explore
False,1.0,11,19,3,0.0,,,,,False,0.8135593220338984,tap,True,exploit,errorless,True,exploit,dino,True,explore
False,1.0,12,19,3,0.0,,,,,False,0.828125,tap,True,exploit,errorless,True,exploit,dino,True,explore
False,0.8,13,19,3,0.0,,,,,False,0.8260869565217391,tap,True,exploit,errorless,True,exploit,dino,True,explore
False,0.8,14,19,3,0.0,,,,,False,0.8243243243243243,tap,True,exploit,errorless,True,exploit,dino,True,explore
False,1.0,15,19,3,0.0,,,,,False,0.8354430379746836,tap,True,exploit,errorless,True,exploit,dino,True,explore
False,1.0,16,19,3,0.0,,,,,False,0.8452380952380952,tap,True,exploit,errorless,True,exploit,dino,True,explore
False,1.0,17,19,3,0.0,,,,,False,0.8539325842696629,tap,True,exploit,errorless,True,exploit,dino,True,explore
False,1.0,18,19,3,0.0,,,,,False,0.8617021276595744,tap,True,exploit,errorless,True,exploit,dino,True,explore
False,1.0,19,19,3,0.0,,,,,False,0.8686868686868687,tap,True,exploit,errorless,True,exploit,dino,True,explore
False,1.0,20,19,3,0.0,,,,,False,0.875,tap,True,exploit,errorless,True,exploit,dino,True,explore
False,1.0,21,19,3,0.0,,,,,False,0.8807339449541285,tap,True,exploit,errorless,True,exploit,space,False,explore
False,0.8,22,19,3,0.0,,,,,False,0.8771929824561403,tap,True,exploit,errorless,True,exploit,dino,True,explore
False,1.0,23,19,3,0.0,,,,,False,0.8823529411764706,tap,True,exploit,errorless,True,exploit,dino,True,explore
False,0.8,24,19,3,0.05590182296773835,,,,,False,0.8790322580645161,tap,True,exploit,errorless,True,exploit,dino,True,explore
False,1.0,25,19,3,0.0,,,,,False,0.8837209302325582,tap,True,exploit,errorless,True,exploit,dino,True,explore
False,1.0,26,19,3,0.0,,,,,False,0.8880597014925373,tap,True,exploit,errorless,True,exploit,dino,True,explore
False,1.0,27,19,3,0.0,,,,,False,0.8920863309352518,tap,True,exploit,errorless,True,exploit,dino,True,explore
False,1.0,28,19,3,0.0,,,,,False,0.8958333333333334,tap,True,exploit,errorless,True,exploit,dino,True,explore
False,1.0,29,19,3,0.0,,,,,False,0.8993288590604027,tap,True,exploit,errorless,True,exploit,dino,True,explore
False,1.0,30,19,3,0.0,,,,,False,0.9025974025974026,tap,True,exploit,errorless,True,exploit,dino,True,explore
False,1.0,31,19,3,0.0,,,,,False,0.9056603773584906,tap,True,exploit,errorless,True,exploit,dino,True,explore
False,1.0,32,19,3,0.0,,,,,False,0.9085365853658537,tap,True,exploit,errorless,True,exploit,dino,True,explore
False,1.0,33,19,3,0.0,,,,,False,0.9112426035502958,tap,True,exploit,errorless,True,exploit,dino,True,explore
False,1.0,34,19,3,0.0,,,,,False,0.9137931034482759,tap,True,exploit,errorless,True,exploit,dino,True,explore
False,1.0,35,19,3,0.0,,,,,False,0.9162011173184358,tap,True,exploit,errorless,True,exploit,dino,True,explore
False,0.8,36,19,3,0.05590182296773835,,,,,False,0.9130434782608695,tap,True,exploit,errorless,True,exploit,dino,True,explore
False,1.0,37,19,3,0.0,,,,,False,0.9153439153439153,tap,True,exploit,errorless,True,exploit,dino,True,explore
False,1.0,38,19,3,0.0,,,,,False,0.9175257731958762,tap,True,exploit,errorless,True,exploit,dino,True,explore
False,0.8,39,19,3,0.05590182296773835,,,,,False,0.914572864321608,tap,True,exploit,errorless,True,exploit,dino,True,explore
False,0.8,0,20,1,0.0,,,,,False,0.6666666666666666,drag_drop,True,explore,try_then_correct,False,explore,space,False,explore
False,0.8,1,20,2,0.006799972744788427,,,,,False,0.7142857142857143,drag_drop,True,explore,try_then_correct,False,explore,cars,False,explore
False,0.8,2,20,3,0.023799904606759556,,,,,False,0.7368421052631579,drag_drop,True,explore,errorless,True,explore,space,False,explore
False,0.8,3,20,3,0.10879956391661515,,,,,False,0.75,drag_drop,True,explore,try_then_correct,False,explore,cars,False,explore
False,0.4,4,20,3,0.33319866449463387,,,,,False,0.6896551724137931,drag_drop,True,explore,try_then_correct,False,explore,cars,False,explore
False,0.8,5,20,2,0.20399918234365325,,,,,False,0.7058823529411765,drag_drop,True,explore,errorless,True,explore,space,False,explore
False,1.0,6,20,2,0.0,,,,,False,0.7435897435897436,drag_drop,True,explore,errorless,True,explore,ocean,True,explore
False,1.0,7,20,3,0.0,,,,,False,0.7727272727272727,drag_drop,True,explore,errorless,True,explore,ocean,True,explore
False,1.0,8,20,3,0.0,,,,,False,0.7959183673469388,drag_drop,True,explore,errorless,True,explore,ocean,True,explore
False,0.8,9,20,3,0.0,,,,,False,0.7962962962962963,drag_drop,True,explore,errorless,True,explore,space,False,explore
False,1.0,10,20,3,0.0,,,,,False,0.8135593220338984,drag_drop,True,explore,errorless,True,explore,dino,False,explore
False,1.0,11,20,3,0.0,,,,,False,0.828125,drag_drop,True,explore,errorless,True,explore,ocean,True,explore
False,0.8,12,20,3,0.0,,,,,False,0.8260869565217391,drag_drop,True,explore,errorless,True,explore,ocean,True,explore
False,1.0,13,20,3,0.0,,,,,False,0.837837837837838,drag_drop,True,explore,errorless,True,explore,dino,False,explore
False,0.8,14,20,3,0.07479970019267292,,,,,False,0.8354430379746838,tap,False,explore,errorless,True,explore,ocean,True,explore
False,1.0,15,20,3,0.0,,,,,False,0.8452380952380955,drag_drop,True,explore,errorless,True,explore,cars,False,explore
False,0.8,16,20,3,0.023799904606759556,,,,,False,0.8426966292134833,drag_drop,True,explore,errorless,True,explore,cars,False,explore
False,0.8,17,20,3,0.023799904606759556,,,,,False,0.8404255319148938,drag_drop,True,explore,errorless,True,explore,dino,False,explore
False,1.0,18,20,3,0.0,,,,,False,0.8484848484848486,drag_drop,True,explore,errorless,True,explore,dino,False,explore
False,0.8,19,20,3,0.0,,,,,False,0.8461538461538463,drag_drop,True,explore,errorless,True,explore,space,False,explore
False,1.0,20,20,3,0.0,,,,,False,0.853211009174312,drag_drop,True,explore,errorless,True,explore,ocean,True,explore
False,1.0,21,20,3,0.0,,,,,False,0.8596491228070177,drag_drop,True,explore,errorless,True,explore,space,False,explore
False,1.0,22,20,3,0.0,,,,,False,0.8655462184873951,tap,False,explore,errorless,True,explore,ocean,True,explore
False,1.0,23,20,3,0.0,,,,,False,0.870967741935484,drag_drop,True,explore,errorless,True,explore,ocean,True,explore
False,0.8,24,20,3,0.0,,,,,False,0.868217054263566,tap,False,explore,errorless,True,explore,ocean,True,explore
False,1.0,25,20,3,0.0,,,,,False,0.873134328358209,drag_drop,True,explore,errorless,True,explore,ocean,True,explore
False,1.0,26,20,3,0.0,,,,,False,0.8776978417266188,drag_drop,True,explore,errorless,True,explore,ocean,True,explore
False,1.0,27,20,3,0.0,,,,,False,0.8819444444444444,drag_drop,True,explore,errorless,True,exploit,space,False,explore
False,1.0,28,20,3,0.0,,,,,False,0.8859060402684564,drag_drop,True,explore,errorless,True,exploit,ocean,True,explore
False,1.0,29,20,3,0.0,,,,,False,0.8896103896103896,drag_drop,True,explore,errorless,True,exploit,ocean,True,explore
False,1.0,30,20,3,0.0,,,,,False,0.8930817610062893,drag_drop,True,explore,errorless,True,exploit,ocean,True,explore
False,1.0,31,20,3,0.0,,,,,False,0.8963414634146342,drag_drop,True,explore,errorless,True,exploit,dino,False,explore
False,1.0,32,20,3,0.0,,,,,False,0.8994082840236687,drag_drop,True,explore,errorless,True,exploit,ocean,True,explore
False,1.0,33,20,3,0.0,,,,,False,0.9022988505747126,drag_drop,True,explore,errorless,True,exploit,ocean,True,explore
False,1.0,34,20,3,0.0,,,,,False,0.9050279329608939,drag_drop,True,explore,errorless,True,exploit,ocean,True,explore
False,1.0,35,20,3,0.0,,,,,False,0.907608695652174,drag_drop,True,explore,errorless,True,exploit,ocean,True,explore
False,1.0,36,20,3,0.0,,,,,False,0.91005291005291,drag_drop,True,explore,errorless,True,exploit,ocean,True,explore
False,1.0,37,20,3,0.0,,,,,False,0.9123711340206185,drag_drop,True,explore,errorless,True,exploit,ocean,True,explore
False,1.0,38,20,3,0.0,,,,,False,0.914572864321608,tap,False,explore,errorless,True,exploit,ocean,True,explore
False,0.8,39,20,3,0.0,,,,,False,0.9117647058823529,drag_drop,True,explore,errorless,True,exploit,ocean,True,explore
True,0.5,0,21,1,0.19530435621102502,,,,,False,0.5,tap,True,explore,try_then_correct,False,explore,dino,False,explore
False,0.6,1,21,1,0.20751087847421407,,,,,False,0.5454545454545454,tap,True,explore,try_then_correct,False,explore,dino,False,explore
False,0.4,2,21,1,0.6103261131594532,,,,,False,0.5,drag_drop,False,explore,try_then_correct,False,explore,cars,True,explore
True,0.5,3,21,1,0.653048941080615,,,,,False,0.5,tap,True,explore,errorless,True,explore,dino,False,explore
True,0.0,4,21,1,0.5175565439592164,,,,,False,0.47368421052631576,drag_drop,False,explore,try_then_correct,False,explore,ocean,False,explore
True,0.0,5,21,1,0.5976313300057366,,,,,False,0.42857142857142855,drag_drop,False,explore,try_then_correct,False,explore,cars,True,explore
False,0.6,6,21,1,0.23294927087070014,,,,,False,0.46153846153846156,tap,True,explore,errorless,True,explore,dino,False,explore
False,1.0,7,21,1,0.0,,,,,False,0.5483870967741935,tap,True,explore,errorless,True,explore,cars,True,explore
False,0.6,8,21,2,0.1342717448950797,,,,,False,0.5555555555555556,tap,True,explore,errorless,True,explore,space,False,explore
False,0.8,9,21,2,0.1342717448950797,,,,,False,0.5853658536585366,tap,True,explore,errorless,True,explore,ocean,False,explore
False,0.4,10,21,3,0.35398914563248285,,,,,False,0.5652173913043479,tap,True,explore,errorless,True,explore,space,False,explore
False,1.0,11,21,2,0.0,,,,,False,0.6078431372549019,tap,True,explore,errorless,True,explore,cars,True,explore
False,1.0,12,21,3,0.0,,,,,False,0.6428571428571429,tap,True,explore,errorless,True,explore,ocean,False,explore
False,1.0,13,21,3,0.0,,,,,False,0.6721311475409836,tap,True,explore,errorless,True,explore,cars,True,explore
False,1.0,14,21,3,0.0,,,,,False,0.696969696969697,tap,True,exploit,errorless,True,exploit,cars,True,explore
False,1.0,15,21,3,0.0,,,,,False,0.7183098591549296,tap,True,exploit,errorless,True,exploit,cars,True,explore
False,1.0,16,21,3,0.0,,,,,False,0.7368421052631579,tap,True,exploit,errorless,True,exploit,cars,True,explore
False,1.0,17,21,3,0.0,,,,,False,0.7530864197530864,tap,True,exploit,errorless,True,exploit,cars,True,explore
False,1.0,18,21,3,0.0,,,,,False,0.7674418604651163,tap,True,exploit,errorless,True,exploit,dino,False,explore
False,1.0,19,21,3,0.0,,,,,False,0.7802197802197802,tap,True,exploit,errorless,True,exploit,cars,True,explore
False,1.0,20,21,3,0.0,,,,,False,0.7916666666666666,tap,True,exploit,errorless,True,exploit,cars,True,explore
False,1.0,21,21,3,0.0,,,,,False,0.801980198019802,tap,True,exploit,errorless,True,exploit,cars,True,explore
False,1.0,22,21,3,0.0,,,,,False,0.8113207547169812,tap,True,exploit,errorless,True,exploit,cars,True,explore
False,1.0,23,21,3,0.0,,,,,False,0.8198198198198198,tap,True,exploit,errorless,True,exploit,cars,True,explore
False,1.0,24,21,3,0.0,,,,,False,0.8275862068965517,tap,True,exploit,errorless,True,exploit,cars,True,explore
False,1.0,25,21,3,0.0,,,,,False,0.8347107438016529,tap,True,exploit,errorless,True,exploit,cars,True,explore
False,1.0,26,21,3,0.0,,,,,False,0.8412698412698413,tap,True,exploit,errorless,True,exploit,cars,True,explore
False,1.0,27,21,3,0.0,,,,,False,0.8473282442748091,tap,True,exploit,errorless,True,exploit,cars,True,explore
False,1.0,28,21,3,0.0,,,,,False,0.8529411764705882,tap,True,exploit,errorless,True,exploit,cars,True,explore
False,1.0,29,21,3,0.0,,,,,False,0.8581560283687943,tap,True,exploit,errorless,True,exploit,cars,True,explore
False,1.0,30,21,3,0.0,,,,,False,0.8630136986301369,tap,True,exploit,errorless,True,exploit,cars,True,explore
False,1.0,31,21,3,0.0,,,,,False,0.867549668874172,tap,True,exploit,errorless,True,exploit,cars,True,explore
False,1.0,32,21,3,0.0,,,,,False,0.8717948717948716,tap,True,exploit,errorless,True,exploit,cars,True,exploit
False,1.0,33,21,3,0.0,,,,,False,0.8757763975155278,tap,True,exploit,errorless,True,exploit,cars,True,exploit
False,1.0,34,21,3,0.0,,,,,False,0.8795180722891565,tap,True,exploit,errorless,True,exploit,cars,True,exploit
False,1.0,35,21,3,0.0,,,,,False,0.8830409356725144,tap,True,exploit,errorless,True,exploit,cars,True,exploit
False,1.0,36,21,3,0.0,,,,,False,0.8863636363636362,tap,True,exploit,errorless,True,exploit,cars,True,exploit
False,1.0,37,21,3,0.0,,,,,False,0.8895027624309391,tap,True,exploit,errorless,True,exploit,cars,True,exploit
False,1.0,38,21,3,0.0,,,,,False,0.8924731182795698,tap,True,exploit,errorless,True,exploit,cars,True,exploit
False,0.8,39,21,3,0.0,,,,,False,0.8900523560209422,tap,True,exploit,errorless,True,exploit,cars,True,exploit
False,0.8,0,22,1,0.0,,,,,False,0.6666666666666666,tap,True,explore,try_then_correct,True,explore,space,False,explore
False,0.8,1,22,2,0.07196108313098781,,,,,False,0.7142857142857143,tap,True,explore,try_then_correct,True,explore,space,False,explore
False,0.4,2,22,3,0.189715582799877,,,,,False,0.631578947368421,tap,True,explore,try_then_correct,True,explore,dino,False,explore
False,1.0,3,22,2,0.0,,,,,False,0.7083333333333331,tap,True,explore,try_then_correct,True,explore,ocean,True,explore
False,1.0,4,22,3,0.0,,,,,False,0.7586206896551723,tap,True,explore,try_then_correct,True,explore,ocean,True,explore
False,1.0,5,22,3,0.0,,,,,False,0.7941176470588234,drag_drop,False,explore,try_then_correct,True,explore,ocean,True,explore
False,1.0,6,22,3,0.0,,,,,False,0.8205128205128203,tap,True,explore,try_then_correct,True,explore,ocean,True,explore
False,1.0,7,22,3,0.0,,,,,False,0.8409090909090907,tap,True,explore,try_then_correct,True,explore,ocean,True,explore
False,1.0,8,22,3,0.0,,,,,False,0.857142857142857,tap,True,explore,try_then_correct,True,explore,ocean,True,explore
False,0.8,9,22,3,0.0,,,,,False,0.8518518518518517,tap,True,explore,try_then_correct,True,explore,space,False,explore
False,1.0,10,22,3,0.0,,,,,False,0.8644067796610169,tap,True,explore,try_then_correct,True,explore,ocean,True,explore
False,1.0,11,22,3,0.0,,,,,False,0.8749999999999999,tap,True,explore,try_then_correct,True,explore,ocean,True,explore
False,1.0,12,22,3,0.0,,,,,False,0.8840579710144927,tap,True,explore,try_then_correct,True,explore,ocean,True,explore
False,1.0,13,22,3,0.0,,,,,False,0.8918918918918919,tap,True,explore,errorless,False,explore,ocean,True,explore
False,1.0,14,22,3,0.0,,,,,False,0.8987341772151899,drag_drop,False,explore,try_then_correct,True,explore,ocean,True,explore
False,1.0,15,22,3,0.0,,,,,False,0.9047619047619048,drag_drop,False,explore,errorless,False,explore,ocean,True,explore
False,1.0,16,22,3,0.0,,,,,False,0.9101123595505618,drag_drop,False,explore,errorless,False,explore,ocean,True,explore
False,0.8,17,22,3,0.0,,,,,False,0.9042553191489362,drag_drop,False,explore,try_then_correct,True,explore,ocean,True,explore
False,0.8,18,22,3,0.0,,,,,False,0.898989898989899,drag_drop,False,explore,errorless,False,explore,ocean,True,explore
False,1.0,19,22,3,0.0,,,,,False,0.9038461538461539,drag_drop,False,explore,try_then_correct,True,explore,ocean,True,explore
False,1.0,20,22,3,0.0,,,,,False,0.908256880733945,tap,True,explore,try_then_correct,True,explore,ocean,True,explore
False,0.8,21,22,3,0.055606291510308756,,,,,False,0.9035087719298246,drag_drop,False,explore,try_then_correct,True,explore,space,False,explore
False,1.0,22,22,3,0.0,,,,,False,0.907563025210084,tap,True,explore,try_then_correct,True,explore,ocean,True,explore
False,1.0,23,22,3,0.0,,,,,False,0.9112903225806451,tap,True,explore,try_then_correct,True,explore,ocean,True,explore
False,1.0,24,22,3,0.0,,,,,False,0.9147286821705426,drag_drop,False,explore,try_then_correct,True,explore,ocean,True,explore
False,1.0,25,22,3,0.0,,,,,False,0.917910447761194,tap,True,explore,errorless,False,explore,ocean,True,explore
False,1.0,26,22,3,0.0,,,,,False,0.920863309352518,tap,True,explore,try_then_correct,True,explore,ocean,True,explore
False,1.0,27,22,3,0.0,,,,,False,0.9236111111111112,tap,True,explore,try_then_correct,True,explore,ocean,True,explore
False,1.0,28,22,3,0.0,,,,,False,0.9261744966442953,tap,True,explore,try_then_correct,True,explore,ocean,True,explore
False,1.0,29,22,3,0.0,,,,,False,0.9285714285714286,tap,True,explore,errorless,False,explore,ocean,True,explore
False,1.0,30,22,3,0.0,,,,,False,0.9308176100628931,tap,True,explore,errorless,False,explore,ocean,True,explore
False,0.8,31,22,3,0.0,,,,,False,0.926829268292683,tap,True,explore,errorless,False,explore,ocean,True,explore
False,1.0,32,22,3,0.0,,,,,False,0.9289940828402367,tap,True,explore,errorless,False,explore,ocean,True,explore
False,1.0,33,22,3,0.0,,,,,False,0.9310344827586207,tap,True,explore,errorless,False,explore,ocean,True,explore
False,1.0,34,22,3,0.0,,,,,False,0.9329608938547486,tap,True,explore,errorless,False,explore,ocean,True,explore
False,1.0,35,22,3,0.0,,,,,False,0.9347826086956522,tap,True,explore,errorless,False,explore,ocean,True,explore
False,1.0,36,22,3,0.0,,,,,False,0.9365079365079365,tap,True,explore,errorless,False,explore,ocean,True,explore
False,1.0,37,22,3,0.0,,,,,False,0.9381443298969072,tap,True,explore,errorless,False,explore,ocean,True,explore
False,1.0,38,22,3,0.0,,,,,False,0.9396984924623115,tap,True,explore,errorless,False,explore,ocean,True,explore
False,1.0,39,22,3,0.0,,,,,False,0.9411764705882353,tap,True,explore,errorless,False,explore,ocean,True,explore
False,1.0,0,23,1,0.0,,,,,False,0.7777777777777778,tap,False,explore,try_then_correct,False,explore,ocean,False,explore
False,0.8,1,23,2,0.024198558588915814,,,,,False,0.7857142857142857,tap,False,explore,try_then_correct,False,explore,ocean,False,explore
False,1.0,2,23,3,0.0,,,,,False,0.8421052631578947,tap,False,explore,try_then_correct,False,explore,ocean,False,explore
False,0.8,3,23,3,0.054446756825060574,,,,,False,0.8333333333333334,tap,False,explore,try_then_correct,False,explore,ocean,False,explore
False,1.0,4,23,3,0.0,,,,,False,0.8620689655172413,tap,False,explore,try_then_correct,False,explore,ocean,False,explore
False,0.6,5,23,3,0.1391417118862659,,,,,False,0.8235294117647058,tap,False,explore,try_then_correct,False,explore,ocean,False,explore
False,1.0,6,23,3,0.0,,,,,False,0.8461538461538464,tap,False,explore,errorless,True,explore,ocean,False,explore
False,1.0,7,23,3,0.0,,,,,False,0.8636363636363638,tap,False,explore,errorless,True,explore,ocean,False,explore
False,1.0,8,23,3,0.0,,,,,False,0.8775510204081635,tap,False,explore,errorless,True,explore,ocean,False,explore
False,1.0,9,23,3,0.0,,,,,False,0.8888888888888891,tap,False,explore,errorless,True,explore,ocean,False,explore
False,0.8,10,23,3,0.03428129133429739,,,,,False,0.8813559322033899,tap,False,explore,errorless,True,explore,ocean,False,explore
False,0.8,11,23,3,0.004033093098152626,,,,,False,0.8750000000000001,tap,False,explore,errorless,True,explore,ocean,False,explore
False,1.0,12,23,3,0.0,,,,,False,0.8840579710144929,tap,False,explore,errorless,True,explore,ocean,False,explore
False,1.0,13,23,3,0.0,,,,,False,0.8918918918918921,tap,False,explore,errorless,True,explore,ocean,False,explore
False,1.0,14,23,3,0.0,,,,,False,0.89873417721519,tap,False,explore,errorless,True,explore,ocean,False,explore
False,1.0,15,23,3,0.0,,,,,False,0.9047619047619049,tap,False,explore,errorless,True,explore,ocean,False,explore
False,1.0,16,23,3,0.0,,,,,False,0.9101123595505619,tap,False,explore,try_then_correct,False,explore,ocean,False,explore
False,0.8,17,23,3,0.0,,,,,False,0.9042553191489363,tap,False,explore,try_then_correct,False,explore,ocean,False,explore
False,1.0,18,23,3,0.0,,,,,False,0.9090909090909093,tap,False,explore,errorless,True,explore,ocean,False,explore
False,1.0,19,23,3,0.0,,,,,False,0.9134615384615385,tap,False,explore,errorless,True,explore,ocean,False,explore
False,0.8,20,23,3,0.004033093098152626,,,,,False,0.9082568807339451,tap,False,explore,errorless,True,explore,ocean,False,explore
False,1.0,21,23,3,0.0,,,,,False,0.9122807017543861,tap,False,explore,errorless,True,explore,ocean,False,explore
False,1.0,22,23,3,0.0,,,,,False,0.9159663865546219,tap,False,explore,errorless,True,explore,ocean,False,explore
False,1.0,23,23,3,0.0,,,,,False,0.9193548387096775,tap,False,explore,errorless,True,explore,ocean,False,explore
False,1.0,24,23,3,0.0,,,,,False,0.9224806201550388,tap,False,explore,errorless,True,explore,dino,False,explore
False,1.0,25,23,3,0.0,,,,,False,0.9253731343283583,tap,False,explore,errorless,True,explore,dino,False,explore
False,1.0,26,23,3,0.0,,,,,False,0.9280575539568345,tap,False,explore,errorless,True,explore,ocean,False,explore
False,1.0,27,23,3,0.0,,,,,False,0.9305555555555556,tap,False,explore,errorless,True,explore,ocean,False,explore
False,1.0,28,23,3,0.0,,,,,False,0.9328859060402684,tap,False,explore,errorless,True,explore,ocean,False,explore
False,1.0,29,23,3,0.0,,,,,False,0.935064935064935,tap,False,explore,errorless,True,explore,ocean,False,explore
False,1.0,30,23,3,0.0,,,,,False,0.9371069182389937,tap,False,explore,errorless,True,explore,ocean,False,explore
False,0.8,31,23,3,0.0,,,,,False,0.9329268292682927,tap,False,explore,errorless,True,explore,ocean,False,explore
False,1.0,32,23,3,0.0,,,,,False,0.9349112426035503,tap,False,explore,errorless,True,explore,ocean,False,explore
False,1.0,33,23,3,0.0,,,,,False,0.9367816091954023,tap,False,explore,errorless,True,explore,ocean,False,explore
False,1.0,34,23,3,0.0,,,,,False,0.9385474860335196,tap,False,explore,errorless,True,explore,ocean,False,explore
False,1.0,35,23,3,0.0,,,,,False,0.9402173913043478,tap,False,explore,errorless,True,explore,dino,False,explore
False,1.0,36,23,3,0.0,,,,,False,0.9417989417989417,tap,False,explore,errorless,True,explore,ocean,False,explore
False,1.0,37,23,3,0.0,,,,,False,0.9432989690721649,tap,False,explore,errorless,True,explore,ocean,False,explore
False,1.0,38,23,3,0.0,,,,,False,0.9447236180904522,tap,False,explore,errorless,True,explore,dino,False,explore
False,0.8,39,23,3,0.004033093098152626,,,,,False,0.9411764705882353,tap,False,explore,errorless,True,explore,dino,False,explore
False,1.0,0,24,1,0.0,,,,,False,0.7777777777777778,tap,True,explore,try_then_correct,True,explore,dino,False,explore
False,1.0,1,24,2,0.0,,,,,False,0.8571428571428571,drag_drop,False,explore,try_then_correct,True,explore,dino,False,explore
False,1.0,2,24,3,0.0,,,,,False,0.8947368421052632,tap,True,explore,try_then_correct,True,explore,dino,False,explore
False,1.0,3,24,3,0.0,,,,,False,0.9166666666666666,drag_drop,False,explore,try_then_correct,True,explore,dino,False,explore
False,0.8,4,24,3,0.0,,,,,False,0.896551724137931,tap,True,explore,try_then_correct,True,explore,dino,False,explore
False,0.8,5,24,3,0.036858232286159226,,,,,False,0.8823529411764706,drag_drop,False,explore,try_then_correct,True,explore,dino,False,explore
False,1.0,6,24,3,0.0,,,,,False,0.8974358974358975,tap,True,explore,try_then_correct,True,explore,dino,False,explore
False,1.0,7,24,3,0.0,,,,,False,0.9090909090909091,drag_drop,False,explore,try_then_correct,True,explore,dino,False,explore
False,1.0,8,24,3,0.0,,,,,False,0.9183673469387755,drag_drop,False,explore,try_then_correct,True,explore,dino,False,explore
False,1.0,9,24,3,0.0,,,,,False,0.9259259259259259,tap,True,explore,try_then_correct,True,explore,dino,False,explore
False,1.0,10,24,3,0.0,,,,,False,0.9322033898305084,drag_drop,False,explore,try_then_correct,True,explore,dino,False,explore
False,0.8,11,24,3,0.036858232286159226,,,,,False,0.921875,drag_drop,False,explore,try_then_correct,True,explore,dino,False,explore
False,1.0,12,24,3,0.0,,,,,False,0.927536231884058,drag_drop,False,explore,try_then_correct,True,explore,dino,False,explore
False,0.8,13,24,3,0.0,,,,,False,0.918918918918919,drag_drop,False,explore,try_then_correct,True,explore,dino,False,explore
False,0.8,14,24,3,0.0,,,,,False,0.9113924050632911,tap,True,explore,try_then_correct,True,explore,dino,False,explore
False,0.8,15,24,3,0.0,,,,,False,0.9047619047619048,drag_drop,False,explore,try_then_correct,True,explore,dino,False,explore
False,1.0,16,24,3,0.0,,,,,False,0.9101123595505618,tap,True,explore,try_then_correct,True,explore,dino,False,explore
False,1.0,17,24,3,0.0,,,,,False,0.9148936170212766,tap,True,explore,try_then_correct,True,explore,dino,False,explore
False,1.0,18,24,3,0.0,,,,,False,0.9191919191919192,tap,True,explore,try_then_correct,True,explore,dino,False,explore
False,1.0,19,24,3,0.0,,,,,False,0.9230769230769231,tap,True,explore,try_then_correct,True,explore,dino,False,explore
False,1.0,20,24,3,0.0,,,,,False,0.926605504587156,tap,True,explore,try_then_correct,True,explore,dino,False,explore
False,1.0,21,24,3,0.0,,,,,False,0.9298245614035088,tap,True,explore,try_then_correct,True,explore,dino,False,explore
False,1.0,22,24,3,0.0,,,,,False,0.9327731092436975,tap,True,explore,try_then_correct,True,explore,dino,False,explore
False,1.0,23,24,3,0.0,,,,,False,0.9354838709677419,drag_drop,False,explore,try_then_correct,True,explore,dino,False,explore
False,1.0,24,24,3,0.0,,,,,False,0.937984496124031,tap,True,explore,try_then_correct,True,explore,dino,False,explore
False,1.0,25,24,3,0.0,,,,,False,0.9402985074626866,tap,True,explore,try_then_correct,True,explore,dino,False,explore
False,1.0,26,24,3,0.0,,,,,False,0.9424460431654677,tap,True,explore,try_then_correct,True,explore,dino,False,explore
False,1.0,27,24,3,0.0,,,,,False,0.9444444444444444,tap,True,explore,try_then_correct,True,explore,dino,False,explore
False,0.8,28,24,3,0.0,,,,,False,0.9395973154362416,tap,True,explore,try_then_correct,True,explore,dino,False,explore
False,1.0,29,24,3,0.0,,,,,False,0.9415584415584416,tap,True,explore,try_then_correct,True,explore,dino,False,explore
False,1.0,30,24,3,0.0,,,,,False,0.9433962264150944,tap,True,explore,try_then_correct,True,explore,dino,False,explore
False,1.0,31,24,3,0.0,,,,,False,0.9451219512195121,drag_drop,False,explore,try_then_correct,True,explore,dino,False,explore
False,1.0,32,24,3,0.0,,,,,False,0.9467455621301775,tap,True,explore,try_then_correct,True,explore,space,False,explore
False,1.0,33,24,3,0.0,,,,,False,0.9482758620689655,drag_drop,False,explore,try_then_correct,True,explore,dino,False,explore
False,1.0,34,24,3,0.0,,,,,False,0.9497206703910615,tap,True,explore,try_then_correct,True,explore,dino,False,explore
False,1.0,35,24,3,0.0,,,,,False,0.9510869565217391,tap,True,explore,try_then_correct,True,explore,dino,False,explore
False,1.0,36,24,3,0.0,,,,,False,0.9523809523809523,drag_drop,False,explore,try_then_correct,True,explore,dino,False,explore
False,1.0,37,24,3,0.0,,,,,False,0.9536082474226805,tap,True,explore,try_then_correct,True,explore,dino,False,explore
False,1.0,38,24,3,0.0,,,,,False,0.9547738693467337,tap,True,explore,try_then_correct,True,explore,space,False,explore
False,1.0,39,24,3,0.0,,,,,False,0.9558823529411765,tap,True,explore,try_then_correct,True,explore,dino,False,explore
False,0.6,0,25,1,0.17622124787861143,,,,,False,0.5555555555555556,tap,True,explore,errorless,False,explore,ocean,False,explore
False,0.8,1,25,1,0.08811062393930572,,,,,False,0.6428571428571429,tap,True,explore,errorless,False,explore,cars,False,explore
False,0.8,2,25,1,0.03628084515147882,,,,,False,0.6842105263157895,tap,True,explore,errorless,False,explore,dino,True,explore
False,0.8,3,25,2,0.03628084515147882,,,,,False,0.7083333333333334,tap,True,explore,errorless,False,explore,dino,True,explore
True,0.3333333333333333,4,25,3,0.1865872036361768,,,,,False,0.6666666666666666,tap,True,explore,errorless,False,explore,dino,True,explore
False,1.0,5,25,2,0.0,,,,,False,0.71875,tap,True,explore,errorless,False,explore,cars,False,explore
False,1.0,6,25,3,0.0,,,,,False,0.7567567567567568,drag_drop,False,explore,try_then_correct,True,explore,cars,False,explore
False,1.0,7,25,3,0.0,,,,,False,0.7857142857142857,drag_drop,False,explore,try_then_correct,True,explore,cars,False,explore
False,1.0,8,25,3,0.0,,,,,False,0.8085106382978723,drag_drop,False,explore,errorless,False,explore,ocean,False,explore
False,1.0,9,25,3,0.0,,,,,False,0.8269230769230769,drag_drop,False,explore,try_then_correct,True,explore,cars,False,explore
False,1.0,10,25,3,0.0,,,,,False,0.8421052631578947,drag_drop,False,explore,try_then_correct,True,explore,cars,False,explore
False,1.0,11,25,3,0.0,,,,,False,0.8548387096774194,drag_drop,False,explore,try_then_correct,True,explore,cars,False,explore
False,1.0,12,25,3,0.0,,,,,False,0.8656716417910447,drag_drop,False,explore,try_then_correct,True,explore,cars,False,explore
False,0.8,13,25,3,0.010365955757565354,,,,,False,0.8611111111111112,drag_drop,False,exploit,try_then_correct,True,explore,cars,False,exploit
False,1.0,14,25,3,0.0,,,,,False,0.8701298701298701,drag_drop,False,explore,try_then_correct,True,explore,cars,False,explore
False,1.0,15,25,3,0.0,,,,,False,0.8780487804878049,drag_drop,False,exploit,try_then_correct,True,explore,cars,False,exploit
False,1.0,16,25,3,0.0,,,,,False,0.8850574712643678,drag_drop,False,exploit,try_then_correct,True,explore,cars,False,exploit
False,1.0,17,25,3,0.0,,,,,False,0.8913043478260869,drag_drop,False,exploit,try_then_correct,True,explore,cars,False,exploit
False,0.8,18,25,3,0.08811062393930572,,,,,False,0.8865979381443299,drag_drop,False,exploit,try_then_correct,True,exploit,cars,False,exploit
False,0.8,19,25,3,0.010365955757565354,,,,,False,0.8823529411764706,drag_drop,False,exploit,try_then_correct,True,explore,cars,False,exploit
False,1.0,20,25,3,0.0,,,,,False,0.8878504672897196,drag_drop,False,exploit,try_then_correct,True,explore,ocean,False,exploit
False,1.0,21,25,3,0.0,,,,,False,0.8928571428571429,drag_drop,False,exploit,try_then_correct,True,explore,cars,False,exploit
False,1.0,22,25,3,0.0,,,,,False,0.8974358974358975,drag_drop,False,exploit,try_then_correct,True,explore,cars,False,exploit
False,0.8,23,25,3,0.08811062393930572,,,,,False,0.8934426229508197,drag_drop,False,exploit,try_then_correct,True,explore,cars,False,exploit
False,1.0,24,25,3,0.0,,,,,False,0.8976377952755905,drag_drop,False,exploit,try_then_correct,True,explore,cars,False,exploit
False,1.0,25,25,3,0.0,,,,,False,0.9015151515151515,drag_drop,False,exploit,try_then_correct,True,explore,cars,False,exploit
False,1.0,26,25,3,0.0,,,,,False,0.9051094890510949,drag_drop,False,exploit,try_then_correct,True,explore,cars,False,exploit
False,1.0,27,25,3,0.0,,,,,False,0.9084507042253521,drag_drop,False,exploit,try_then_correct,True,exploit,cars,False,exploit
False,1.0,28,25,3,0.0,,,,,False,0.9115646258503401,drag_drop,False,exploit,try_then_correct,True,exploit,cars,False,exploit
False,0.8,29,25,3,0.08811062393930572,,,,,False,0.9078947368421053,drag_drop,False,exploit,try_then_correct,True,exploit,cars,False,exploit
False,1.0,30,25,3,0.0,,,,,False,0.910828025477707,drag_drop,False,exploit,try_then_correct,True,exploit,cars,False,exploit
False,1.0,31,25,3,0.0,,,,,False,0.9135802469135802,drag_drop,False,exploit,try_then_correct,True,exploit,cars,False,exploit
False,1.0,32,25,3,0.0,,,,,False,0.9161676646706587,drag_drop,False,exploit,try_then_correct,True,exploit,cars,False,exploit
False,1.0,33,25,3,0.0,,,,,False,0.9186046511627907,drag_drop,False,exploit,try_then_correct,True,exploit,cars,False,exploit
False,0.8,34,25,3,0.16585529212104608,,,,,False,0.9152542372881356,drag_drop,False,exploit,try_then_correct,True,exploit,cars,False,exploit
False,1.0,35,25,3,0.0,,,,,False,0.9175824175824175,drag_drop,False,exploit,try_then_correct,True,exploit,cars,False,exploit
False,1.0,36,25,3,0.0,,,,,False,0.9197860962566845,drag_drop,False,exploit,try_then_correct,True,exploit,cars,False,exploit
False,1.0,37,25,3,0.0,,,,,False,0.921875,drag_drop,False,exploit,try_then_correct,True,exploit,cars,False,exploit
False,1.0,38,25,3,0.0,,,,,False,0.9238578680203046,drag_drop,False,exploit,try_then_correct,True,exploit,cars,False,exploit
False,1.0,39,25,3,0.0,,,,,False,0.9257425742574258,drag_drop,False,exploit,try_then_correct,True,exploit,cars,False,exploit
False,1.0,0,26,1,0.0,,,,,False,0.7777777777777778,drag_drop,False,explore,try_then_correct,True,explore,cars,False,explore
False,1.0,1,26,2,0.0,,,,,False,0.8571428571428571,drag_drop,False,explore,try_then_correct,True,explore,cars,False,explore
False,1.0,2,26,3,0.0,,,,,False,0.8947368421052632,drag_drop,False,explore,try_then_correct,True,explore,cars,False,explore
False,1.0,3,26,3,0.0,,,,,False,0.9166666666666666,drag_drop,False,explore,try_then_correct,True,explore,cars,False,explore
False,1.0,4,26,3,0.0,,,,,False,0.9310344827586207,drag_drop,False,explore,try_then_correct,True,explore,cars,False,explore
False,1.0,5,26,3,0.0,,,,,False,0.9411764705882353,drag_drop,False,explore,try_then_correct,True,explore,cars,False,explore
False,0.8,6,26,3,0.11360636321333333,,,,,False,0.9230769230769231,drag_drop,False,explore,try_then_correct,True,explore,cars,False,explore
False,0.8,7,26,3,0.049702783905833305,,,,,False,0.9090909090909091,drag_drop,False,explore,errorless,False,explore,cars,False,explore
False,1.0,8,26,3,0.0,,,,,False,0.9183673469387755,drag_drop,False,explore,try_then_correct,True,explore,cars,False,explore
False,0.8,9,26,3,0.007100397700833316,,,,,False,0.9074074074074074,drag_drop,False,explore,try_then_correct,True,explore,cars,False,explore
False,0.8,10,26,3,0.007100397700833316,,,,,False,0.8983050847457628,drag_drop,False,explore,try_then_correct,True,explore,cars,False,explore
False,1.0,11,26,3,0.0,,,,,False,0.90625,drag_drop,False,explore,try_then_correct,True,explore,dino,False,explore
False,1.0,12,26,3,0.0,,,,,False,0.9130434782608695,drag_drop,False,explore,try_then_correct,True,explore,cars,False,explore
False,1.0,13,26,3,0.0,,,,,False,0.9189189189189187,drag_drop,False,explore,try_then_correct,True,explore,dino,False,explore
False,0.8,14,26,3,0.0,,,,,False,0.911392405063291,drag_drop,False,explore,try_then_correct,True,explore,cars,False,explore
False,1.0,15,26,3,0.0,,,,,False,0.9166666666666665,drag_drop,False,explore,try_then_correct,True,explore,dino,False,explore
False,1.0,16,26,3,0.0,,,,,False,0.9213483146067414,drag_drop,False,explore,try_then_correct,True,explore,cars,False,explore
False,1.0,17,26,3,0.0,,,,,False,0.9255319148936169,drag_drop,False,explore,try_then_correct,True,explore,cars,False,explore
False,1.0,18,26,3,0.0,,,,,False,0.9292929292929292,drag_drop,False,explore,try_then_correct,True,explore,cars,False,explore
False,1.0,19,26,3,0.0,,,,,False,0.9326923076923076,drag_drop,False,explore,try_then_correct,True,explore,cars,False,explore
False,1.0,20,26,3,0.0,,,,,False,0.9357798165137613,drag_drop,False,explore,try_then_correct,True,explore,cars,False,explore
False,1.0,21,26,3,0.0,,,,,False,0.9385964912280701,drag_drop,False,explore,try_then_correct,True,explore,cars,False,explore
False,1.0,22,26,3,0.0,,,,,False,0.9411764705882352,drag_drop,False,explore,try_then_correct,True,explore,cars,False,explore
False,0.8,23,26,3,0.007100397700833316,,,,,False,0.9354838709677418,drag_drop,False,explore,try_then_correct,True,explore,dino,False,explore
False,0.8,24,26,3,0.0,,,,,False,0.9302325581395348,drag_drop,False,explore,try_then_correct,True,explore,cars,False,explore
False,1.0,25,26,3,0.0,,,,,False,0.9328358208955222,drag_drop,False,explore,try_then_correct,True,explore,cars,False,explore
False,0.8,26,26,3,0.0,,,,,False,0.9280575539568343,drag_drop,False,explore,try_then_correct,True,explore,cars,False,explore
False,1.0,27,26,3,0.0,,,,,False,0.9305555555555554,drag_drop,False,explore,try_then_correct,True,explore,cars,False,explore
False,1.0,28,26,3,0.0,,,,,False,0.9328859060402682,drag_drop,False,explore,try_then_correct,True,explore,cars,False,explore
False,1.0,29,26,3,0.0,,,,,False,0.9350649350649349,drag_drop,False,explore,try_then_correct,True,explore,cars,False,explore
False,1.0,30,26,3,0.0,,,,,False,0.9371069182389935,drag_drop,False,explore,try_then_correct,True,explore,cars,False,explore
False,1.0,31,26,3,0.0,,,,,False,0.9390243902439023,drag_drop,False,explore,try_then_correct,True,explore,cars,False,explore
False,1.0,32,26,3,0.0,,,,,False,0.9408284023668637,drag_drop,False,explore,try_then_correct,True,explore,cars,False,explore
False,1.0,33,26,3,0.0,,,,,False,0.9425287356321838,drag_drop,False,explore,try_then_correct,True,explore,dino,False,explore
False,1.0,34,26,3,0.0,,,,,False,0.9441340782122903,drag_drop,False,explore,try_then_correct,True,explore,dino,False,explore
False,1.0,35,26,3,0.0,,,,,False,0.9456521739130433,drag_drop,False,explore,try_then_correct,True,explore,cars,False,explore
False,1.0,36,26,3,0.0,,,,,False,0.947089947089947,drag_drop,False,explore,try_then_correct,True,explore,cars,False,explore
False,1.0,37,26,3,0.0,,,,,False,0.9484536082474225,drag_drop,False,explore,try_then_correct,True,explore,cars,False,explore
False,1.0,38,26,3,0.0,,,,,False,0.9497487437185929,drag_drop,False,explore,try_then_correct,True,explore,dino,False,explore
False,1.0,39,26,3,0.0,,,,,False,0.9509803921568626,drag_drop,False,explore,try_then_correct,True,explore,cars,False,explore
True,0.25,0,27,1,0.4031230638629859,,,,,False,0.375,tap,False,explore,try_then_correct,False,explore,cars,False,explore
False,1.0,1,27,1,0.0,,,,,False,0.6153846153846154,tap,False,explore,errorless,True,explore,space,True,explore
False,1.0,2,27,2,0.0,,,,,False,0.7222222222222222,tap,False,explore,errorless,True,explore,space,True,explore
False,1.0,3,27,3,0.0,,,,,False,0.782608695652174,tap,False,explore,errorless,True,explore,space,True,explore
False,0.8,4,27,3,0.0,,,,,False,0.7857142857142857,tap,False,explore,errorless,True,exploit,space,True,explore
False,1.0,5,27,3,0.0,,,,,False,0.8181818181818182,tap,False,explore,errorless,True,exploit,space,True,explore
False,0.8,6,27,3,0.0,,,,,False,0.8157894736842105,tap,False,explore,errorless,True,exploit,dino,False,explore
False,1.0,7,27,3,0.0,,,,,False,0.8372093023255814,tap,False,explore,errorless,True,exploit,space,True,explore
False,0.8,8,27,3,0.025422175198566675,,,,,False,0.8333333333333334,tap,False,explore,errorless,True,exploit,space,True,explore
False,1.0,9,27,3,0.0,,,,,False,0.8490566037735849,tap,False,explore,errorless,True,exploit,space,True,explore
True,0.75,10,27,3,0.07989826490978098,,,,,False,0.8421052631578947,tap,False,explore,errorless,True,exploit,space,True,explore
False,1.0,11,27,3,0.0,,,,,False,0.8548387096774194,tap,False,explore,errorless,True,exploit,space,True,explore
False,1.0,12,27,3,0.0,,,,,False,0.8656716417910447,tap,False,explore,errorless,True,exploit,space,True,explore
False,1.0,13,27,3,0.0,,,,,False,0.8749999999999999,tap,False,explore,errorless,True,exploit,space,True,explore
False,1.0,14,27,3,0.0,,,,,False,0.8831168831168831,tap,False,explore,errorless,True,exploit,ocean,False,explore
False,0.8,15,27,3,0.07989826490978098,,,,,False,0.8780487804878049,tap,False,explore,errorless,True,exploit,space,True,explore
False,1.0,16,27,3,0.0,,,,,False,0.8850574712643678,tap,False,explore,errorless,True,exploit,space,True,explore
False,1.0,17,27,3,0.0,,,,,False,0.8913043478260869,tap,False,explore,errorless,True,exploit,space,True,explore
False,1.0,18,27,3,0.0,,,,,False,0.8969072164948454,tap,False,explore,errorless,True,exploit,space,True,explore
False,1.0,19,27,3,0.0,,,,,False,0.9019607843137255,drag_drop,True,explore,errorless,True,exploit,space,True,explore
False,1.0,20,27,3,0.0,,,,,False,0.9065420560747663,tap,False,explore,errorless,True,exploit,space,True,explore
False,1.0,21,27,3,0.0,,,,,False,0.9107142857142857,tap,False,explore,errorless,True,exploit,space,True,explore
False,1.0,22,27,3,0.0,,,,,False,0.9145299145299145,tap,False,explore,errorless,True,exploit,space,True,explore
False,1.0,23,27,3,0.0,,,,,False,0.9180327868852459,drag_drop,True,explore,errorless,True,exploit,space,True,explore
False,1.0,24,27,3,0.0,,,,,False,0.9212598425196851,drag_drop,True,explore,errorless,True,exploit,space,True,explore
False,0.8,25,27,3,0.0,,,,,False,0.9166666666666666,drag_drop,True,explore,errorless,True,exploit,space,True,explore
False,0.8,26,27,3,0.07989826490978098,,,,,False,0.9124087591240876,tap,False,explore,errorless,True,exploit,space,True,explore
False,1.0,27,27,3,0.0,,,,,False,0.9154929577464787,drag_drop,True,explore,errorless,True,exploit,space,True,explore
False,1.0,28,27,3,0.0,,,,,False,0.9183673469387753,tap,False,explore,errorless,True,exploit,space,True,explore
False,1.0,29,27,3,0.0,,,,,False,0.9210526315789472,tap,False,explore,errorless,True,exploit,space,True,explore
False,1.0,30,27,3,0.0,,,,,False,0.9235668789808915,drag_drop,True,explore,errorless,True,exploit,space,True,explore
False,1.0,31,27,3,0.0,,,,,False,0.9259259259259257,tap,False,explore,errorless,True,exploit,space,True,explore
False,0.4,32,27,3,0.18521870501812865,,,,,False,0.9101796407185627,tap,False,explore,errorless,True,exploit,space,True,explore
False,1.0,33,27,2,0.0,,,,,False,0.9127906976744184,tap,False,explore,errorless,True,explore,space,True,explore
False,0.8,34,27,3,0.0,,,,,False,0.9096045197740111,tap,False,explore,errorless,True,exploit,space,True,explore
False,1.0,35,27,3,0.0,,,,,False,0.912087912087912,drag_drop,True,explore,errorless,True,exploit,space,True,explore
False,1.0,36,27,3,0.0,,,,,False,0.9144385026737967,tap,False,explore,errorless,True,exploit,space,True,explore
False,0.8,37,27,3,0.0,,,,,False,0.9114583333333331,drag_drop,True,explore,errorless,True,exploit,space,True,explore
False,1.0,38,27,3,0.0,,,,,False,0.913705583756345,tap,False,explore,errorless,True,exploit,space,True,explore
False,1.0,39,27,3,0.0,,,,,False,0.9158415841584157,tap,False,explore,errorless,True,exploit,space,True,explore
False,1.0,0,28,1,0.0,,,,,False,0.7777777777777778,drag_drop,False,explore,try_then_correct,False,explore,space,True,explore
False,1.0,1,28,2,0.0,,,,,False,0.8571428571428571,drag_drop,False,explore,try_then_correct,False,explore,space,True,explore
False,0.6,2,28,3,0.07343815007992538,,,,,False,0.7894736842105263,drag_drop,False,explore,try_then_correct,False,explore,space,True,explore
False,0.8,3,28,3,0.06570781849256482,,,,,False,0.7916666666666666,drag_drop,False,explore,try_then_correct,False,explore,space,True,explore
True,,4,28,3,0.06570781849256482,,,,,False,0.7916666666666666,drag_drop,False,explore,errorless,True,explore,space,True,explore
False,1.0,5,28,3,0.0,,,,,False,0.8275862068965517,drag_drop,False,explore,try_then_correct,False,explore,ocean,False,explore
False,0.8,6,28,3,0.0,,,,,False,0.8235294117647058,drag_drop,False,explore,try_then_correct,False,explore,space,True,explore
False,1.0,7,28,3,0.0,,,,,False,0.8461538461538464,drag_drop,False,explore,try_then_correct,False,explore,ocean,False,explore
False,1.0,8,28,3,0.0,,,,,False,0.8636363636363638,drag_drop,False,explore,try_then_correct,False,explore,space,True,explore
False,0.8,9,28,3,0.16233696333457193,,,,,False,0.8571428571428573,drag_drop,False,explore,try_then_correct,False,explore,ocean,False,explore
False,0.8,10,28,3,0.16233696333457193,,,,,False,0.851851851851852,drag_drop,False,explore,try_then_correct,False,explore,ocean,False,explore
False,0.6,11,28,3,0.13837293541375412,,,,,False,0.8305084745762713,drag_drop,False,explore,try_then_correct,False,explore,space,True,explore
False,0.6,12,28,3,0.28911440136728517,,,,,False,0.8125000000000001,drag_drop,False,explore,try_then_correct,False,explore,cars,False,explore
False,1.0,13,28,3,0.0,,,,,False,0.8260869565217394,drag_drop,False,explore,errorless,True,explore,ocean,False,explore
False,0.6,14,28,3,0.18939312389033391,,,,,False,0.810810810810811,drag_drop,False,explore,errorless,True,explore,ocean,False,explore
False,0.4,15,28,3,0.5604490400836412,,,,,False,0.7848101265822787,drag_drop,False,explore,try_then_correct,False,explore,ocean,False,explore
False,0.8,16,28,2,0.4908760557973962,,,,,False,0.7857142857142859,drag_drop,False,explore,try_then_correct,False,explore,ocean,False,explore
False,0.8,17,28,2,0.12677743803271335,,,,,False,0.7865168539325844,drag_drop,False,explore,try_then_correct,False,explore,ocean,False,explore
False,1.0,18,28,3,0.0,,,,,False,0.797872340425532,drag_drop,False,explore,try_then_correct,False,explore,space,True,explore
False,0.4,19,28,3,0.2551009423828987,,,,,False,0.7777777777777779,drag_drop,False,explore,try_then_correct,False,explore,space,True,explore
False,0.8,20,28,2,0.12368530539776908,,,,,False,0.778846153846154,drag_drop,False,explore,try_then_correct,False,explore,space,True,explore
False,0.8,21,28,3,0.06570781849256482,,,,,False,0.779816513761468,tap,True,explore,try_then_correct,False,explore,ocean,False,explore
False,0.8,22,28,3,0.08503364746096624,,,,,False,0.780701754385965,tap,True,explore,errorless,True,explore,ocean,False,explore
False,1.0,23,28,3,0.0,,,,,False,0.7899159663865547,drag_drop,False,explore,errorless,True,explore,ocean,False,explore
False,1.0,24,28,3,0.0,,,,,False,0.7983870967741936,drag_drop,False,explore,errorless,True,explore,dino,False,explore
False,1.0,25,28,3,0.0,,,,,False,0.806201550387597,drag_drop,False,explore,errorless,True,explore,dino,False,explore
False,1.0,26,28,3,0.0,,,,,False,0.8134328358208956,drag_drop,False,explore,errorless,True,explore,space,True,explore
False,1.0,27,28,3,0.0,,,,,False,0.8201438848920864,drag_drop,False,explore,errorless,True,explore,dino,False,explore
False,1.0,28,28,3,0.0,,,,,False,0.826388888888889,drag_drop,False,explore,errorless,True,explore,dino,False,explore
False,1.0,29,28,3,0.0,,,,,False,0.8322147651006713,tap,True,explore,errorless,True,explore,dino,False,explore
False,0.8,30,28,3,0.0,,,,,False,0.8311688311688312,drag_drop,False,explore,errorless,True,explore,dino,False,explore
False,1.0,31,28,3,0.0,,,,,False,0.8364779874213837,tap,True,explore,errorless,True,explore,dino,False,explore
False,1.0,32,28,3,0.0,,,,,False,0.8414634146341463,drag_drop,False,explore,errorless,True,explore,dino,False,explore
False,1.0,33,28,3,0.0,,,,,False,0.8461538461538461,drag_drop,False,explore,errorless,True,explore,dino,False,explore
False,1.0,34,28,3,0.0,,,,,False,0.8505747126436781,tap,True,explore,errorless,True,explore,dino,False,explore
False,0.8,35,28,3,0.08503364746096624,,,,,False,0.8491620111731844,tap,True,explore,errorless,True,exploit,dino,False,explore
True,,36,28,3,0.08503364746096624,,,,,False,0.8491620111731844,tap,True,explore,errorless,True,explore,dino,False,explore
False,1.0,37,28,3,0.0,,,,,False,0.8532608695652174,drag_drop,False,explore,errorless,True,explore,dino,False,explore
False,1.0,38,28,3,0.0,,,,,False,0.8571428571428571,tap,True,explore,errorless,True,exploit,ocean,False,explore
False,1.0,39,28,3,0.0,,,,,False,0.8608247422680413,drag_drop,False,explore,errorless,True,exploit,dino,False,explore
False,1.0,0,29,1,0.0,,,,,False,0.7777777777777778,drag_drop,False,explore,try_then_correct,False,explore,ocean,True,explore
False,1.0,1,29,2,0.0,,,,,False,0.8571428571428571,drag_drop,False,explore,try_then_correct,False,explore,ocean,True,explore
False,0.6,2,29,3,0.2778299100825753,,,,,False,0.7894736842105263,drag_drop,False,explore,try_then_correct,False,explore,ocean,True,explore
False,1.0,3,29,3,0.0,,,,,False,0.8333333333333334,drag_drop,False,explore,try_then_correct,False,explore,ocean,True,explore
False,1.0,4,29,3,0.0,,,,,False,0.8620689655172413,drag_drop,False,explore,try_then_correct,False,explore,ocean,True,explore
True,0.5,5,29,3,0.19277993760831755,,,,,False,0.8181818181818182,drag_drop,False,explore,try_then_correct,False,explore,ocean,True,explore
False,1.0,6,29,2,0.0,,,,,False,0.8421052631578949,drag_drop,False,explore,try_then_correct,False,explore,ocean,True,explore
False,0.8,7,29,3,0.1814399412784165,,,,,False,0.8372093023255816,drag_drop,False,explore,try_then_correct,False,explore,ocean,True,explore
False,1.0,8,29,3,0.0,,,,,False,0.8541666666666669,drag_drop,False,explore,try_then_correct,False,explore,ocean,True,explore
False,1.0,9,29,3,0.0,,,,,False,0.8679245283018869,drag_drop,False,explore,try_then_correct,False,explore,ocean,True,explore
False,1.0,10,29,3,0.0,,,,,False,0.8793103448275863,drag_drop,False,explore,try_then_correct,False,explore,ocean,True,explore
False,0.8,11,29,3,0.011339996329901014,,,,,False,0.8730158730158731,drag_drop,False,explore,try_then_correct,False,explore,ocean,True,explore
False,1.0,12,29,3,0.0,,,,,False,0.8823529411764707,tap,True,explore,errorless,True,explore,ocean,True,explore
False,1.0,13,29,3,0.0,,,,,False,0.8904109589041098,tap,True,explore,try_then_correct,False,explore,ocean,True,explore
False,1.0,14,29,3,0.0,,,,,False,0.8974358974358976,drag_drop,False,explore,errorless,True,explore,ocean,True,explore
False,1.0,15,29,3,0.0,,,,,False,0.9036144578313254,drag_drop,False,explore,try_then_correct,False,explore,ocean,True,explore
False,0.4,16,29,3,0.374219878886734,,,,,False,0.8750000000000001,drag_drop,False,explore,errorless,True,explore,ocean,True,explore
,,17,29,1,,0.1381177595326759,0.374219878886734,interest_injection,True,True,,,,,,,,,,
False,0.6,18,29,2,0.1814399412784165,,,,,False,0.860215053763441,drag_drop,False,explore,try_then_correct,False,explore,ocean,True,explore
False,1.0,19,29,2,0.0,,,,,False,0.8673469387755104,tap,True,explore,try_then_correct,False,explore,ocean,True,explore
False,1.0,20,29,3,0.0,,,,,False,0.8737864077669905,tap,True,explore,try_then_correct,False,explore,ocean,True,explore
False,1.0,21,29,3,0.0,,,,,False,0.8796296296296298,tap,True,explore,try_then_correct,False,explore,ocean,True,explore
False,1.0,22,29,3,0.0,,,,,False,0.8849557522123895,tap,True,explore,try_then_correct,False,explore,ocean,True,explore
False,1.0,23,29,3,0.0,,,,,False,0.8898305084745763,tap,True,explore,try_then_correct,False,explore,ocean,True,explore
False,0.8,24,29,3,0.12473995962891135,,,,,False,0.886178861788618,tap,True,explore,try_then_correct,False,explore,ocean,True,explore
False,1.0,25,29,3,0.0,,,,,False,0.8906250000000001,tap,True,explore,try_then_correct,False,explore,ocean,True,explore
False,0.8,26,29,3,0.039689987154653605,,,,,False,0.887218045112782,tap,True,explore,try_then_correct,False,explore,ocean,True,explore
False,1.0,27,29,3,0.0,,,,,False,0.891304347826087,tap,True,explore,try_then_correct,False,explore,ocean,True,explore
False,1.0,28,29,3,0.0,,,,,False,0.8951048951048951,tap,True,explore,try_then_correct,False,explore,ocean,True,explore
False,1.0,29,29,3,0.0,,,,,False,0.8986486486486487,tap,True,explore,try_then_correct,False,explore,ocean,True,explore
False,1.0,30,29,3,0.0,,,,,False,0.9019607843137255,tap,True,explore,try_then_correct,False,explore,ocean,True,explore
False,1.0,31,29,3,0.0,,,,,False,0.9050632911392406,tap,True,explore,try_then_correct,False,explore,ocean,True,explore
False,1.0,32,29,3,0.0,,,,,False,0.9079754601226994,tap,True,explore,try_then_correct,False,explore,ocean,True,explore
False,0.8,33,29,3,0.0,,,,,False,0.9047619047619048,tap,True,explore,errorless,True,explore,ocean,True,explore
False,1.0,34,29,3,0.0,,,,,False,0.9075144508670521,tap,True,explore,try_then_correct,False,explore,ocean,True,explore
False,1.0,35,29,3,0.0,,,,,False,0.9101123595505618,tap,True,explore,try_then_correct,False,explore,ocean,True,explore
False,1.0,36,29,3,0.0,,,,,False,0.912568306010929,tap,True,explore,try_then_correct,False,explore,ocean,True,explore
False,1.0,37,29,3,0.0,,,,,False,0.9148936170212766,tap,True,explore,try_then_correct,False,explore,ocean,True,explore
False,1.0,38,29,3,0.0,,,,,False,0.917098445595855,tap,True,explore,try_then_correct,False,explore,ocean,True,explore
False,1.0,39,29,3,0.0,,,,,False,0.9191919191919192,tap,True,explore,try_then_correct,False,explore,ocean,True,explore
False,1.0,0,30,1,0.0,,,,,False,0.7777777777777778,drag_drop,True,explore,errorless,True,explore,dino,False,explore
True,0.0,1,30,2,0.14053368036081546,,,,,False,0.7,drag_drop,True,explore,errorless,True,explore,dino,False,explore
False,1.0,2,30,1,0.0,,,,,False,0.8,drag_drop,True,explore,try_then_correct,False,explore,space,True,explore
False,0.8,3,30,2,0.0,,,,,False,0.8,drag_drop,True,explore,try_then_correct,False,explore,ocean,False,explore
False,0.8,4,30,3,0.07665473474226298,,,,,False,0.8,drag_drop,True,explore,errorless,True,explore,space,True,explore
True,,5,30,3,0.03066189389690519,,,,,False,0.8,drag_drop,True,explore,try_then_correct,False,explore,space,True,explore
False,1.0,6,30,3,0.0,,,,,False,0.8333333333333334,drag_drop,True,explore,errorless,True,explore,dino,False,explore
False,1.0,7,30,3,0.0,,,,,False,0.8571428571428571,tap,False,explore,errorless,True,explore,space,True,explore
False,1.0,8,30,3,0.0,,,,,False,0.875,drag_drop,True,explore,errorless,True,explore,dino,False,explore
False,0.8,9,30,3,0.0,,,,,False,0.8666666666666667,drag_drop,True,explore,errorless,True,explore,ocean,False,explore
False,1.0,10,30,3,0.0,,,,,False,0.88,drag_drop,True,explore,errorless,True,explore,space,True,explore
False,1.0,11,30,3,0.0,,,,,False,0.8909090909090909,tap,False,explore,errorless,True,explore,space,True,explore
False,0.8,12,30,3,0.1085942075515392,,,,,False,0.8833333333333333,tap,False,explore,try_then_correct,False,explore,space,True,explore
False,1.0,13,30,3,0.0,,,,,False,0.8923076923076924,drag_drop,True,explore,errorless,True,explore,dino,False,explore
False,0.8,14,30,3,0.0,,,,,False,0.8857142857142857,tap,False,explore,errorless,True,explore,space,True,explore
False,1.0,15,30,3,0.0,,,,,False,0.8933333333333333,drag_drop,True,explore,try_then_correct,False,explore,space,True,explore
False,1.0,16,30,3,0.0,,,,,False,0.9,drag_drop,True,explore,errorless,True,explore,space,True,explore
False,1.0,17,30,3,0.0,,,,,False,0.9058823529411765,drag_drop,True,explore,errorless,True,explore,space,True,explore
False,1.0,18,30,3,0.0,,,,,False,0.9111111111111111,drag_drop,True,explore,try_then_correct,False,explore,dino,False,explore
False,1.0,19,30,3,0.0,,,,,False,0.9157894736842105,drag_drop,True,explore,errorless,True,explore,dino,False,explore
False,0.8,20,30,3,0.0,,,,,False,0.91,drag_drop,True,explore,errorless,True,explore,dino,False,explore
False,1.0,21,30,3,0.0,,,,,False,0.9142857142857143,drag_drop,True,explore,errorless,True,explore,dino,False,explore
False,1.0,22,30,3,0.0,,,,,False,0.9181818181818182,drag_drop,True,explore,errorless,True,explore,dino,False,explore
False,1.0,23,30,3,0.0,,,,,False,0.9217391304347826,drag_drop,True,explore,errorless,True,explore,dino,False,explore
False,1.0,24,30,3,0.0,,,,,False,0.925,drag_drop,True,explore,errorless,True,explore,space,True,explore
False,0.8,25,30,3,0.14053368036081546,,,,,False,0.92,drag_drop,True,explore,errorless,True,explore,dino,False,explore
False,1.0,26,30,3,0.0,,,,,False,0.9230769230769231,drag_drop,True,explore,errorless,True,explore,ocean,False,explore
False,0.8,27,30,3,0.04471526193298672,,,,,False,0.9185185185185185,drag_drop,True,explore,errorless,True,explore,dino,False,explore
False,1.0,28,30,3,0.0,,,,,False,0.9214285714285714,drag_drop,True,explore,errorless,True,explore,space,True,explore
False,1.0,29,30,3,0.0,,,,,False,0.9241379310344827,drag_drop,True,explore,errorless,True,explore,space,True,explore
False,1.0,30,30,3,0.0,,,,,False,0.9266666666666666,drag_drop,True,explore,errorless,True,explore,dino,False,explore
False,0.8,31,30,3,0.07665473474226298,,,,,False,0.9225806451612903,drag_drop,True,explore,errorless,True,explore,space,True,explore
False,1.0,32,30,3,0.0,,,,,False,0.925,drag_drop,True,explore,errorless,True,explore,ocean,False,explore
False,1.0,33,30,3,0.0,,,,,False,0.9272727272727272,drag_drop,True,explore,errorless,True,explore,dino,False,explore
False,0.8,34,30,3,0.0,,,,,False,0.9235294117647059,drag_drop,True,explore,errorless,True,explore,dino,False,explore
False,1.0,35,30,3,0.0,,,,,False,0.9257142857142857,drag_drop,True,explore,errorless,True,explore,space,True,explore
False,1.0,36,30,3,0.0,,,,,False,0.9277777777777778,drag_drop,True,explore,errorless,True,explore,space,True,explore
False,0.8,37,30,3,0.14053368036081546,,,,,False,0.9243243243243243,tap,False,explore,errorless,True,explore,space,True,explore
False,1.0,38,30,3,0.0,,,,,False,0.9263157894736842,drag_drop,True,explore,errorless,True,explore,dino,False,explore
False,0.8,39,30,3,0.14053368036081546,,,,,False,0.9230769230769231,drag_drop,True,explore,errorless,True,explore,dino,False,explore
False,1.0,0,31,1,0.0,,,,,False,0.7777777777777778,tap,True,explore,errorless,False,explore,space,False,explore
False,1.0,1,31,2,0.0,,,,,False,0.8571428571428571,tap,True,explore,try_then_correct,True,explore,space,False,explore
False,1.0,2,31,3,0.0,,,,,False,0.8947368421052632,tap,True,explore,try_then_correct,True,explore,space,False,explore
False,1.0,3,31,3,0.0,,,,,False,0.9166666666666666,tap,True,explore,try_then_correct,True,explore,space,False,explore
False,1.0,4,31,3,0.0,,,,,False,0.9310344827586207,tap,True,explore,try_then_correct,True,explore,space,False,explore
False,1.0,5,31,3,0.0,,,,,False,0.9411764705882353,tap,True,explore,try_then_correct,True,explore,space,False,explore
False,1.0,6,31,3,0.0,,,,,False,0.9487179487179487,tap,True,explore,try_then_correct,True,explore,space,False,explore
False,1.0,7,31,3,0.0,,,,,False,0.9545454545454546,tap,True,explore,try_then_correct,True,explore,space,False,explore
False,1.0,8,31,3,0.0,,,,,False,0.9591836734693877,tap,True,explore,try_then_correct,True,explore,space,False,explore
False,1.0,9,31,3,0.0,,,,,False,0.9629629629629629,tap,True,explore,try_then_correct,True,explore,space,False,explore
False,1.0,10,31,3,0.0,,,,,False,0.9661016949152542,tap,True,explore,try_then_correct,True,explore,space,False,explore
False,1.0,11,31,3,0.0,,,,,False,0.96875,tap,True,explore,try_then_correct,True,explore,space,False,explore
False,1.0,12,31,3,0.0,,,,,False,0.9710144927536232,tap,True,explore,try_then_correct,True,explore,space,False,explore
False,0.8,13,31,3,0.0,,,,,False,0.9594594594594594,tap,True,explore,try_then_correct,True,explore,space,False,explore
False,1.0,14,31,3,0.0,,,,,False,0.9620253164556962,tap,True,explore,try_then_correct,True,explore,space,False,explore
False,1.0,15,31,3,0.0,,,,,False,0.9642857142857143,tap,True,explore,try_then_correct,True,explore,space,False,explore
False,1.0,16,31,3,0.0,,,,,False,0.9662921348314607,tap,True,explore,try_then_correct,True,explore,space,False,explore
False,1.0,17,31,3,0.0,,,,,False,0.9680851063829787,tap,True,explore,try_then_correct,True,explore,space,False,explore
False,1.0,18,31,3,0.0,,,,,False,0.9696969696969697,tap,True,explore,try_then_correct,True,explore,space,False,explore
False,1.0,19,31,3,0.0,,,,,False,0.9711538461538461,tap,True,explore,try_then_correct,True,explore,space,False,explore
False,1.0,20,31,3,0.0,,,,,False,0.9724770642201835,tap,True,exploit,try_then_correct,True,explore,space,False,exploit
False,1.0,21,31,3,0.0,,,,,False,0.9736842105263158,tap,True,exploit,try_then_correct,True,explore,space,False,exploit
False,1.0,22,31,3,0.0,,,,,False,0.9747899159663865,tap,True,exploit,try_then_correct,True,explore,space,False,exploit
False,1.0,23,31,3,0.0,,,,,False,0.9758064516129032,tap,True,exploit,try_then_correct,True,explore,space,False,exploit
False,1.0,24,31,3,0.0,,,,,False,0.9767441860465116,tap,True,exploit,try_then_correct,True,explore,space,False,exploit
False,0.8,25,31,3,0.024655308225341725,,,,,False,0.9701492537313433,tap,True,exploit,try_then_correct,True,explore,space,False,exploit
False,1.0,26,31,3,0.0,,,,,False,0.9712230215827338,tap,True,exploit,try_then_correct,True,explore,space,False,exploit
False,1.0,27,31,3,0.0,,,,,False,0.9722222222222222,tap,True,exploit,try_then_correct,True,explore,space,False,exploit
False,1.0,28,31,3,0.0,,,,,False,0.9731543624161074,tap,True,exploit,try_then_correct,True,explore,space,False,exploit
False,1.0,29,31,3,0.0,,,,,False,0.974025974025974,tap,True,exploit,try_then_correct,True,explore,space,False,exploit
False,1.0,30,31,3,0.0,,,,,False,0.9748427672955975,tap,True,exploit,try_then_correct,True,explore,space,False,exploit
False,1.0,31,31,3,0.0,,,,,False,0.975609756097561,tap,True,exploit,try_then_correct,True,explore,space,False,exploit
False,1.0,32,31,3,0.0,,,,,False,0.9763313609467456,tap,True,exploit,try_then_correct,True,explore,space,False,exploit
False,1.0,33,31,3,0.0,,,,,False,0.9770114942528736,tap,True,exploit,try_then_correct,True,explore,space,False,exploit
False,0.8,34,31,3,0.07748811156535972,,,,,False,0.9720670391061452,tap,True,exploit,try_then_correct,True,explore,space,False,exploit
False,1.0,35,31,3,0.0,,,,,False,0.9728260869565217,tap,True,exploit,try_then_correct,True,explore,space,False,exploit
False,1.0,36,31,3,0.0,,,,,False,0.9735449735449735,tap,True,exploit,try_then_correct,True,explore,space,False,exploit
False,1.0,37,31,3,0.0,,,,,False,0.9742268041237113,tap,True,exploit,try_then_correct,True,explore,space,False,exploit
False,1.0,38,31,3,0.0,,,,,False,0.9748743718592965,tap,True,exploit,try_then_correct,True,explore,space,False,exploit
False,1.0,39,31,3,0.0,,,,,False,0.9754901960784313,tap,True,exploit,try_then_correct,True,explore,space,False,exploit
False,0.8,0,32,1,0.06810445989919353,,,,,False,0.6666666666666666,tap,False,explore,errorless,True,explore,space,False,explore
False,0.8,1,32,2,0.0,,,,,False,0.7142857142857143,tap,False,explore,errorless,True,explore,space,False,explore
False,0.6,2,32,3,0.04807373639943073,,,,,False,0.6842105263157895,drag_drop,True,explore,errorless,True,explore,cars,True,explore
False,1.0,3,32,3,0.0,,,,,False,0.75,tap,False,explore,errorless,True,explore,space,False,explore
False,1.0,4,32,3,0.0,,,,,False,0.7931034482758621,tap,False,explore,errorless,True,explore,space,False,explore
False,1.0,5,32,3,0.0,,,,,False,0.8235294117647058,tap,False,explore,errorless,True,explore,space,False,explore
False,0.8,6,32,3,0.008012289399905115,,,,,False,0.8205128205128207,tap,False,explore,errorless,True,explore,space,False,explore
False,1.0,7,32,3,0.0,,,,,False,0.840909090909091,tap,False,explore,errorless,True,explore,dino,False,explore
False,1.0,8,32,3,0.0,,,,,False,0.8571428571428573,tap,False,explore,errorless,True,explore,space,False,explore
False,0.8,9,32,3,0.0,,,,,False,0.851851851851852,tap,False,explore,errorless,True,explore,space,False,explore
False,1.0,10,32,3,0.0,,,,,False,0.8644067796610171,tap,False,explore,errorless,True,explore,space,False,explore
False,0.6,11,32,3,0.07611674929909865,,,,,False,0.8437500000000001,tap,False,explore,errorless,True,explore,space,False,explore
False,1.0,12,32,3,0.0,,,,,False,0.8550724637681161,tap,False,explore,errorless,True,explore,dino,False,explore
False,1.0,13,32,3,0.0,,,,,False,0.8648648648648649,tap,False,explore,errorless,True,explore,cars,True,explore
True,0.6666666666666666,14,32,3,0.06810445989919353,,,,,False,0.8571428571428571,tap,False,explore,errorless,True,explore,space,False,explore
False,0.8,15,32,3,0.06810445989919353,,,,,False,0.8536585365853658,tap,False,explore,errorless,True,explore,dino,False,explore
False,0.8,16,32,3,0.10816590689871916,,,,,False,0.8505747126436781,tap,False,explore,try_then_correct,False,explore,dino,False,explore
True,0.5,17,32,3,0.1762703667979127,,,,,False,0.8426966292134831,tap,False,explore,errorless,True,explore,space,False,explore
False,1.0,18,32,2,0.0,,,,,False,0.851063829787234,tap,False,explore,errorless,True,explore,space,False,explore
False,1.0,19,32,3,0.0,,,,,False,0.8585858585858586,tap,False,explore,errorless,True,explore,dino,False,explore
False,0.4,20,32,3,0.38458989119544584,,,,,False,0.8365384615384616,tap,False,explore,try_then_correct,False,explore,cars,True,explore
False,1.0,21,32,2,0.0,,,,,False,0.8440366972477065,tap,False,explore,errorless,True,explore,space,False,explore
False,1.0,22,32,3,0.0,,,,,False,0.8508771929824561,tap,False,explore,errorless,True,explore,ocean,False,explore
False,1.0,23,32,3,0.0,,,,,False,0.8571428571428571,tap,False,explore,errorless,True,explore,dino,False,explore
False,0.8,24,32,3,0.12819663039848195,,,,,False,0.8548387096774194,tap,False,explore,errorless,True,explore,ocean,False,explore
False,0.6,25,32,3,0.2043133796975806,,,,,False,0.8449612403100775,tap,False,explore,errorless,True,explore,dino,False,explore
False,0.8,26,32,3,0.12819663039848195,,,,,False,0.8432835820895522,tap,False,explore,errorless,True,explore,space,False,explore
False,1.0,27,32,3,0.0,,,,,False,0.8489208633093526,tap,False,explore,errorless,True,explore,dino,False,explore
False,0.8,28,32,3,0.008012289399905115,,,,,False,0.8472222222222222,tap,False,explore,errorless,True,explore,ocean,False,explore
False,0.8,29,32,3,0.0,,,,,False,0.8456375838926175,tap,False,explore,errorless,True,explore,cars,True,explore
False,0.8,30,32,3,0.028043012899667916,,,,,False,0.8441558441558441,drag_drop,True,explore,errorless,True,explore,space,False,explore
False,1.0,31,32,3,0.0,,,,,False,0.8490566037735849,tap,False,explore,errorless,True,explore,dino,False,explore
False,0.6,32,32,3,0.07611674929909865,,,,,False,0.8414634146341463,tap,False,explore,errorless,True,explore,dino,False,explore
False,0.8,33,32,3,0.0,,,,,False,0.8402366863905325,tap,False,explore,errorless,True,explore,space,False,explore
False,1.0,34,32,3,0.0,,,,,False,0.8448275862068966,tap,False,explore,errorless,True,explore,ocean,False,explore
False,1.0,35,32,3,0.0,,,,,False,0.8491620111731844,tap,False,explore,errorless,True,explore,ocean,False,explore
False,1.0,36,32,3,0.0,,,,,False,0.8532608695652174,tap,False,explore,errorless,True,explore,ocean,False,explore
False,0.8,37,32,3,0.0,,,,,False,0.8518518518518519,tap,False,explore,errorless,True,explore,cars,True,explore
False,0.8,38,32,3,0.008012289399905115,,,,,False,0.8505154639175257,tap,False,explore,errorless,True,explore,ocean,False,explore
False,1.0,39,32,3,0.0,,,,,False,0.8542713567839196,tap,False,explore,errorless,True,explore,ocean,False,explore
False,1.0,0,33,1,0.0,,,,,False,0.7777777777777778,tap,False,explore,try_then_correct,True,explore,ocean,False,explore
False,1.0,1,33,2,0.0,,,,,False,0.8571428571428571,tap,False,explore,try_then_correct,True,explore,space,False,explore
False,1.0,2,33,3,0.0,,,,,False,0.8947368421052632,tap,False,explore,try_then_correct,True,explore,cars,True,explore
False,1.0,3,33,3,0.0,,,,,False,0.9166666666666666,tap,False,explore,try_then_correct,True,explore,space,False,explore
False,1.0,4,33,3,0.0,,,,,False,0.9310344827586207,tap,False,explore,try_then_correct,True,explore,ocean,False,explore
False,1.0,5,33,3,0.0,,,,,False,0.9411764705882353,tap,False,explore,try_then_correct,True,explore,ocean,False,explore
False,1.0,6,33,3,0.0,,,,,False,0.9487179487179487,tap,False,explore,try_then_correct,True,explore,space,False,explore
False,1.0,7,33,3,0.0,,,,,False,0.9545454545454546,tap,False,explore,try_then_correct,True,explore,space,False,explore
False,1.0,8,33,3,0.0,,,,,False,0.9591836734693877,tap,False,explore,try_then_correct,True,explore,space,False,explore
False,0.8,9,33,3,0.10637876981229209,,,,,False,0.9444444444444444,tap,False,explore,try_then_correct,True,explore,ocean,False,explore
False,1.0,10,33,3,0.0,,,,,False,0.9491525423728814,tap,False,explore,try_then_correct,True,explore,space,False,explore
False,1.0,11,33,3,0.0,,,,,False,0.953125,tap,False,explore,try_then_correct,True,explore,space,False,explore
False,1.0,12,33,3,0.0,,,,,False,0.9565217391304348,tap,False,explore,try_then_correct,True,explore,space,False,explore
False,0.6,13,33,3,0.16289249127507227,,,,,False,0.9324324324324325,tap,False,explore,try_then_correct,True,explore,space,False,explore
False,1.0,14,33,3,0.0,,,,,False,0.9367088607594937,tap,False,explore,try_then_correct,True,explore,space,False,explore
False,1.0,15,33,3,0.0,,,,,False,0.9404761904761905,tap,False,explore,try_then_correct,True,explore,space,False,explore
False,1.0,16,33,3,0.0,,,,,False,0.9438202247191011,tap,False,explore,try_then_correct,True,explore,space,False,explore
False,1.0,17,33,3,0.0,,,,,False,0.9468085106382979,tap,False,explore,try_then_correct,True,explore,space,False,explore
False,1.0,18,33,3,0.0,,,,,False,0.9494949494949495,tap,False,explore,try_then_correct,True,explore,space,False,explore
False,1.0,19,33,3,0.0,,,,,False,0.9519230769230769,tap,False,explore,try_then_correct,True,explore,space,False,explore
False,1.0,20,33,3,0.0,,,,,False,0.9541284403669725,tap,False,explore,try_then_correct,True,explore,space,False,explore
False,1.0,21,33,3,0.0,,,,,False,0.956140350877193,tap,False,explore,try_then_correct,True,explore,ocean,False,explore
False,1.0,22,33,3,0.0,,,,,False,0.957983193277311,tap,False,explore,try_then_correct,True,explore,space,False,explore
False,1.0,23,33,3,0.0,,,,,False,0.9596774193548387,tap,False,explore,try_then_correct,True,explore,ocean,False,explore
False,1.0,24,33,3,0.0,,,,,False,0.9612403100775194,tap,False,explore,try_then_correct,True,explore,ocean,False,explore
False,1.0,25,33,3,0.0,,,,,False,0.9626865671641791,tap,False,explore,try_then_correct,True,explore,space,False,explore
False,0.8,26,33,3,0.10637876981229209,,,,,False,0.9568345323741008,tap,False,explore,try_then_correct,True,explore,space,False,explore
False,1.0,27,33,3,0.0,,,,,False,0.9583333333333334,tap,False,explore,try_then_correct,True,explore,space,False,explore
False,1.0,28,33,3,0.0,,,,,False,0.959731543624161,tap,False,explore,try_then_correct,True,explore,space,False,explore
False,1.0,29,33,3,0.0,,,,,False,0.961038961038961,tap,False,explore,try_then_correct,True,explore,space,False,explore
False,1.0,30,33,3,0.0,,,,,False,0.9622641509433962,tap,False,explore,try_then_correct,True,explore,ocean,False,explore
False,1.0,31,33,3,0.0,,,,,False,0.9634146341463414,tap,False,explore,try_then_correct,True,explore,space,False,explore
False,1.0,32,33,3,0.0,,,,,False,0.9644970414201184,tap,False,explore,try_then_correct,True,explore,space,False,explore
False,1.0,33,33,3,0.0,,,,,False,0.9655172413793104,tap,False,explore,try_then_correct,True,explore,space,False,explore
False,1.0,34,33,3,0.0,,,,,False,0.9664804469273743,tap,False,exploit,try_then_correct,True,exploit,space,False,explore
False,1.0,35,33,3,0.0,,,,,False,0.967391304347826,tap,False,exploit,try_then_correct,True,exploit,ocean,False,explore
False,1.0,36,33,3,0.0,,,,,False,0.9682539682539683,tap,False,exploit,try_then_correct,True,exploit,space,False,explore
False,1.0,37,33,3,0.0,,,,,False,0.9690721649484536,tap,False,exploit,try_then_correct,True,exploit,ocean,False,explore
False,1.0,38,33,3,0.0,,,,,False,0.9698492462311558,tap,False,exploit,try_then_correct,True,exploit,ocean,False,explore
False,0.8,39,33,3,0.0,,,,,False,0.9656862745098039,tap,False,exploit,try_then_correct,True,exploit,space,False,explore
True,0.5,0,34,1,0.18993364178803118,,,,,False,0.5,drag_drop,False,explore,errorless,True,explore,space,False,explore
False,1.0,1,34,1,0.0,,,,,False,0.6923076923076923,tap,True,explore,try_then_correct,False,explore,cars,False,explore
False,0.6,2,34,2,0.18993364178803118,,,,,False,0.6666666666666666,tap,True,explore,try_then_correct,False,explore,dino,False,explore
False,1.0,3,34,2,0.0,,,,,False,0.7391304347826086,tap,True,explore,try_then_correct,False,explore,cars,False,explore
False,0.8,4,34,3,0.17876107462402935,,,,,False,0.75,tap,True,explore,try_then_correct,False,explore,cars,False,explore
False,1.0,5,34,3,0.0,,,,,False,0.7878787878787878,tap,True,explore,try_then_correct,False,explore,cars,False,explore
False,0.4,6,34,3,0.7038717313321157,,,,,False,0.7368421052631579,drag_drop,False,explore,try_then_correct,False,explore,cars,False,explore
False,1.0,7,34,2,0.0,,,,,False,0.7674418604651163,tap,True,explore,try_then_correct,False,explore,cars,False,explore
False,0.8,8,34,3,0.03910398507400642,,,,,False,0.7708333333333334,tap,True,exploit,errorless,True,explore,cars,False,explore
False,1.0,9,34,3,0.0,,,,,False,0.7924528301886793,tap,True,exploit,try_then_correct,False,explore,ocean,True,explore
False,1.0,10,34,3,0.0,,,,,False,0.8103448275862069,tap,True,exploit,try_then_correct,False,explore,cars,False,explore
False,1.0,11,34,3,0.0,,,,,False,0.8253968253968254,tap,True,exploit,errorless,True,explore,ocean,True,explore
False,0.8,12,34,3,0.011172567164001806,,,,,False,0.8235294117647058,tap,True,exploit,try_then_correct,False,explore,cars,False,explore
False,1.0,13,34,3,0.0,,,,,False,0.8356164383561646,tap,True,exploit,try_then_correct,False,explore,ocean,True,explore
False,1.0,14,34,3,0.0,,,,,False,0.8461538461538464,tap,True,exploit,try_then_correct,False,explore,cars,False,explore
False,1.0,15,34,3,0.0,,,,,False,0.8554216867469882,tap,True,exploit,try_then_correct,False,explore,ocean,True,explore
False,1.0,16,34,3,0.0,,,,,False,0.8636363636363638,tap,True,exploit,errorless,True,explore,ocean,True,explore
False,1.0,17,34,3,0.0,,,,,False,0.870967741935484,tap,True,exploit,try_then_correct,False,explore,ocean,True,explore
False,1.0,18,34,3,0.0,,,,,False,0.8775510204081635,tap,True,exploit,errorless,True,explore,ocean,True,explore
False,1.0,19,34,3,0.0,,,,,False,0.8834951456310681,tap,True,exploit,errorless,True,explore,ocean,True,explore
False,1.0,20,34,3,0.0,,,,,False,0.8888888888888891,tap,True,exploit,errorless,True,explore,ocean,True,explore
False,1.0,21,34,3,0.0,,,,,False,0.8938053097345134,tap,True,exploit,try_then_correct,False,explore,ocean,True,explore
False,1.0,22,34,3,0.0,,,,,False,0.8983050847457629,tap,True,exploit,try_then_correct,False,explore,cars,False,explore
False,1.0,23,34,3,0.0,,,,,False,0.902439024390244,tap,True,exploit,errorless,True,explore,ocean,True,explore
False,1.0,24,34,3,0.0,,,,,False,0.9062500000000001,tap,True,exploit,try_then_correct,False,explore,ocean,True,explore
False,1.0,25,34,3,0.0,,,,,False,0.9097744360902257,tap,True,exploit,try_then_correct,False,explore,ocean,True,explore
False,1.0,26,34,3,0.0,,,,,False,0.9130434782608696,tap,True,exploit,try_then_correct,False,explore,ocean,True,explore
False,1.0,27,34,3,0.0,,,,,False,0.916083916083916,tap,True,exploit,errorless,True,explore,ocean,True,explore
False,0.8,28,34,3,0.03910398507400642,,,,,False,0.9121621621621622,tap,True,exploit,try_then_correct,False,explore,ocean,True,explore
False,0.8,29,34,3,0.0,,,,,False,0.9084967320261438,tap,True,exploit,errorless,True,explore,ocean,True,explore
False,1.0,30,34,3,0.0,,,,,False,0.9113924050632911,tap,True,exploit,errorless,True,explore,ocean,True,explore
False,1.0,31,34,3,0.0,,,,,False,0.9141104294478528,tap,True,exploit,try_then_correct,False,explore,ocean,True,explore
False,1.0,32,34,3,0.0,,,,,False,0.9166666666666666,tap,True,exploit,errorless,True,explore,ocean,True,explore
False,0.8,33,34,3,0.0,,,,,False,0.9132947976878613,tap,True,exploit,errorless,True,explore,ocean,True,explore
False,0.8,34,34,3,0.0,,,,,False,0.9101123595505618,tap,True,exploit,errorless,True,explore,ocean,True,explore
False,1.0,35,34,3,0.0,,,,,False,0.912568306010929,tap,True,exploit,try_then_correct,False,explore,ocean,True,explore
False,1.0,36,34,3,0.0,,,,,False,0.9148936170212766,tap,True,exploit,errorless,True,explore,ocean,True,explore
False,1.0,37,34,3,0.0,,,,,False,0.917098445595855,tap,True,exploit,errorless,True,explore,ocean,True,explore
False,1.0,38,34,3,0.0,,,,,False,0.9191919191919192,tap,True,exploit,errorless,True,explore,ocean,True,explore
False,1.0,39,34,3,0.0,,,,,False,0.9211822660098522,tap,True,exploit,errorless,True,explore,ocean,True,explore
False,0.4,0,35,1,0.27721221961991316,,,,,False,0.4444444444444444,tap,False,explore,try_then_correct,False,explore,ocean,False,explore
False,1.0,1,35,1,0.08990666582267456,,,,,False,0.6428571428571429,drag_drop,True,explore,errorless,True,explore,cars,True,explore
False,1.0,2,35,2,0.0,,,,,False,0.7368421052631579,drag_drop,True,explore,errorless,True,explore,cars,True,explore
False,1.0,3,35,3,0.0,,,,,False,0.7916666666666666,drag_drop,True,explore,errorless,True,explore,cars,True,explore
False,1.0,4,35,3,0.0,,,,,False,0.8275862068965517,drag_drop,True,exploit,errorless,True,exploit,cars,True,explore
False,1.0,5,35,3,0.0,,,,,False,0.8529411764705882,drag_drop,True,exploit,errorless,True,exploit,cars,True,explore
False,1.0,6,35,3,0.0,,,,,False,0.8717948717948718,drag_drop,True,exploit,errorless,True,exploit,cars,True,explore
False,1.0,7,35,3,0.0,,,,,False,0.8863636363636364,drag_drop,True,exploit,errorless,True,exploit,cars,True,explore
False,1.0,8,35,3,0.0,,,,,False,0.8979591836734694,drag_drop,True,exploit,errorless,True,exploit,cars,True,explore
False,1.0,9,35,3,0.0,,,,,False,0.9074074074074074,drag_drop,True,exploit,errorless,True,exploit,ocean,False,explore
False,1.0,10,35,3,0.0,,,,,False,0.9152542372881356,drag_drop,True,exploit,errorless,True,exploit,cars,True,explore
False,1.0,11,35,3,0.0,,,,,False,0.921875,drag_drop,True,exploit,errorless,True,exploit,cars,True,explore
False,0.8,12,35,3,0.0,,,,,False,0.9130434782608695,drag_drop,True,exploit,errorless,True,exploit,cars,True,explore
False,0.8,13,35,3,0.02996888860755818,,,,,False,0.9054054054054053,drag_drop,True,exploit,errorless,True,exploit,cars,True,explore
False,1.0,14,35,3,0.0,,,,,False,0.911392405063291,drag_drop,True,exploit,errorless,True,exploit,cars,True,explore
False,1.0,15,35,3,0.0,,,,,False,0.9166666666666665,drag_drop,True,exploit,errorless,True,exploit,cars,True,explore
False,1.0,16,35,3,0.0,,,,,False,0.9213483146067414,drag_drop,True,exploit,errorless,True,exploit,cars,True,explore
False,0.8,17,35,3,0.0,,,,,False,0.9148936170212765,drag_drop,True,exploit,errorless,True,exploit,cars,True,explore
False,0.6,18,35,3,0.02996888860755818,,,,,False,0.8989898989898989,drag_drop,True,exploit,errorless,True,exploit,cars,True,explore
False,1.0,19,35,3,0.0,,,,,False,0.9038461538461537,drag_drop,True,explore,errorless,True,explore,cars,True,explore
False,1.0,20,35,3,0.0,,,,,False,0.9082568807339448,drag_drop,True,exploit,errorless,True,exploit,cars,True,explore
False,0.6,21,35,3,0.017481851687742272,,,,,False,0.894736842105263,drag_drop,True,exploit,errorless,True,exploit,ocean,False,explore
False,1.0,22,35,3,0.0,,,,,False,0.8991596638655461,drag_drop,True,explore,errorless,True,explore,cars,True,explore
False,0.8,23,35,3,0.0,,,,,False,0.8951612903225805,drag_drop,True,exploit,errorless,True,exploit,cars,True,explore
False,1.0,24,35,3,0.0,,,,,False,0.8992248062015503,drag_drop,True,exploit,errorless,True,exploit,cars,True,explore
False,0.8,25,35,3,0.0,,,,,False,0.8955223880597014,drag_drop,True,exploit,errorless,True,exploit,cars,True,explore
False,0.8,26,35,3,0.0,,,,,False,0.8920863309352517,drag_drop,True,exploit,errorless,True,exploit,cars,True,explore
False,1.0,27,35,3,0.0,,,,,False,0.8958333333333331,drag_drop,True,exploit,errorless,True,exploit,cars,True,explore
False,1.0,28,35,3,0.0,,,,,False,0.8993288590604025,drag_drop,True,exploit,errorless,True,exploit,cars,True,explore
False,1.0,29,35,3,0.0,,,,,False,0.9025974025974024,drag_drop,True,exploit,errorless,True,exploit,cars,True,explore
False,1.0,30,35,3,0.0,,,,,False,0.9056603773584904,drag_drop,True,exploit,errorless,True,exploit,cars,True,explore
False,1.0,31,35,3,0.0,,,,,False,0.9085365853658535,drag_drop,True,exploit,errorless,True,exploit,cars,True,explore
False,1.0,32,35,3,0.0,,,,,False,0.9112426035502957,drag_drop,True,exploit,errorless,True,exploit,cars,True,explore
False,1.0,33,35,3,0.0,,,,,False,0.9137931034482757,drag_drop,True,exploit,errorless,True,exploit,cars,True,explore
False,0.8,34,35,3,0.0,,,,,False,0.9106145251396647,drag_drop,True,exploit,errorless,True,exploit,cars,True,explore
False,0.8,35,35,3,0.0,,,,,False,0.9076086956521737,drag_drop,True,exploit,errorless,True,exploit,cars,True,explore
False,1.0,36,35,3,0.0,,,,,False,0.9100529100529099,drag_drop,True,exploit,errorless,True,exploit,cars,True,explore
False,0.8,37,35,3,0.0,,,,,False,0.9072164948453607,drag_drop,True,exploit,errorless,True,exploit,cars,True,explore
False,1.0,38,35,3,0.0,,,,,False,0.9095477386934672,drag_drop,True,exploit,errorless,True,exploit,cars,True,explore
False,1.0,39,35,3,0.0,,,,,False,0.9117647058823528,drag_drop,True,exploit,errorless,True,exploit,cars,True,explore
False,1.0,0,36,1,0.0,,,,,False,0.7777777777777778,tap,True,explore,errorless,False,explore,space,True,explore
False,1.0,1,36,2,0.0,,,,,False,0.8571428571428571,tap,True,explore,errorless,False,explore,dino,False,explore
False,1.0,2,36,3,0.0,,,,,False,0.8947368421052632,tap,True,explore,errorless,False,explore,space,True,explore
False,1.0,3,36,3,0.0,,,,,False,0.9166666666666666,tap,True,explore,errorless,False,explore,cars,False,explore
False,1.0,4,36,3,0.0,,,,,False,0.9310344827586207,tap,True,explore,errorless,False,explore,space,True,explore
False,1.0,5,36,3,0.0,,,,,False,0.9411764705882353,tap,True,explore,errorless,False,explore,space,True,explore
False,1.0,6,36,3,0.0,,,,,False,0.9487179487179487,tap,True,explore,errorless,False,explore,space,True,explore
False,1.0,7,36,3,0.0,,,,,False,0.9545454545454546,tap,True,explore,errorless,False,explore,space,True,explore
False,1.0,8,36,3,0.0,,,,,False,0.9591836734693877,tap,True,explore,errorless,False,explore,space,True,explore
False,1.0,9,36,3,0.0,,,,,False,0.9629629629629629,tap,True,explore,errorless,False,explore,space,True,explore
False,1.0,10,36,3,0.0,,,,,False,0.9661016949152542,tap,True,explore,errorless,False,explore,space,True,explore
False,0.8,11,36,3,0.0,,,,,False,0.953125,tap,True,explore,errorless,False,explore,space,True,explore
False,1.0,12,36,3,0.0,,,,,False,0.9565217391304348,tap,True,explore,errorless,False,explore,space,True,explore
False,1.0,13,36,3,0.0,,,,,False,0.9594594594594594,tap,True,explore,errorless,False,explore,space,True,explore
False,1.0,14,36,3,0.0,,,,,False,0.9620253164556962,tap,True,explore,errorless,False,explore,space,True,explore
False,0.8,15,36,3,0.0,,,,,False,0.9523809523809523,tap,True,explore,errorless,False,explore,space,True,explore
False,1.0,16,36,3,0.0,,,,,False,0.9550561797752809,tap,True,explore,errorless,False,explore,space,True,explore
False,1.0,17,36,3,0.0,,,,,False,0.9574468085106383,tap,True,explore,errorless,False,explore,space,True,explore
False,1.0,18,36,3,0.0,,,,,False,0.9595959595959596,tap,True,explore,errorless,False,explore,space,True,explore
False,0.8,19,36,3,0.141537399800164,,,,,False,0.9519230769230769,tap,True,explore,errorless,False,explore,space,True,explore
False,1.0,20,36,3,0.0,,,,,False,0.9541284403669725,tap,True,explore,errorless,False,explore,cars,False,explore
False,1.0,21,36,3,0.0,,,,,False,0.956140350877193,tap,True,explore,errorless,False,explore,space,True,explore
False,1.0,22,36,3,0.0,,,,,False,0.957983193277311,tap,True,explore,errorless,False,explore,space,True,explore
False,1.0,23,36,3,0.0,,,,,False,0.9596774193548387,tap,True,explore,errorless,False,explore,cars,False,explore
False,1.0,24,36,3,0.0,,,,,False,0.9612403100775194,tap,True,explore,errorless,False,explore,space,True,explore
False,1.0,25,36,3,0.0,,,,,False,0.9626865671641791,tap,True,explore,errorless,False,explore,dino,False,explore
False,1.0,26,36,3,0.0,,,,,False,0.9640287769784173,tap,True,explore,errorless,False,explore,space,True,explore
False,1.0,27,36,3,0.0,,,,,False,0.9652777777777778,tap,True,explore,errorless,False,explore,space,True,explore
False,0.8,28,36,3,0.0,,,,,False,0.959731543624161,tap,True,explore,errorless,False,explore,space,True,explore
False,1.0,29,36,3,0.0,,,,,False,0.961038961038961,tap,True,explore,errorless,False,explore,cars,False,explore
False,1.0,30,36,3,0.0,,,,,False,0.9622641509433962,tap,True,explore,errorless,False,explore,space,True,explore
False,1.0,31,36,3,0.0,,,,,False,0.9634146341463414,tap,True,explore,errorless,False,explore,dino,False,explore
False,1.0,32,36,3,0.0,,,,,False,0.9644970414201184,tap,True,explore,errorless,False,explore,space,True,explore
False,0.8,33,36,3,0.0,,,,,False,0.9597701149425287,tap,True,explore,errorless,False,explore,space,True,explore
False,1.0,34,36,3,0.0,,,,,False,0.9608938547486033,tap,True,explore,errorless,False,explore,space,True,explore
False,1.0,35,36,3,0.0,,,,,False,0.9619565217391305,tap,True,explore,errorless,False,explore,cars,False,explore
False,1.0,36,36,3,0.0,,,,,False,0.9629629629629629,tap,True,explore,errorless,False,explore,space,True,explore
False,1.0,37,36,3,0.0,,,,,False,0.9639175257731959,tap,True,explore,errorless,False,explore,dino,False,explore
False,1.0,38,36,3,0.0,,,,,False,0.964824120603015,tap,True,explore,errorless,False,explore,dino,False,explore
False,1.0,39,36,3,0.0,,,,,False,0.9656862745098039,tap,True,exploit,errorless,False,exploit,space,True,explore
False,1.0,0,37,1,0.0,,,,,False,0.7777777777777778,drag_drop,True,explore,try_then_correct,True,explore,ocean,False,explore
False,1.0,1,37,2,0.0,,,,,False,0.8571428571428571,tap,False,explore,try_then_correct,True,explore,cars,False,explore
False,1.0,2,37,3,0.0,,,,,False,0.8947368421052632,tap,False,explore,try_then_correct,True,explore,cars,False,explore
False,1.0,3,37,3,0.0,,,,,False,0.9166666666666666,tap,False,explore,try_then_correct,True,explore,cars,False,explore
False,1.0,4,37,3,0.0,,,,,False,0.9310344827586207,tap,False,explore,try_then_correct,True,explore,cars,False,explore
False,1.0,5,37,3,0.0,,,,,False,0.9411764705882353,drag_drop,True,explore,try_then_correct,True,explore,cars,False,explore
False,1.0,6,37,3,0.0,,,,,False,0.9487179487179487,tap,False,explore,try_then_correct,True,explore,ocean,False,explore
False,1.0,7,37,3,0.0,,,,,False,0.9545454545454546,drag_drop,True,explore,try_then_correct,True,explore,cars,False,explore
False,1.0,8,37,3,0.0,,,,,False,0.9591836734693877,drag_drop,True,explore,try_then_correct,True,explore,cars,False,explore
False,0.8,9,37,3,0.0,,,,,False,0.9444444444444444,tap,False,explore,errorless,False,explore,ocean,False,explore
False,1.0,10,37,3,0.0,,,,,False,0.9491525423728814,drag_drop,True,explore,try_then_correct,True,explore,cars,False,explore
False,1.0,11,37,3,0.0,,,,,False,0.953125,tap,False,explore,try_then_correct,True,explore,cars,False,explore
False,1.0,12,37,3,0.0,,,,,False,0.9565217391304348,tap,False,explore,try_then_correct,True,explore,ocean,False,explore
False,1.0,13,37,3,0.0,,,,,False,0.9594594594594594,drag_drop,True,explore,try_then_correct,True,explore,cars,False,explore
False,1.0,14,37,3,0.0,,,,,False,0.9620253164556962,drag_drop,True,explore,try_then_correct,True,explore,cars,False,explore
False,1.0,15,37,3,0.0,,,,,False,0.9642857142857143,tap,False,explore,try_then_correct,True,explore,cars,False,explore
False,1.0,16,37,3,0.0,,,,,False,0.9662921348314607,drag_drop,True,explore,try_then_correct,True,explore,ocean,False,explore
False,0.8,17,37,3,0.029830169224295378,,,,,False,0.9574468085106383,drag_drop,True,explore,try_then_correct,True,explore,cars,False,explore
False,1.0,18,37,3,0.0,,,,,False,0.9595959595959596,drag_drop,True,explore,try_then_correct,True,explore,cars,False,explore
False,1.0,19,37,3,0.0,,,,,False,0.9615384615384616,tap,False,explore,try_then_correct,True,explore,cars,False,explore
False,1.0,20,37,3,0.0,,,,,False,0.963302752293578,drag_drop,True,explore,try_then_correct,True,explore,cars,False,explore
False,1.0,21,37,3,0.0,,,,,False,0.9649122807017544,tap,False,explore,try_then_correct,True,explore,ocean,False,explore
False,0.8,22,37,3,0.0,,,,,False,0.957983193277311,drag_drop,True,explore,try_then_correct,True,explore,cars,False,explore
False,1.0,23,37,3,0.0,,,,,False,0.9596774193548387,tap,False,explore,try_then_correct,True,explore,cars,False,explore
False,0.8,24,37,3,0.07244469668757449,,,,,False,0.9534883720930233,tap,False,explore,try_then_correct,True,explore,cars,False,explore
False,1.0,25,37,3,0.0,,,,,False,0.9552238805970149,drag_drop,True,explore,try_then_correct,True,explore,cars,False,explore
False,0.8,26,37,3,0.0,,,,,False,0.9496402877697842,drag_drop,True,explore,try_then_correct,True,explore,cars,False,explore
False,1.0,27,37,3,0.0,,,,,False,0.9513888888888888,tap,False,explore,try_then_correct,True,explore,cars,False,explore
False,1.0,28,37,3,0.0,,,,,False,0.9530201342281879,drag_drop,True,explore,try_then_correct,True,explore,cars,False,explore
False,1.0,29,37,3,0.0,,,,,False,0.9545454545454546,drag_drop,True,explore,try_then_correct,True,explore,cars,False,explore
False,1.0,30,37,3,0.0,,,,,False,0.9559748427672956,tap,False,explore,try_then_correct,True,explore,cars,False,explore
False,1.0,31,37,3,0.0,,,,,False,0.9573170731707317,drag_drop,True,explore,try_then_correct,True,explore,cars,False,explore
False,1.0,32,37,3,0.0,,,,,False,0.9585798816568047,tap,False,explore,try_then_correct,True,explore,cars,False,explore
False,1.0,33,37,3,0.0,,,,,False,0.9597701149425287,drag_drop,True,explore,try_then_correct,True,explore,cars,False,explore
False,1.0,34,37,3,0.0,,,,,False,0.9608938547486033,drag_drop,True,explore,try_then_correct,True,explore,cars,False,explore
False,1.0,35,37,3,0.0,,,,,False,0.9619565217391305,drag_drop,True,explore,try_then_correct,True,explore,cars,False,explore
False,1.0,36,37,3,0.0,,,,,False,0.9629629629629629,drag_drop,True,explore,try_then_correct,True,explore,cars,False,explore
False,1.0,37,37,3,0.0,,,,,False,0.9639175257731959,drag_drop,True,explore,try_then_correct,True,explore,cars,False,explore
False,1.0,38,37,3,0.0,,,,,False,0.964824120603015,drag_drop,True,explore,try_then_correct,True,explore,cars,False,explore
False,1.0,39,37,3,0.0,,,,,False,0.9656862745098039,tap,False,explore,try_then_correct,True,explore,cars,False,explore
False,0.6,0,38,1,0.15360205717599607,,,,,False,0.5555555555555556,tap,True,explore,try_then_correct,True,explore,space,False,explore
False,0.4,1,38,1,0.6620778326551554,,,,,False,0.5,drag_drop,False,explore,errorless,False,explore,space,False,explore
True,0.5,2,38,1,0.7362305499125327,,,,,False,0.5,tap,True,explore,try_then_correct,True,explore,cars,False,explore
False,0.8,3,38,1,0.040254332225433426,,,,,False,0.5652173913043478,tap,True,explore,try_then_correct,True,explore,ocean,True,explore
False,0.8,4,38,2,0.14300881185351355,,,,,False,0.6071428571428571,drag_drop,False,explore,errorless,False,explore,cars,False,explore
False,0.8,5,38,3,0.0,,,,,False,0.6363636363636364,tap,True,explore,errorless,False,explore,dino,False,explore
False,0.8,6,38,3,0.0370763586286887,,,,,False,0.6578947368421053,tap,True,explore,try_then_correct,True,explore,cars,False,explore
False,0.8,7,38,3,0.11652569854730735,,,,,False,0.6744186046511629,tap,True,explore,try_then_correct,True,explore,dino,False,explore
False,0.8,8,38,3,0.0,,,,,False,0.6875000000000001,tap,True,explore,errorless,False,explore,dino,False,explore
False,0.8,9,38,3,0.16949192515971975,,,,,False,0.69811320754717,drag_drop,False,explore,try_then_correct,True,explore,space,False,explore
False,0.4,10,38,3,0.3601703409644046,,,,,False,0.6724137931034484,tap,True,explore,try_then_correct,True,explore,dino,False,explore
False,0.4,11,38,2,0.5508487567690892,,,,,False,0.6507936507936509,tap,True,explore,errorless,False,explore,ocean,True,explore
False,0.6,12,38,1,0.3209753332712193,,,,,False,0.6470588235294119,drag_drop,False,explore,try_then_correct,True,explore,cars,False,explore
False,0.6,13,38,1,0.42161116383480285,,,,,False,0.6438356164383562,tap,True,explore,errorless,False,explore,cars,False,explore
False,0.4,14,38,1,0.7711882594767248,,,,,False,0.6282051282051282,tap,True,explore,errorless,False,explore,dino,False,explore
False,1.0,15,38,1,0.0,,,,,False,0.6506024096385542,drag_drop,False,explore,errorless,False,explore,space,False,explore
False,0.8,16,38,2,0.0,,,,,False,0.6590909090909092,tap,True,explore,try_then_correct,True,explore,dino,False,explore
True,0.3333333333333333,17,38,3,0.4449163035442644,,,,,False,0.6483516483516484,drag_drop,False,explore,errorless,False,explore,dino,False,explore
False,1.0,18,38,2,0.0,,,,,False,0.6666666666666666,drag_drop,False,explore,try_then_correct,True,explore,dino,False,explore
True,0.3333333333333333,19,38,3,0.2595345104008209,,,,,False,0.6565656565656566,drag_drop,False,explore,try_then_correct,True,explore,space,False,explore
False,1.0,20,38,2,0.0,,,,,False,0.6730769230769231,tap,True,explore,errorless,False,explore,space,False,explore
False,0.8,21,38,3,0.0900425852411011,,,,,False,0.6788990825688074,drag_drop,False,explore,try_then_correct,True,explore,dino,False,explore
False,1.0,22,38,3,0.0,,,,,False,0.6929824561403509,tap,True,explore,try_then_correct,True,explore,space,False,explore
False,0.2,23,38,3,0.8898326070885288,,,,,False,0.6722689075630253,drag_drop,False,explore,errorless,False,explore,space,False,explore
,,24,38,1,,0.6656839135857345,0.8898326070885288,interest_injection,False,True,,,,,,,,,,
False,0.6,25,38,2,0.6603872909244931,,,,,False,0.6693548387096774,tap,True,explore,try_then_correct,True,explore,cars,False,explore
False,1.0,26,38,2,0.0,,,,,False,0.6821705426356589,tap,True,explore,try_then_correct,True,explore,ocean,True,explore
False,0.8,27,38,3,0.0,,,,,False,0.6865671641791045,tap,True,explore,try_then_correct,True,explore,space,False,explore
False,0.8,28,38,3,0.0,,,,,False,0.6906474820143885,tap,True,explore,try_then_correct,True,explore,cars,False,explore
False,1.0,29,38,3,0.0,,,,,False,0.7013888888888888,tap,True,explore,try_then_correct,True,explore,dino,False,explore
False,0.6,30,38,3,0.11652569854730735,,,,,False,0.697986577181208,tap,True,explore,try_then_correct,True,explore,dino,False,explore
False,1.0,31,38,3,0.0,,,,,False,0.7077922077922078,tap,True,explore,try_then_correct,True,explore,cars,False,explore
False,1.0,32,38,3,0.0,,,,,False,0.7169811320754716,tap,True,explore,try_then_correct,True,explore,ocean,True,explore
False,1.0,33,38,3,0.0,,,,,False,0.7256097560975608,tap,True,explore,try_then_correct,True,explore,cars,False,explore
True,0.5,34,38,3,0.11652569854730735,,,,,False,0.72289156626506,tap,True,explore,try_then_correct,True,explore,cars,False,explore
False,0.6,35,38,2,0.15360205717599607,,,,,False,0.7192982456140349,tap,True,explore,try_then_correct,True,explore,dino,False,explore
False,1.0,36,38,2,0.0,,,,,False,0.727272727272727,tap,True,explore,try_then_correct,True,explore,ocean,True,explore
False,1.0,37,38,3,0.0,,,,,False,0.7348066298342538,tap,True,explore,try_then_correct,True,explore,ocean,True,explore
False,0.8,38,38,3,0.0,,,,,False,0.7365591397849459,tap,True,explore,try_then_correct,True,explore,dino,False,explore
False,1.0,39,38,3,0.0,,,,,False,0.7434554973821986,tap,True,explore,try_then_correct,True,explore,ocean,True,explore
False,1.0,0,39,1,0.0,,,,,False,0.7777777777777778,tap,False,explore,try_then_correct,True,explore,space,False,explore
False,1.0,1,39,2,0.0,,,,,False,0.8571428571428571,drag_drop,True,explore,try_then_correct,True,explore,space,False,explore
False,1.0,2,39,3,0.0,,,,,False,0.8947368421052632,drag_drop,True,explore,errorless,False,explore,space,False,explore
False,1.0,3,39,3,0.0,,,,,False,0.9166666666666666,tap,False,explore,try_then_correct,True,explore,space,False,explore
False,1.0,4,39,3,0.0,,,,,False,0.9310344827586207,tap,False,explore,try_then_correct,True,explore,space,False,explore
False,0.8,5,39,3,0.0,,,,,False,0.9117647058823529,tap,False,explore,errorless,False,explore,space,False,explore
False,1.0,6,39,3,0.0,,,,,False,0.9230769230769231,drag_drop,True,explore,try_then_correct,True,explore,space,False,explore
False,1.0,7,39,3,0.0,,,,,False,0.9318181818181818,drag_drop,True,explore,try_then_correct,True,explore,space,False,explore
False,1.0,8,39,3,0.0,,,,,False,0.9387755102040817,drag_drop,True,explore,try_then_correct,True,explore,space,False,explore
False,1.0,9,39,3,0.0,,,,,False,0.9444444444444444,drag_drop,True,explore,try_then_correct,True,explore,space,False,explore
False,1.0,10,39,3,0.0,,,,,False,0.9491525423728814,drag_drop,True,explore,try_then_correct,True,explore,space,False,explore
False,1.0,11,39,3,0.0,,,,,False,0.953125,drag_drop,True,explore,try_then_correct,True,explore,space,False,explore
False,1.0,12,39,3,0.0,,,,,False,0.9565217391304348,drag_drop,True,explore,try_then_correct,True,explore,space,False,explore
False,1.0,13,39,3,0.0,,,,,False,0.9594594594594594,drag_drop,True,explore,try_then_correct,True,explore,space,False,explore
False,1.0,14,39,3,0.0,,,,,False,0.9620253164556962,drag_drop,True,explore,try_then_correct,True,explore,space,False,explore
False,1.0,15,39,3,0.0,,,,,False,0.9642857142857143,drag_drop,True,explore,try_then_correct,True,explore,space,False,explore
False,1.0,16,39,3,0.0,,,,,False,0.9662921348314607,drag_drop,True,explore,try_then_correct,True,explore,space,False,explore
False,1.0,17,39,3,0.0,,,,,False,0.9680851063829787,drag_drop,True,explore,try_then_correct,True,explore,space,False,explore
False,1.0,18,39,3,0.0,,,,,False,0.9696969696969697,drag_drop,True,explore,try_then_correct,True,explore,space,False,explore
False,1.0,19,39,3,0.0,,,,,False,0.9711538461538461,drag_drop,True,explore,try_then_correct,True,explore,space,False,explore
False,1.0,20,39,3,0.0,,,,,False,0.9724770642201835,drag_drop,True,explore,try_then_correct,True,explore,space,False,exploit
False,1.0,21,39,3,0.0,,,,,False,0.9736842105263158,drag_drop,True,explore,try_then_correct,True,explore,space,False,exploit
False,1.0,22,39,3,0.0,,,,,False,0.9747899159663865,drag_drop,True,explore,try_then_correct,True,explore,space,False,exploit
False,1.0,23,39,3,0.0,,,,,False,0.9758064516129032,drag_drop,True,explore,try_then_correct,True,explore,space,False,exploit
False,1.0,24,39,3,0.0,,,,,False,0.9767441860465116,drag_drop,True,explore,try_then_correct,True,explore,space,False,exploit
False,1.0,25,39,3,0.0,,,,,False,0.9776119402985075,drag_drop,True,explore,try_then_correct,True,explore,space,False,exploit
False,1.0,26,39,3,0.0,,,,,False,0.9784172661870504,drag_drop,True,explore,try_then_correct,True,explore,space,False,exploit
False,0.8,27,39,3,0.0,,,,,False,0.9722222222222222,drag_drop,True,explore,try_then_correct,True,explore,space,False,exploit
False,1.0,28,39,3,0.0,,,,,False,0.9731543624161074,drag_drop,True,explore,try_then_correct,True,explore,space,False,exploit
False,1.0,29,39,3,0.0,,,,,False,0.974025974025974,drag_drop,True,explore,try_then_correct,True,explore,space,False,exploit
False,1.0,30,39,3,0.0,,,,,False,0.9748427672955975,drag_drop,True,explore,try_then_correct,True,explore,space,False,exploit
False,1.0,31,39,3,0.0,,,,,False,0.975609756097561,drag_drop,True,explore,try_then_correct,True,explore,space,False,exploit
False,1.0,32,39,3,0.0,,,,,False,0.9763313609467456,drag_drop,True,explore,try_then_correct,True,explore,space,False,exploit
False,1.0,33,39,3,0.0,,,,,False,0.9770114942528736,drag_drop,True,explore,try_then_correct,True,explore,space,False,exploit
False,1.0,34,39,3,0.0,,,,,False,0.9776536312849162,drag_drop,True,explore,try_then_correct,True,explore,space,False,exploit
False,1.0,35,39,3,0.0,,,,,False,0.9782608695652174,drag_drop,True,explore,try_then_correct,True,explore,space,False,exploit
False,1.0,36,39,3,0.0,,,,,False,0.9788359788359788,drag_drop,True,explore,try_then_correct,True,explore,space,False,exploit
False,1.0,37,39,3,0.0,,,,,False,0.979381443298969,drag_drop,True,explore,try_then_correct,True,explore,space,False,exploit
False,1.0,38,39,3,0.0,,,,,False,0.9798994974874372,drag_drop,True,explore,try_then_correct,True,explore,space,False,exploit
False,1.0,39,39,3,0.0,,,,,False,0.9803921568627451,drag_drop,True,explore,try_then_correct,True,explore,space,False,exploit
False,0.8,0,40,1,0.0,,,,,False,0.6666666666666666,tap,False,explore,try_then_correct,True,explore,space,False,explore
False,1.0,1,40,2,0.0,,,,,False,0.7857142857142857,tap,False,explore,try_then_correct,True,explore,space,False,explore
False,1.0,2,40,3,0.0,,,,,False,0.8421052631578947,tap,False,explore,try_then_correct,True,explore,cars,True,explore
False,1.0,3,40,3,0.0,,,,,False,0.875,tap,False,explore,try_then_correct,True,explore,space,False,explore
False,0.8,4,40,3,0.0,,,,,False,0.8620689655172413,tap,False,explore,try_then_correct,True,explore,cars,True,explore
False,1.0,5,40,3,0.0,,,,,False,0.8823529411764706,tap,False,explore,try_then_correct,True,explore,space,False,explore
False,1.0,6,40,3,0.0,,,,,False,0.8974358974358975,tap,False,explore,try_then_correct,True,explore,cars,True,explore
False,1.0,7,40,3,0.0,,,,,False,0.9090909090909091,tap,False,explore,try_then_correct,True,explore,space,False,explore
False,1.0,8,40,3,0.0,,,,,False,0.9183673469387755,tap,False,explore,try_then_correct,True,explore,cars,True,explore
False,1.0,9,40,3,0.0,,,,,False,0.9259259259259259,tap,False,explore,try_then_correct,True,explore,space,False,explore
False,1.0,10,40,3,0.0,,,,,False,0.9322033898305084,tap,False,explore,try_then_correct,True,explore,cars,True,explore
False,0.8,11,40,3,0.10475833988997964,,,,,False,0.921875,tap,False,explore,try_then_correct,True,explore,space,False,explore
False,1.0,12,40,3,0.0,,,,,False,0.927536231884058,tap,False,explore,try_then_correct,True,explore,cars,True,explore
False,1.0,13,40,3,0.0,,,,,False,0.9324324324324325,tap,False,explore,try_then_correct,True,explore,space,False,explore
False,1.0,14,40,3,0.0,,,,,False,0.9367088607594937,tap,False,explore,try_then_correct,True,explore,cars,True,explore
False,0.6,15,40,3,0.09493724552529405,,,,,False,0.9166666666666666,tap,False,explore,try_then_correct,True,explore,cars,True,explore
False,1.0,16,40,3,0.0,,,,,False,0.9213483146067416,tap,False,explore,try_then_correct,True,explore,cars,True,explore
False,1.0,17,40,3,0.0,,,,,False,0.925531914893617,tap,False,explore,try_then_correct,True,explore,cars,True,explore
False,1.0,18,40,3,0.0,,,,,False,0.9292929292929293,tap,False,explore,try_then_correct,True,explore,cars,True,explore
False,1.0,19,40,3,0.0,,,,,False,0.9326923076923077,tap,False,explore,try_then_correct,True,explore,cars,True,explore
False,0.8,20,40,3,0.055652868066551675,,,,,False,0.926605504587156,tap,False,explore,try_then_correct,True,explore,space,False,explore
False,1.0,21,40,3,0.0,,,,,False,0.9298245614035088,tap,False,explore,try_then_correct,True,explore,space,False,explore
False,1.0,22,40,3,0.0,,,,,False,0.9327731092436975,tap,False,explore,try_then_correct,True,explore,cars,True,explore
False,1.0,23,40,3,0.0,,,,,False,0.9354838709677419,tap,False,explore,try_then_correct,True,explore,space,False,explore
False,1.0,24,40,3,0.0,,,,,False,0.937984496124031,tap,False,explore,try_then_correct,True,explore,space,False,explore
False,1.0,25,40,3,0.0,,,,,False,0.9402985074626866,tap,False,explore,try_then_correct,True,explore,space,False,explore
False,1.0,26,40,3,0.0,,,,,False,0.9424460431654677,drag_drop,True,explore,try_then_correct,True,explore,dino,False,explore
False,1.0,27,40,3,0.0,,,,,False,0.9444444444444444,tap,False,explore,try_then_correct,True,explore,cars,True,explore
False,1.0,28,40,3,0.0,,,,,False,0.9463087248322147,tap,False,explore,try_then_correct,True,explore,cars,True,explore
False,1.0,29,40,3,0.0,,,,,False,0.948051948051948,tap,False,explore,try_then_correct,True,explore,cars,True,explore
False,1.0,30,40,3,0.0,,,,,False,0.949685534591195,tap,False,explore,try_then_correct,True,explore,space,False,explore
False,1.0,31,40,3,0.0,,,,,False,0.9512195121951219,tap,False,explore,try_then_correct,True,explore,space,False,explore
False,1.0,32,40,3,0.0,,,,,False,0.9526627218934911,tap,False,explore,try_then_correct,True,explore,cars,True,explore
False,1.0,33,40,3,0.0,,,,,False,0.9540229885057471,tap,False,explore,try_then_correct,True,explore,cars,True,explore
False,0.8,34,40,3,0.039284377458742366,,,,,False,0.9497206703910615,drag_drop,True,explore,try_then_correct,True,explore,cars,True,explore
False,1.0,35,40,3,0.0,,,,,False,0.9510869565217391,tap,False,explore,try_then_correct,True,explore,space,False,explore
False,1.0,36,40,3,0.0,,,,,False,0.9523809523809523,tap,False,explore,try_then_correct,True,explore,cars,True,explore
False,1.0,37,40,3,0.0,,,,,False,0.9536082474226805,tap,False,explore,try_then_correct,True,explore,cars,True,explore
False,1.0,38,40,3,0.0,,,,,False,0.9547738693467337,tap,False,explore,try_then_correct,True,explore,space,False,explore
False,1.0,39,40,3,0.0,,,,,False,0.9558823529411765,tap,False,explore,try_then_correct,True,explore,cars,True,explore
False,1.0,0,41,1,0.0,,,,,False,0.7777777777777778,tap,True,explore,try_then_correct,True,explore,ocean,False,explore
False,1.0,1,41,2,0.0,,,,,False,0.8571428571428571,tap,True,explore,try_then_correct,True,explore,ocean,False,explore
False,1.0,2,41,3,0.0,,,,,False,0.8947368421052632,tap,True,explore,try_then_correct,True,explore,ocean,False,explore
False,1.0,3,41,3,0.0,,,,,False,0.9166666666666666,tap,True,explore,try_then_correct,True,explore,ocean,False,explore
False,1.0,4,41,3,0.0,,,,,False,0.9310344827586207,tap,True,explore,try_then_correct,True,explore,space,False,explore
False,0.8,5,41,3,0.01674228376395867,,,,,False,0.9117647058823529,tap,True,explore,try_then_correct,True,explore,ocean,False,explore
False,1.0,6,41,3,0.0,,,,,False,0.9230769230769231,tap,True,explore,try_then_correct,True,explore,space,False,explore
False,1.0,7,41,3,0.0,,,,,False,0.9318181818181818,tap,True,explore,try_then_correct,True,explore,ocean,False,explore
False,1.0,8,41,3,0.0,,,,,False,0.9387755102040817,tap,True,explore,try_then_correct,True,explore,ocean,False,explore
False,1.0,9,41,3,0.0,,,,,False,0.9444444444444444,tap,True,explore,try_then_correct,True,explore,ocean,False,explore
False,1.0,10,41,3,0.0,,,,,False,0.9491525423728814,tap,True,explore,try_then_correct,True,explore,ocean,False,explore
False,1.0,11,41,3,0.0,,,,,False,0.953125,tap,True,explore,try_then_correct,True,explore,ocean,False,explore
False,1.0,12,41,3,0.0,,,,,False,0.9565217391304348,tap,True,explore,try_then_correct,True,explore,ocean,False,explore
False,0.8,13,41,3,0.0,,,,,False,0.9459459459459459,tap,True,explore,try_then_correct,True,explore,space,False,explore
False,1.0,14,41,3,0.0,,,,,False,0.9493670886075949,tap,True,explore,try_then_correct,True,explore,space,False,explore
False,1.0,15,41,3,0.0,,,,,False,0.9523809523809523,tap,True,explore,try_then_correct,True,explore,ocean,False,explore
False,1.0,16,41,3,0.0,,,,,False,0.9550561797752809,tap,True,explore,try_then_correct,True,explore,space,False,explore
False,1.0,17,41,3,0.0,,,,,False,0.9574468085106383,tap,True,explore,try_then_correct,True,explore,ocean,False,explore
False,0.8,18,41,3,0.0,,,,,False,0.9494949494949495,tap,True,explore,try_then_correct,True,explore,ocean,False,explore
False,1.0,19,41,3,0.0,,,,,False,0.9519230769230769,tap,True,explore,try_then_correct,True,explore,ocean,False,explore
False,1.0,20,41,3,0.0,,,,,False,0.9541284403669725,tap,True,explore,try_then_correct,True,explore,space,False,explore
False,1.0,21,41,3,0.0,,,,,False,0.956140350877193,tap,True,explore,try_then_correct,True,explore,ocean,False,explore
False,1.0,22,41,3,0.0,,,,,False,0.957983193277311,tap,True,explore,try_then_correct,True,explore,ocean,False,explore
False,1.0,23,41,3,0.0,,,,,False,0.9596774193548387,tap,True,explore,try_then_correct,True,explore,ocean,False,explore
False,1.0,24,41,3,0.0,,,,,False,0.9612403100775194,tap,True,explore,try_then_correct,True,explore,ocean,False,explore
False,1.0,25,41,3,0.0,,,,,False,0.9626865671641791,tap,True,explore,try_then_correct,True,explore,space,False,explore
False,1.0,26,41,3,0.0,,,,,False,0.9640287769784173,tap,True,explore,try_then_correct,True,explore,ocean,False,explore
False,0.8,27,41,3,0.052618606115298686,,,,,False,0.9583333333333334,tap,True,explore,try_then_correct,True,explore,ocean,False,explore
False,0.8,28,41,3,0.0,,,,,False,0.9530201342281879,tap,True,explore,try_then_correct,True,explore,ocean,False,explore
False,1.0,29,41,3,0.0,,,,,False,0.9545454545454546,tap,True,explore,try_then_correct,True,explore,ocean,False,explore
False,1.0,30,41,3,0.0,,,,,False,0.9559748427672956,tap,True,explore,try_then_correct,True,explore,ocean,False,explore
False,1.0,31,41,3,0.0,,,,,False,0.9573170731707317,tap,True,explore,try_then_correct,True,explore,ocean,False,explore
False,1.0,32,41,3,0.0,,,,,False,0.9585798816568047,tap,True,explore,try_then_correct,True,explore,space,False,explore
False,1.0,33,41,3,0.0,,,,,False,0.9597701149425287,tap,True,explore,try_then_correct,True,explore,space,False,explore
False,1.0,34,41,3,0.0,,,,,False,0.9608938547486033,tap,True,explore,try_then_correct,True,explore,space,False,explore
False,1.0,35,41,3,0.0,,,,,False,0.9619565217391305,tap,True,explore,try_then_correct,True,explore,space,False,explore
False,1.0,36,41,3,0.0,,,,,False,0.9629629629629629,tap,True,explore,try_then_correct,True,explore,ocean,False,explore
False,1.0,37,41,3,0.0,,,,,False,0.9639175257731959,tap,True,explore,try_then_correct,True,explore,space,False,explore
False,1.0,38,41,3,0.0,,,,,False,0.964824120603015,tap,True,explore,try_then_correct,True,explore,ocean,False,explore
False,1.0,39,41,3,0.0,,,,,False,0.9656862745098039,tap,True,exploit,try_then_correct,True,exploit,space,False,explore
False,0.8,0,42,1,0.0,,,,,False,0.6666666666666666,tap,True,explore,errorless,True,explore,dino,False,explore
False,0.8,1,42,2,0.0,,,,,False,0.7142857142857143,tap,True,explore,errorless,True,explore,dino,False,explore
False,1.0,2,42,3,0.0,,,,,False,0.7894736842105263,drag_drop,False,explore,errorless,True,explore,cars,False,explore
False,1.0,3,42,3,0.0,,,,,False,0.8333333333333334,drag_drop,False,explore,try_then_correct,False,explore,cars,False,explore
False,0.8,4,42,3,0.0,,,,,False,0.8275862068965517,drag_drop,False,explore,errorless,True,explore,cars,False,explore
False,0.2,5,42,3,0.9034157116097606,,,,,False,0.7352941176470589,drag_drop,False,explore,try_then_correct,False,explore,cars,False,explore
False,0.4,6,42,2,0.7863371535609572,,,,,False,0.6923076923076923,drag_drop,False,explore,errorless,True,explore,cars,False,explore
,,7,42,1,,0.5042562124495706,0.7863371535609572,modality_switch,False,True,,,,,,,,,,
True,0.5,8,42,1,0.6137184059585085,,,,,False,0.6829268292682927,drag_drop,False,explore,errorless,True,explore,dino,False,explore
False,1.0,9,42,1,0.0,,,,,False,0.7173913043478263,tap,True,explore,errorless,True,explore,dino,False,explore
False,1.0,10,42,2,0.0,,,,,False,0.7450980392156864,tap,True,explore,errorless,True,explore,space,False,explore
False,0.8,11,42,3,0.0,,,,,False,0.7500000000000001,tap,True,explore,errorless,True,explore,space,False,explore
False,1.0,12,42,3,0.0,,,,,False,0.7704918032786886,tap,True,explore,errorless,True,explore,space,False,explore
False,1.0,13,42,3,0.0,,,,,False,0.787878787878788,tap,True,explore,errorless,True,explore,space,False,explore
False,1.0,14,42,3,0.0,,,,,False,0.8028169014084509,tap,True,explore,errorless,True,explore,space,False,explore
False,1.0,15,42,3,0.0,,,,,False,0.8157894736842108,tap,True,explore,errorless,True,explore,space,False,explore
False,1.0,16,42,3,0.0,,,,,False,0.8271604938271608,tap,True,exploit,errorless,True,explore,space,False,explore
False,1.0,17,42,3,0.0,,,,,False,0.8372093023255818,tap,True,exploit,errorless,True,explore,dino,False,explore
False,1.0,18,42,3,0.0,,,,,False,0.8461538461538465,tap,True,exploit,errorless,True,explore,space,False,explore
False,1.0,19,42,3,0.0,,,,,False,0.854166666666667,tap,True,exploit,errorless,True,explore,space,False,explore
False,1.0,20,42,3,0.0,,,,,False,0.8613861386138617,tap,True,exploit,errorless,True,explore,space,False,explore
False,1.0,21,42,3,0.0,,,,,False,0.867924528301887,tap,True,exploit,errorless,True,exploit,dino,False,explore
False,1.0,22,42,3,0.0,,,,,False,0.8738738738738742,tap,True,exploit,errorless,True,exploit,space,False,explore
False,0.8,23,42,3,0.14165695630568434,,,,,False,0.870689655172414,tap,True,exploit,errorless,True,exploit,space,False,explore
False,1.0,24,42,3,0.0,,,,,False,0.8760330578512399,tap,True,exploit,errorless,True,exploit,space,False,explore
False,1.0,25,42,3,0.0,,,,,False,0.8809523809523812,tap,True,exploit,errorless,True,exploit,space,False,explore
False,1.0,26,42,3,0.0,,,,,False,0.8854961832061071,tap,True,exploit,errorless,True,exploit,space,False,explore
False,1.0,27,42,3,0.0,,,,,False,0.8897058823529413,tap,True,exploit,errorless,True,exploit,space,False,explore
False,1.0,28,42,3,0.0,,,,,False,0.8936170212765959,tap,True,exploit,errorless,True,exploit,space,False,explore
False,1.0,29,42,3,0.0,,,,,False,0.8972602739726029,tap,True,exploit,errorless,True,exploit,space,False,explore
False,1.0,30,42,3,0.0,,,,,False,0.9006622516556293,tap,True,exploit,errorless,True,exploit,space,False,explore
False,1.0,31,42,3,0.0,,,,,False,0.9038461538461541,tap,True,exploit,errorless,True,exploit,space,False,explore
False,1.0,32,42,3,0.0,,,,,False,0.9068322981366461,tap,True,exploit,errorless,True,exploit,space,False,explore
False,1.0,33,42,3,0.0,,,,,False,0.9096385542168677,tap,True,exploit,errorless,True,exploit,space,False,explore
False,1.0,34,42,3,0.0,,,,,False,0.9122807017543861,tap,True,exploit,errorless,True,exploit,space,False,explore
False,1.0,35,42,3,0.0,,,,,False,0.9147727272727274,tap,True,exploit,errorless,True,exploit,space,False,explore
False,1.0,36,42,3,0.0,,,,,False,0.9171270718232046,tap,True,exploit,errorless,True,exploit,space,False,exploit
False,1.0,37,42,3,0.0,,,,,False,0.9193548387096776,tap,True,exploit,errorless,True,exploit,space,False,exploit
False,1.0,38,42,3,0.0,,,,,False,0.9214659685863876,tap,True,exploit,errorless,True,exploit,space,False,exploit
False,1.0,39,42,3,0.0,,,,,False,0.9234693877551022,tap,True,exploit,errorless,True,exploit,space,False,exploit
False,0.8,0,43,1,0.0,,,,,False,0.6666666666666666,tap,True,explore,errorless,False,explore,cars,False,explore
False,1.0,1,43,1,0.0,,,,,False,0.7857142857142857,drag_drop,False,explore,try_then_correct,True,explore,cars,False,explore
False,0.4,2,43,2,0.35009275133363027,,,,,False,0.6842105263157895,drag_drop,False,explore,errorless,False,explore,cars,False,explore
False,1.0,3,43,1,0.0,,,,,False,0.75,tap,True,explore,try_then_correct,True,explore,ocean,False,explore
False,0.8,4,43,2,0.022077921255273983,,,,,False,0.7586206896551724,tap,True,explore,try_then_correct,True,explore,cars,False,explore
False,0.8,5,43,3,0.0,,,,,False,0.7647058823529411,tap,True,explore,try_then_correct,True,explore,cars,False,explore
False,1.0,6,43,3,0.0,,,,,False,0.7948717948717948,tap,True,explore,try_then_correct,True,explore,cars,False,explore
False,1.0,7,43,3,0.0,,,,,False,0.8181818181818182,tap,True,explore,try_then_correct,True,explore,dino,True,explore
False,0.8,8,43,3,0.0,,,,,False,0.8163265306122449,tap,True,explore,try_then_correct,True,explore,dino,True,explore
False,1.0,9,43,3,0.0,,,,,False,0.8333333333333334,tap,True,explore,try_then_correct,True,explore,cars,False,explore
False,1.0,10,43,3,0.0,,,,,False,0.847457627118644,tap,True,explore,try_then_correct,True,explore,ocean,False,explore
False,0.8,11,43,3,0.0,,,,,False,0.84375,tap,True,explore,try_then_correct,True,explore,ocean,False,explore
False,1.0,12,43,3,0.0,,,,,False,0.855072463768116,tap,True,explore,try_then_correct,True,explore,ocean,False,explore
False,0.8,13,43,3,0.022077921255273983,,,,,False,0.8513513513513513,tap,True,explore,try_then_correct,True,explore,ocean,False,explore
False,1.0,14,43,3,0.0,,,,,False,0.8607594936708861,tap,True,explore,try_then_correct,True,explore,ocean,False,explore
False,1.0,15,43,3,0.0,,,,,False,0.8690476190476191,tap,True,explore,try_then_correct,True,exploit,dino,True,explore
False,1.0,16,43,3,0.0,,,,,False,0.8764044943820225,tap,True,explore,try_then_correct,True,exploit,ocean,False,explore
False,1.0,17,43,3,0.0,,,,,False,0.8829787234042553,tap,True,explore,try_then_correct,True,exploit,ocean,False,explore
False,1.0,18,43,3,0.0,,,,,False,0.8888888888888888,tap,True,explore,try_then_correct,True,exploit,ocean,False,explore
False,0.8,19,43,3,0.0,,,,,False,0.8846153846153846,tap,True,explore,try_then_correct,True,exploit,ocean,False,explore
False,0.6,20,43,3,0.07569573001808222,,,,,False,0.8715596330275229,tap,True,explore,try_then_correct,True,exploit,dino,True,explore
False,1.0,21,43,3,0.0,,,,,False,0.8771929824561403,tap,True,explore,try_then_correct,True,exploit,cars,False,explore
False,1.0,22,43,3,0.0,,,,,False,0.8823529411764706,tap,True,explore,try_then_correct,True,exploit,ocean,False,explore
False,1.0,23,43,3,0.0,,,,,False,0.8870967741935484,tap,True,explore,try_then_correct,True,exploit,ocean,False,explore
False,1.0,24,43,3,0.0,,,,,False,0.8914728682170543,tap,True,explore,try_then_correct,True,exploit,ocean,False,explore
False,1.0,25,43,3,0.0,,,,,False,0.8955223880597015,tap,True,explore,try_then_correct,True,exploit,ocean,False,explore
False,0.6,26,43,3,0.09146567377184936,,,,,False,0.8848920863309353,tap,True,explore,try_then_correct,True,exploit,space,False,explore
False,1.0,27,43,3,0.0,,,,,False,0.8888888888888888,tap,True,explore,try_then_correct,True,explore,ocean,False,explore
False,1.0,28,43,3,0.0,,,,,False,0.8926174496644296,tap,True,explore,try_then_correct,True,exploit,ocean,False,explore
False,1.0,29,43,3,0.0,,,,,False,0.8961038961038961,tap,True,explore,try_then_correct,True,exploit,ocean,False,explore
False,0.8,30,43,3,0.022077921255273983,,,,,False,0.8930817610062893,tap,True,explore,try_then_correct,True,exploit,ocean,False,explore
False,1.0,31,43,3,0.0,,,,,False,0.8963414634146342,tap,True,explore,try_then_correct,True,exploit,ocean,False,explore
False,0.8,32,43,3,0.0,,,,,False,0.893491124260355,tap,True,explore,try_then_correct,True,exploit,ocean,False,explore
False,1.0,33,43,3,0.0,,,,,False,0.896551724137931,tap,True,explore,try_then_correct,True,exploit,ocean,False,explore
False,1.0,34,43,3,0.0,,,,,False,0.8994413407821229,tap,True,explore,try_then_correct,True,exploit,ocean,False,explore
False,1.0,35,43,3,0.0,,,,,False,0.9021739130434783,tap,True,explore,try_then_correct,True,exploit,ocean,False,explore
False,1.0,36,43,3,0.0,,,,,False,0.9047619047619048,tap,True,explore,try_then_correct,True,exploit,ocean,False,explore
False,1.0,37,43,3,0.0,,,,,False,0.9072164948453608,tap,True,explore,try_then_correct,True,exploit,ocean,False,explore
False,1.0,38,43,3,0.0,,,,,False,0.9095477386934674,tap,True,explore,try_then_correct,True,exploit,ocean,False,explore
False,1.0,39,43,3,0.0,,,,,False,0.9117647058823529,tap,True,explore,try_then_correct,True,exploit,ocean,False,explore
False,0.8,0,44,1,0.0,,,,,False,0.6666666666666666,drag_drop,False,explore,errorless,True,explore,cars,True,explore
False,1.0,1,44,2,0.0,,,,,False,0.7857142857142857,tap,True,explore,errorless,True,explore,ocean,False,explore
False,0.8,2,44,3,0.15468229242104578,,,,,False,0.7894736842105263,drag_drop,False,explore,errorless,True,explore,ocean,False,explore
False,1.0,3,44,3,0.0,,,,,False,0.8333333333333334,tap,True,explore,errorless,True,explore,dino,False,explore
False,1.0,4,44,3,0.0,,,,,False,0.8620689655172413,tap,True,explore,errorless,True,explore,ocean,False,explore
False,1.0,5,44,3,0.0,,,,,False,0.8823529411764706,tap,True,explore,errorless,True,explore,dino,False,explore
False,1.0,6,44,3,0.0,,,,,False,0.8974358974358975,tap,True,explore,errorless,True,explore,ocean,False,explore
False,1.0,7,44,3,0.0,,,,,False,0.9090909090909091,tap,True,explore,errorless,True,explore,ocean,False,explore
False,1.0,8,44,3,0.0,,,,,False,0.9183673469387755,tap,True,explore,errorless,True,explore,dino,False,explore
False,1.0,9,44,3,0.0,,,,,False,0.9259259259259259,tap,True,explore,errorless,True,explore,cars,True,explore
False,0.8,10,44,3,0.08217496784868056,,,,,False,0.9152542372881356,tap,True,explore,try_then_correct,False,explore,dino,False,explore
False,1.0,11,44,3,0.0,,,,,False,0.921875,tap,True,explore,errorless,True,explore,ocean,False,explore
False,1.0,12,44,3,0.0,,,,,False,0.927536231884058,tap,True,explore,errorless,True,explore,ocean,False,explore
False,1.0,13,44,3,0.0,,,,,False,0.9324324324324325,tap,True,explore,errorless,True,explore,ocean,False,explore
False,1.0,14,44,3,0.0,,,,,False,0.9367088607594937,tap,True,explore,errorless,True,explore,ocean,False,explore
False,1.0,15,44,3,0.0,,,,,False,0.9404761904761905,tap,True,explore,errorless,True,explore,ocean,False,explore
False,1.0,16,44,3,0.0,,,,,False,0.9438202247191011,tap,True,explore,errorless,True,explore,ocean,False,explore
False,1.0,17,44,3,0.0,,,,,False,0.9468085106382979,tap,True,explore,errorless,True,explore,dino,False,explore
False,0.8,18,44,3,0.03383675146710376,,,,,False,0.9393939393939394,tap,True,explore,errorless,True,explore,dino,False,explore
False,1.0,19,44,3,0.0,,,,,False,0.9423076923076923,tap,True,explore,errorless,True,explore,ocean,False,explore
False,1.0,20,44,3,0.0,,,,,False,0.944954128440367,tap,True,explore,errorless,True,explore,ocean,False,explore
False,0.8,21,44,3,0.0,,,,,False,0.9385964912280702,tap,True,explore,errorless,True,explore,cars,True,explore
False,1.0,22,44,3,0.0,,,,,False,0.9411764705882353,tap,True,explore,errorless,True,explore,ocean,False,explore
False,1.0,23,44,3,0.0,,,,,False,0.9435483870967742,tap,True,explore,errorless,True,explore,dino,False,explore
False,1.0,24,44,3,0.0,,,,,False,0.9457364341085271,tap,True,explore,errorless,True,explore,ocean,False,explore
False,1.0,25,44,3,0.0,,,,,False,0.9477611940298507,tap,True,explore,errorless,True,explore,ocean,False,explore
False,1.0,26,44,3,0.0,,,,,False,0.9496402877697842,tap,True,explore,errorless,True,explore,ocean,False,explore
False,1.0,27,44,3,0.0,,,,,False,0.9513888888888888,tap,True,explore,errorless,True,explore,ocean,False,explore
False,1.0,28,44,3,0.0,,,,,False,0.9530201342281879,tap,True,explore,errorless,True,explore,ocean,False,explore
False,1.0,29,44,3,0.0,,,,,False,0.9545454545454546,tap,True,explore,errorless,True,explore,ocean,False,explore
False,1.0,30,44,3,0.0,,,,,False,0.9559748427672956,tap,True,explore,errorless,True,explore,ocean,False,explore
False,1.0,31,44,3,0.0,,,,,False,0.9573170731707317,tap,True,explore,errorless,True,explore,ocean,False,explore
False,1.0,32,44,3,0.0,,,,,False,0.9585798816568047,tap,True,explore,errorless,True,explore,ocean,False,explore
False,1.0,33,44,3,0.0,,,,,False,0.9597701149425287,tap,True,explore,errorless,True,explore,ocean,False,explore
False,0.8,34,44,3,0.0,,,,,False,0.9553072625698324,tap,True,exploit,errorless,True,explore,dino,False,explore
False,1.0,35,44,3,0.0,,,,,False,0.9565217391304348,tap,True,explore,errorless,True,explore,ocean,False,explore
False,1.0,36,44,3,0.0,,,,,False,0.9576719576719577,tap,True,explore,errorless,True,explore,ocean,False,explore
False,1.0,37,44,3,0.0,,,,,False,0.9587628865979382,tap,True,explore,errorless,True,explore,ocean,False,explore
False,1.0,38,44,3,0.0,,,,,False,0.9597989949748744,tap,True,explore,errorless,True,explore,ocean,False,explore
False,1.0,39,44,3,0.0,,,,,False,0.9607843137254902,tap,True,exploit,errorless,True,explore,ocean,False,explore
False,0.6,0,45,1,0.0555852402354654,,,,,False,0.5555555555555556,tap,False,explore,try_then_correct,False,explore,dino,True,explore
False,1.0,1,45,1,0.0,,,,,False,0.7142857142857143,drag_drop,True,explore,errorless,True,explore,ocean,False,explore
False,1.0,2,45,2,0.0,,,,,False,0.7894736842105263,drag_drop,True,explore,errorless,True,explore,ocean,False,explore
False,1.0,3,45,3,0.0,,,,,False,0.8333333333333334,drag_drop,True,explore,errorless,True,explore,cars,False,explore
False,1.0,4,45,3,0.0,,,,,False,0.8620689655172413,drag_drop,True,explore,errorless,True,explore,ocean,False,explore
False,1.0,5,45,3,0.0,,,,,False,0.8823529411764706,drag_drop,True,explore,errorless,True,explore,cars,False,explore
False,1.0,6,45,3,0.0,,,,,False,0.8974358974358975,drag_drop,True,explore,errorless,True,explore,ocean,False,explore
False,1.0,7,45,3,0.0,,,,,False,0.9090909090909091,drag_drop,True,explore,errorless,True,explore,cars,False,explore
False,1.0,8,45,3,0.0,,,,,False,0.9183673469387755,drag_drop,True,exploit,errorless,True,exploit,cars,False,explore
False,1.0,9,45,3,0.0,,,,,False,0.9259259259259259,drag_drop,True,exploit,errorless,True,exploit,dino,True,explore
False,1.0,10,45,3,0.0,,,,,False,0.9322033898305084,drag_drop,True,exploit,errorless,True,exploit,ocean,False,explore
False,1.0,11,45,3,0.0,,,,,False,0.9375,drag_drop,True,exploit,errorless,True,exploit,ocean,False,explore
False,0.8,12,45,3,0.0,,,,,False,0.927536231884058,drag_drop,True,exploit,errorless,True,exploit,ocean,False,explore
False,0.8,13,45,3,0.06436185711474944,,,,,False,0.918918918918919,drag_drop,True,exploit,errorless,True,exploit,cars,False,explore
False,1.0,14,45,3,0.0,,,,,False,0.9240506329113924,drag_drop,True,exploit,errorless,True,exploit,ocean,False,explore
False,1.0,15,45,3,0.0,,,,,False,0.9285714285714286,drag_drop,True,exploit,errorless,True,exploit,cars,False,explore
False,1.0,16,45,3,0.0,,,,,False,0.9325842696629213,drag_drop,True,exploit,errorless,True,exploit,cars,False,explore
False,0.8,17,45,3,0.06436185711474944,,,,,False,0.925531914893617,drag_drop,True,exploit,errorless,True,exploit,cars,False,explore
False,1.0,18,45,3,0.0,,,,,False,0.9292929292929293,drag_drop,True,exploit,errorless,True,exploit,ocean,False,explore
False,1.0,19,45,3,0.0,,,,,False,0.9326923076923077,drag_drop,True,exploit,errorless,True,exploit,ocean,False,explore
False,0.8,20,45,3,0.020478772718329367,,,,,False,0.926605504587156,drag_drop,True,exploit,errorless,True,exploit,ocean,False,explore
False,1.0,21,45,3,0.0,,,,,False,0.9298245614035088,drag_drop,True,exploit,errorless,True,exploit,dino,True,explore
False,1.0,22,45,3,0.0,,,,,False,0.9327731092436975,drag_drop,True,exploit,errorless,True,exploit,ocean,False,explore
False,1.0,23,45,3,0.0,,,,,False,0.9354838709677419,drag_drop,True,exploit,errorless,True,exploit,ocean,False,explore
False,1.0,24,45,3,0.0,,,,,False,0.937984496124031,drag_drop,True,exploit,errorless,True,exploit,cars,False,explore
False,1.0,25,45,3,0.0,,,,,False,0.9402985074626866,drag_drop,True,exploit,errorless,True,exploit,ocean,False,explore
False,1.0,26,45,3,0.0,,,,,False,0.9424460431654677,drag_drop,True,exploit,errorless,True,exploit,ocean,False,explore
False,1.0,27,45,3,0.0,,,,,False,0.9444444444444444,drag_drop,True,exploit,errorless,True,exploit,ocean,False,explore
False,1.0,28,45,3,0.0,,,,,False,0.9463087248322147,drag_drop,True,exploit,errorless,True,exploit,ocean,False,explore
False,0.8,29,45,3,0.020478772718329367,,,,,False,0.9415584415584416,drag_drop,True,exploit,errorless,True,exploit,ocean,False,explore
False,1.0,30,45,3,0.0,,,,,False,0.9433962264150944,drag_drop,True,exploit,errorless,True,exploit,ocean,False,explore
False,1.0,31,45,3,0.0,,,,,False,0.9451219512195121,drag_drop,True,exploit,errorless,True,exploit,ocean,False,explore
False,1.0,32,45,3,0.0,,,,,False,0.9467455621301775,drag_drop,True,exploit,errorless,True,exploit,ocean,False,explore
False,1.0,33,45,3,0.0,,,,,False,0.9482758620689655,drag_drop,True,exploit,errorless,True,exploit,ocean,False,explore
False,0.8,34,45,3,0.0,,,,,False,0.9441340782122905,drag_drop,True,exploit,errorless,True,exploit,ocean,False,explore
False,1.0,35,45,3,0.0,,,,,False,0.9456521739130435,drag_drop,True,exploit,errorless,True,exploit,cars,False,explore
False,0.8,36,45,3,0.0,,,,,False,0.9417989417989417,drag_drop,True,exploit,errorless,True,exploit,ocean,False,explore
False,1.0,37,45,3,0.0,,,,,False,0.9432989690721649,drag_drop,True,exploit,errorless,True,exploit,ocean,False,explore
False,1.0,38,45,3,0.0,,,,,False,0.9447236180904522,drag_drop,True,exploit,errorless,True,exploit,ocean,False,explore
False,1.0,39,45,3,0.0,,,,,False,0.946078431372549,drag_drop,True,exploit,errorless,True,exploit,ocean,False,explore
False,1.0,0,46,1,0.0,,,,,False,0.7777777777777778,drag_drop,False,explore,errorless,True,explore,dino,False,explore
False,1.0,1,46,2,0.0,,,,,False,0.8571428571428571,drag_drop,False,explore,errorless,True,explore,dino,False,explore
False,1.0,2,46,3,0.0,,,,,False,0.8947368421052632,drag_drop,False,explore,errorless,True,explore,dino,False,explore
False,0.8,3,46,3,0.0,,,,,False,0.875,drag_drop,False,explore,errorless,True,explore,dino,False,explore
False,1.0,4,46,3,0.0,,,,,False,0.896551724137931,drag_drop,False,explore,try_then_correct,False,explore,dino,False,explore
False,1.0,5,46,3,0.0,,,,,False,0.9117647058823529,drag_drop,False,explore,errorless,True,explore,dino,False,explore
False,0.8,6,46,3,0.0,,,,,False,0.8974358974358975,drag_drop,False,explore,errorless,True,explore,dino,False,explore
False,0.8,7,46,3,0.004643596207516629,,,,,False,0.8863636363636364,drag_drop,False,explore,errorless,True,explore,dino,False,explore
False,0.8,8,46,3,0.004643596207516629,,,,,False,0.8775510204081632,drag_drop,False,explore,errorless,True,explore,cars,False,explore
False,0.8,9,46,3,0.0,,,,,False,0.8703703703703703,drag_drop,False,explore,try_then_correct,False,explore,dino,False,explore
False,0.8,10,46,3,0.0,,,,,False,0.864406779661017,drag_drop,False,explore,try_then_correct,False,explore,dino,False,explore
False,0.6,11,46,3,0.0441141639714081,,,,,False,0.84375,drag_drop,False,explore,errorless,True,explore,dino,False,explore
False,0.8,12,46,3,0.03947056776389147,,,,,False,0.8405797101449275,drag_drop,False,explore,errorless,True,explore,dino,False,explore
False,1.0,13,46,3,0.0,,,,,False,0.8513513513513513,drag_drop,False,explore,errorless,True,explore,dino,False,explore
False,1.0,14,46,3,0.0,,,,,False,0.8607594936708861,tap,True,explore,errorless,True,explore,dino,False,explore
False,1.0,15,46,3,0.0,,,,,False,0.8690476190476191,tap,True,explore,errorless,True,explore,dino,False,explore
False,1.0,16,46,3,0.0,,,,,False,0.8764044943820225,drag_drop,False,explore,errorless,True,explore,dino,False,explore
False,1.0,17,46,3,0.0,,,,,False,0.8829787234042553,tap,True,explore,errorless,True,explore,dino,False,explore
False,1.0,18,46,3,0.0,,,,,False,0.8888888888888888,tap,True,explore,errorless,True,explore,dino,False,explore
False,0.6,19,46,3,0.0441141639714081,,,,,False,0.875,drag_drop,False,explore,errorless,True,explore,dino,False,explore
False,1.0,20,46,3,0.0,,,,,False,0.8807339449541285,tap,True,explore,errorless,True,explore,dino,False,explore
False,1.0,21,46,3,0.0,,,,,False,0.8859649122807017,tap,True,explore,errorless,True,explore,dino,False,explore
False,1.0,22,46,3,0.0,,,,,False,0.8907563025210085,tap,True,explore,errorless,True,explore,cars,False,explore
False,1.0,23,46,3,0.0,,,,,False,0.8951612903225806,tap,True,explore,errorless,True,explore,dino,False,explore
False,1.0,24,46,3,0.0,,,,,False,0.8992248062015504,tap,True,explore,try_then_correct,False,explore,dino,False,explore
False,1.0,25,46,3,0.0,,,,,False,0.9029850746268657,tap,True,explore,try_then_correct,False,explore,dino,False,explore
False,1.0,26,46,3,0.0,,,,,False,0.9064748201438849,tap,True,explore,try_then_correct,False,explore,dino,False,explore
False,0.8,27,46,3,0.07429753932026631,,,,,False,0.9027777777777778,tap,True,explore,try_then_correct,False,explore,dino,False,explore
False,1.0,28,46,3,0.0,,,,,False,0.9060402684563759,tap,True,explore,try_then_correct,False,explore,cars,False,explore
False,1.0,29,46,3,0.0,,,,,False,0.9090909090909091,tap,True,explore,try_then_correct,False,explore,dino,False,explore
False,1.0,30,46,3,0.0,,,,,False,0.9119496855345912,tap,True,explore,try_then_correct,False,explore,dino,False,explore
False,1.0,31,46,3,0.0,,,,,False,0.9146341463414634,tap,True,explore,errorless,True,explore,dino,False,explore
False,0.8,32,46,3,0.03947056776389147,,,,,False,0.9112426035502958,tap,True,exploit,try_then_correct,False,explore,dino,False,explore
False,0.8,33,46,3,0.016252586726308256,,,,,False,0.9080459770114943,tap,True,explore,errorless,True,explore,cars,False,explore
False,1.0,34,46,3,0.0,,,,,False,0.9106145251396648,tap,True,explore,try_then_correct,False,explore,cars,False,explore
False,1.0,35,46,3,0.0,,,,,False,0.9130434782608695,tap,True,explore,errorless,True,explore,dino,False,explore
False,1.0,36,46,3,0.0,,,,,False,0.9153439153439153,tap,True,explore,try_then_correct,False,explore,cars,False,explore
False,1.0,37,46,3,0.0,,,,,False,0.9175257731958762,tap,True,explore,try_then_correct,False,explore,cars,False,explore
False,1.0,38,46,3,0.0,,,,,False,0.9195979899497487,tap,True,explore,errorless,True,explore,dino,False,explore
False,1.0,39,46,3,0.0,,,,,False,0.9215686274509803,tap,True,explore,errorless,True,explore,dino,False,explore
False,0.8,0,47,1,0.11933631787870824,,,,,False,0.6666666666666666,drag_drop,True,explore,try_then_correct,True,explore,ocean,False,explore
False,1.0,1,47,2,0.0,,,,,False,0.7857142857142857,drag_drop,True,explore,try_then_correct,True,explore,space,False,explore
False,1.0,2,47,3,0.0,,,,,False,0.8421052631578947,drag_drop,True,explore,try_then_correct,True,explore,space,False,explore
False,1.0,3,47,3,0.0,,,,,False,0.875,drag_drop,True,explore,try_then_correct,True,explore,cars,False,explore
False,1.0,4,47,3,0.0,,,,,False,0.896551724137931,drag_drop,True,explore,try_then_correct,True,explore,space,False,explore
False,1.0,5,47,3,0.0,,,,,False,0.9117647058823529,drag_drop,True,explore,errorless,False,explore,cars,False,explore
False,1.0,6,47,3,0.0,,,,,False,0.9230769230769231,drag_drop,True,explore,try_then_correct,True,explore,space,False,explore
False,1.0,7,47,3,0.0,,,,,False,0.9318181818181818,drag_drop,True,explore,try_then_correct,True,explore,space,False,explore
False,1.0,8,47,3,0.0,,,,,False,0.9387755102040817,drag_drop,True,explore,try_then_correct,True,explore,space,False,explore
False,1.0,9,47,3,0.0,,,,,False,0.9444444444444444,drag_drop,True,explore,try_then_correct,True,explore,ocean,False,explore
False,1.0,10,47,3,0.0,,,,,False,0.9491525423728814,drag_drop,True,explore,try_then_correct,True,explore,space,False,explore
False,1.0,11,47,3,0.0,,,,,False,0.953125,drag_drop,True,explore,try_then_correct,True,explore,space,False,explore
False,1.0,12,47,3,0.0,,,,,False,0.9565217391304348,drag_drop,True,explore,try_then_correct,True,explore,cars,False,explore
False,1.0,13,47,3,0.0,,,,,False,0.9594594594594594,drag_drop,True,explore,try_then_correct,True,explore,space,False,explore
False,1.0,14,47,3,0.0,,,,,False,0.9620253164556962,drag_drop,True,explore,try_then_correct,True,explore,space,False,explore
False,1.0,15,47,3,0.0,,,,,False,0.9642857142857143,drag_drop,True,explore,try_then_correct,True,explore,space,False,explore
False,1.0,16,47,3,0.0,,,,,False,0.9662921348314607,drag_drop,True,explore,try_then_correct,True,explore,space,False,explore
False,1.0,17,47,3,0.0,,,,,False,0.9680851063829787,drag_drop,True,explore,try_then_correct,True,explore,space,False,explore
False,1.0,18,47,3,0.0,,,,,False,0.9696969696969697,drag_drop,True,explore,try_then_correct,True,explore,space,False,explore
False,1.0,19,47,3,0.0,,,,,False,0.9711538461538461,drag_drop,True,explore,try_then_correct,True,explore,space,False,explore
False,1.0,20,47,3,0.0,,,,,False,0.9724770642201835,drag_drop,True,exploit,try_then_correct,True,explore,space,False,explore
False,1.0,21,47,3,0.0,,,,,False,0.9736842105263158,drag_drop,True,exploit,try_then_correct,True,explore,ocean,False,explore
False,1.0,22,47,3,0.0,,,,,False,0.9747899159663865,drag_drop,True,exploit,try_then_correct,True,explore,space,False,explore
False,1.0,23,47,3,0.0,,,,,False,0.9758064516129032,drag_drop,True,exploit,try_then_correct,True,explore,space,False,explore
False,1.0,24,47,3,0.0,,,,,False,0.9767441860465116,drag_drop,True,exploit,try_then_correct,True,explore,space,False,explore
False,1.0,25,47,3,0.0,,,,,False,0.9776119402985075,drag_drop,True,exploit,try_then_correct,True,explore,space,False,explore
False,1.0,26,47,3,0.0,,,,,False,0.9784172661870504,drag_drop,True,exploit,try_then_correct,True,explore,space,False,explore
False,1.0,27,47,3,0.0,,,,,False,0.9791666666666666,drag_drop,True,exploit,try_then_correct,True,explore,space,False,explore
False,1.0,28,47,3,0.0,,,,,False,0.9798657718120806,drag_drop,True,exploit,try_then_correct,True,explore,space,False,explore
False,1.0,29,47,3,0.0,,,,,False,0.9805194805194806,drag_drop,True,exploit,try_then_correct,True,explore,space,False,explore
False,1.0,30,47,3,0.0,,,,,False,0.9811320754716981,drag_drop,True,exploit,try_then_correct,True,explore,space,False,explore
False,1.0,31,47,3,0.0,,,,,False,0.9817073170731707,drag_drop,True,exploit,try_then_correct,True,explore,space,False,explore
False,0.8,32,47,3,0.0379706465977708,,,,,False,0.9763313609467456,drag_drop,True,exploit,try_then_correct,True,explore,space,False,explore
False,1.0,33,47,3,0.0,,,,,False,0.9770114942528736,drag_drop,True,exploit,try_then_correct,True,explore,space,False,explore
False,1.0,34,47,3,0.0,,,,,False,0.9776536312849162,drag_drop,True,exploit,try_then_correct,True,explore,cars,False,explore
False,1.0,35,47,3,0.0,,,,,False,0.9782608695652174,drag_drop,True,exploit,try_then_correct,True,explore,space,False,explore
False,0.8,36,47,3,0.0,,,,,False,0.9735449735449735,drag_drop,True,exploit,try_then_correct,True,explore,space,False,explore
False,1.0,37,47,3,0.0,,,,,False,0.9742268041237113,drag_drop,True,exploit,try_then_correct,True,explore,space,False,explore
False,1.0,38,47,3,0.0,,,,,False,0.9748743718592965,drag_drop,True,exploit,try_then_correct,True,explore,space,False,explore
False,1.0,39,47,3,0.0,,,,,False,0.9754901960784313,drag_drop,True,exploit,try_then_correct,True,explore,space,False,explore
False,0.6,0,48,1,0.1760711247528329,,,,,False,0.5555555555555556,tap,False,explore,errorless,False,explore,cars,True,explore
False,0.4,1,48,1,0.3741511400997699,,,,,False,0.5,drag_drop,True,explore,errorless,False,explore,cars,True,explore
False,0.6,2,48,1,0.5887378233922851,,,,,False,0.5263157894736842,tap,False,explore,errorless,False,explore,ocean,False,explore
False,0.4,3,48,1,0.7637085036154129,,,,,False,0.5,tap,False,explore,errorless,False,explore,space,False,explore
,,4,48,1,,0.5215769238488511,0.7637085036154129,break,False,True,,,,,,,,,,
False,0.8,5,48,1,0.3124924632048619,,,,,False,0.5517241379310345,drag_drop,True,explore,try_then_correct,True,explore,space,False,explore
False,1.0,6,48,1,0.0,,,,,False,0.6176470588235294,drag_drop,True,explore,try_then_correct,True,explore,ocean,False,explore
False,0.8,7,48,2,0.0,,,,,False,0.6410256410256411,drag_drop,True,explore,try_then_correct,True,explore,dino,False,explore
False,1.0,8,48,3,0.0,,,,,False,0.681818181818182,drag_drop,True,explore,try_then_correct,True,explore,dino,False,explore
False,1.0,9,48,3,0.0,,,,,False,0.7142857142857144,drag_drop,True,explore,try_then_correct,True,explore,cars,True,explore
False,1.0,10,48,3,0.0,,,,,False,0.7407407407407409,drag_drop,True,explore,try_then_correct,True,exploit,dino,False,explore
False,1.0,11,48,3,0.0,,,,,False,0.7627118644067797,drag_drop,True,explore,try_then_correct,True,exploit,dino,False,explore
False,0.8,12,48,3,0.0,,,,,False,0.7656250000000001,drag_drop,True,explore,try_then_correct,True,exploit,dino,False,explore
False,1.0,13,48,3,0.0,,,,,False,0.7826086956521741,drag_drop,True,explore,try_then_correct,True,exploit,dino,False,explore
False,1.0,14,48,3,0.0,,,,,False,0.7972972972972974,drag_drop,True,exploit,try_then_correct,True,exploit,dino,False,explore
False,1.0,15,48,3,0.0,,,,,False,0.810126582278481,drag_drop,True,exploit,try_then_correct,True,exploit,dino,False,explore
False,1.0,16,48,3,0.0,,,,,False,0.8214285714285714,drag_drop,True,exploit,try_then_correct,True,exploit,dino,False,explore
False,1.0,17,48,3,0.0,,,,,False,0.8314606741573034,drag_drop,True,exploit,try_then_correct,True,exploit,dino,False,explore
False,1.0,18,48,3,0.0,,,,,False,0.8404255319148937,drag_drop,True,exploit,try_then_correct,True,exploit,dino,False,explore
False,1.0,19,48,3,0.0,,,,,False,0.8484848484848485,drag_drop,True,exploit,try_then_correct,True,exploit,dino,False,explore
False,0.8,20,48,3,0.0,,,,,False,0.8461538461538461,drag_drop,True,exploit,try_then_correct,True,exploit,dino,False,explore
False,1.0,21,48,3,0.0,,,,,False,0.8532110091743119,drag_drop,True,exploit,try_then_correct,True,exploit,cars,True,explore
False,1.0,22,48,3,0.0,,,,,False,0.8596491228070176,drag_drop,True,exploit,try_then_correct,True,exploit,dino,False,explore
False,1.0,23,48,3,0.0,,,,,False,0.865546218487395,drag_drop,True,exploit,try_then_correct,True,exploit,dino,False,explore
False,1.0,24,48,3,0.0,,,,,False,0.8709677419354839,drag_drop,True,exploit,try_then_correct,True,exploit,dino,False,explore
False,1.0,25,48,3,0.0,,,,,False,0.875968992248062,drag_drop,True,exploit,try_then_correct,True,exploit,dino,False,explore
False,1.0,26,48,3,0.0,,,,,False,0.8805970149253731,drag_drop,True,exploit,try_then_correct,True,exploit,ocean,False,explore
False,1.0,27,48,3,0.0,,,,,False,0.8848920863309353,drag_drop,True,exploit,try_then_correct,True,exploit,dino,False,explore
False,1.0,28,48,3,0.0,,,,,False,0.8888888888888888,drag_drop,True,exploit,try_then_correct,True,exploit,dino,False,explore
False,1.0,29,48,3,0.0,,,,,False,0.8926174496644296,drag_drop,True,exploit,try_then_correct,True,exploit,dino,False,explore
False,1.0,30,48,3,0.0,,,,,False,0.8961038961038961,drag_drop,True,exploit,try_then_correct,True,exploit,dino,False,explore
False,1.0,31,48,3,0.0,,,,,False,0.89937106918239,drag_drop,True,exploit,try_then_correct,True,exploit,dino,False,explore
False,1.0,32,48,3,0.0,,,,,False,0.9024390243902439,drag_drop,True,exploit,try_then_correct,True,exploit,dino,False,explore
False,1.0,33,48,3,0.0,,,,,False,0.9053254437869822,drag_drop,True,exploit,try_then_correct,True,exploit,dino,False,explore
False,1.0,34,48,3,0.0,,,,,False,0.9080459770114943,drag_drop,True,exploit,try_then_correct,True,exploit,dino,False,explore
False,1.0,35,48,3,0.0,,,,,False,0.9106145251396648,drag_drop,True,exploit,try_then_correct,True,exploit,dino,False,explore
False,1.0,36,48,3,0.0,,,,,False,0.9130434782608695,drag_drop,True,exploit,try_then_correct,True,exploit,dino,False,explore
False,1.0,37,48,3,0.0,,,,,False,0.9153439153439153,drag_drop,True,exploit,try_then_correct,True,exploit,dino,False,explore
False,0.8,38,48,3,0.03851555853968219,,,,,False,0.9123711340206185,drag_drop,True,exploit,try_then_correct,True,exploit,dino,False,explore
False,0.8,39,48,3,0.03851555853968219,,,,,False,0.9095477386934674,drag_drop,True,exploit,try_then_correct,True,exploit,dino,False,explore
True,0.0,0,49,1,0.16871010671627543,,,,,False,0.4,tap,True,explore,errorless,False,explore,dino,False,explore
False,0.8,1,49,1,0.0,,,,,False,0.6,tap,True,explore,errorless,False,explore,space,False,explore
False,0.2,2,49,1,0.5957575643418476,,,,,False,0.4666666666666667,tap,True,explore,errorless,False,explore,space,False,explore
False,0.6,3,49,1,0.695929190204636,,,,,False,0.5,drag_drop,False,explore,try_then_correct,True,explore,space,False,explore
False,0.6,4,49,1,0.483987118642315,,,,,False,0.52,drag_drop,False,explore,errorless,False,explore,space,False,explore
False,0.4,5,49,1,0.9209171374767459,,,,,False,0.5,drag_drop,False,explore,errorless,False,explore,ocean,False,explore
True,0.5,6,49,1,0.905100564972095,,,,,False,0.5,tap,True,explore,try_then_correct,True,explore,cars,True,explore
False,1.0,7,49,1,0.0,,,,,False,0.5675675675675675,tap,True,explore,try_then_correct,True,explore,cars,True,explore
False,0.6,8,49,2,0.10017162586278852,,,,,False,0.5714285714285715,drag_drop,False,explore,try_then_correct,True,explore,space,False,explore
False,0.8,9,49,2,0.03690533584418525,,,,,False,0.5957446808510639,drag_drop,False,explore,try_then_correct,True,explore,cars,True,explore
True,0.3333333333333333,10,49,3,0.37854330194464303,,,,,False,0.58,drag_drop,False,explore,errorless,False,explore,space,False,explore
False,1.0,11,49,2,0.0,,,,,False,0.618181818181818,tap,True,explore,try_then_correct,True,explore,dino,False,explore
False,1.0,12,49,3,0.0,,,,,False,0.6499999999999999,drag_drop,False,explore,try_then_correct,True,explore,cars,True,explore
False,1.0,13,49,3,0.0,,,,,False,0.6769230769230768,tap,True,explore,try_then_correct,True,explore,dino,False,explore
False,0.4,14,49,3,0.34796459510231803,,,,,False,0.657142857142857,drag_drop,False,explore,try_then_correct,True,exploit,dino,False,explore
False,1.0,15,49,2,0.0,,,,,False,0.6799999999999998,drag_drop,False,explore,try_then_correct,True,explore,cars,True,explore
False,1.0,16,49,3,0.0,,,,,False,0.7,tap,True,explore,try_then_correct,True,exploit,cars,True,explore
False,1.0,17,49,3,0.0,,,,,False,0.7176470588235294,tap,True,explore,try_then_correct,True,exploit,cars,True,explore
False,1.0,18,49,3,0.0,,,,,False,0.7333333333333333,tap,True,explore,try_then_correct,True,exploit,cars,True,explore
False,1.0,19,49,3,0.0,,,,,False,0.7473684210526316,tap,True,explore,try_then_correct,True,exploit,cars,True,explore
False,1.0,20,49,3,0.0,,,,,False,0.76,tap,True,explore,try_then_correct,True,exploit,space,False,explore
False,1.0,21,49,3,0.0,,,,,False,0.7714285714285715,tap,True,explore,try_then_correct,True,exploit,cars,True,explore
False,1.0,22,49,3,0.0,,,,,False,0.7818181818181819,tap,True,explore,try_then_correct,True,exploit,cars,True,explore
False,1.0,23,49,3,0.0,,,,,False,0.7913043478260869,tap,True,exploit,try_then_correct,True,exploit,cars,True,explore
False,1.0,24,49,3,0.0,,,,,False,0.8,tap,True,exploit,try_then_correct,True,exploit,cars,True,explore
False,1.0,25,49,3,0.0,,,,,False,0.808,tap,True,exploit,try_then_correct,True,exploit,cars,True,explore
False,1.0,26,49,3,0.0,,,,,False,0.8153846153846154,tap,True,exploit,try_then_correct,True,exploit,cars,True,explore
False,1.0,27,49,3,0.0,,,,,False,0.8222222222222222,tap,True,exploit,try_then_correct,True,exploit,cars,True,explore
False,1.0,28,49,3,0.0,,,,,False,0.8285714285714286,tap,True,exploit,try_then_correct,True,exploit,cars,True,explore
False,1.0,29,49,3,0.0,,,,,False,0.8344827586206899,tap,True,exploit,try_then_correct,True,exploit,cars,True,explore
False,1.0,30,49,3,0.0,,,,,False,0.8400000000000002,tap,True,exploit,try_then_correct,True,exploit,cars,True,explore
False,1.0,31,49,3,0.0,,,,,False,0.8451612903225808,tap,True,exploit,try_then_correct,True,exploit,cars,True,exploit
False,1.0,32,49,3,0.0,,,,,False,0.8500000000000002,tap,True,exploit,try_then_correct,True,exploit,cars,True,exploit
False,1.0,33,49,3,0.0,,,,,False,0.8545454545454547,tap,True,exploit,try_then_correct,True,exploit,cars,True,exploit
False,1.0,34,49,3,0.0,,,,,False,0.8588235294117649,tap,True,exploit,try_then_correct,True,exploit,cars,True,exploit
False,1.0,35,49,3,0.0,,,,,False,0.862857142857143,tap,True,exploit,try_then_correct,True,exploit,cars,True,exploit
False,1.0,36,49,3,0.0,,,,,False,0.8666666666666668,tap,True,exploit,try_then_correct,True,exploit,cars,True,exploit
False,1.0,37,49,3,0.0,,,,,False,0.8702702702702704,tap,True,exploit,try_then_correct,True,exploit,cars,True,exploit
False,1.0,38,49,3,0.0,,,,,False,0.873684210526316,tap,True,exploit,try_then_correct,True,exploit,cars,True,exploit
False,0.8,39,49,3,0.0,,,,,False,0.8717948717948719,tap,True,exploit,try_then_correct,True,exploit,cars,True,exploit
False,0.4,0,50,1,0.3762233233847537,,,,,False,0.4444444444444444,tap,True,explore,try_then_correct,False,explore,ocean,False,explore
False,0.6,1,50,1,0.4845300376924859,,,,,False,0.5,drag_drop,False,explore,errorless,True,explore,cars,False,explore
False,0.8,2,50,1,0.3249201429231965,,,,,False,0.5789473684210527,drag_drop,False,explore,errorless,True,explore,cars,False,explore
False,0.4,3,50,1,0.5061913805540323,,,,,False,0.5416666666666666,drag_drop,False,explore,errorless,True,explore,cars,False,explore
False,0.6,4,50,1,0.6144980948617645,,,,,False,0.5517241379310345,drag_drop,False,explore,errorless,True,explore,cars,False,explore
,,5,50,1,,0.48828073915285125,0.6144980948617645,mini_game,False,True,,,,,,,,,,
False,1.0,6,50,1,0.0,,,,,False,0.6176470588235294,tap,True,explore,errorless,True,explore,space,True,explore
False,1.0,7,50,2,0.0,,,,,False,0.6666666666666666,tap,True,explore,errorless,True,explore,dino,False,explore
False,1.0,8,50,3,0.0,,,,,False,0.7045454545454547,drag_drop,False,explore,errorless,True,explore,space,True,explore
False,1.0,9,50,3,0.0,,,,,False,0.7346938775510206,tap,True,explore,errorless,True,explore,ocean,False,explore
False,1.0,10,50,3,0.0,,,,,False,0.7592592592592594,tap,True,explore,errorless,True,explore,dino,False,explore
False,1.0,11,50,3,0.0,,,,,False,0.7796610169491527,tap,True,explore,errorless,True,explore,space,True,explore
False,1.0,12,50,3,0.0,,,,,False,0.7968750000000001,drag_drop,False,explore,errorless,True,explore,space,True,explore
False,1.0,13,50,3,0.0,,,,,False,0.8115942028985508,tap,True,explore,errorless,True,explore,space,True,explore
False,1.0,14,50,3,0.0,,,,,False,0.8243243243243243,tap,True,explore,errorless,True,exploit,dino,False,explore
False,1.0,15,50,3,0.0,,,,,False,0.8354430379746836,tap,True,explore,errorless,True,exploit,space,True,explore
False,1.0,16,50,3,0.0,,,,,False,0.8452380952380952,tap,True,explore,errorless,True,exploit,space,True,explore
False,1.0,17,50,3,0.0,,,,,False,0.8539325842696629,tap,True,explore,errorless,True,exploit,space,True,explore
False,1.0,18,50,3,0.0,,,,,False,0.8617021276595744,tap,True,explore,errorless,True,exploit,dino,False,explore
False,1.0,19,50,3,0.0,,,,,False,0.8686868686868687,tap,True,explore,errorless,True,exploit,space,True,explore
False,1.0,20,50,3,0.0,,,,,False,0.875,tap,True,exploit,errorless,True,exploit,space,True,explore
False,1.0,21,50,3,0.0,,,,,False,0.8807339449541285,tap,True,exploit,errorless,True,exploit,ocean,False,explore
False,0.8,22,50,3,0.0,,,,,False,0.8771929824561403,tap,True,exploit,errorless,True,exploit,space,True,explore
False,1.0,23,50,3,0.0,,,,,False,0.8823529411764706,tap,True,exploit,errorless,True,exploit,space,True,explore
False,0.8,24,50,3,0.0,,,,,False,0.8790322580645161,tap,True,exploit,errorless,True,exploit,space,True,explore
False,1.0,25,50,3,0.0,,,,,False,0.8837209302325582,tap,True,exploit,errorless,True,exploit,dino,False,explore
False,0.8,26,50,3,0.03990247369232236,,,,,False,0.8805970149253731,tap,True,exploit,errorless,True,exploit,dino,False,explore
False,1.0,27,50,3,0.0,,,,,False,0.8848920863309353,tap,True,exploit,errorless,True,exploit,space,True,explore
False,1.0,28,50,3,0.0,,,,,False,0.8888888888888888,tap,True,exploit,errorless,True,exploit,dino,False,explore
False,1.0,29,50,3,0.0,,,,,False,0.8926174496644296,tap,True,exploit,errorless,True,exploit,dino,False,explore
False,1.0,30,50,3,0.0,,,,,False,0.8961038961038961,tap,True,exploit,errorless,True,exploit,space,True,explore
False,1.0,31,50,3,0.0,,,,,False,0.89937106918239,tap,True,exploit,errorless,True,exploit,space,True,explore
False,1.0,32,50,3,0.0,,,,,False,0.9024390243902439,tap,True,exploit,errorless,True,exploit,space,True,explore
False,1.0,33,50,3,0.0,,,,,False,0.9053254437869822,tap,True,exploit,errorless,True,exploit,space,True,explore
False,1.0,34,50,3,0.0,,,,,False,0.9080459770114943,tap,True,exploit,errorless,True,exploit,dino,False,explore
False,1.0,35,50,3,0.0,,,,,False,0.9106145251396648,tap,True,exploit,errorless,True,exploit,dino,False,explore
False,1.0,36,50,3,0.0,,,,,False,0.9130434782608695,tap,True,exploit,errorless,True,exploit,dino,False,explore
False,1.0,37,50,3,0.0,,,,,False,0.9153439153439153,tap,True,exploit,errorless,True,exploit,dino,False,explore
False,0.8,38,50,3,0.0,,,,,False,0.9123711340206185,tap,True,exploit,errorless,True,exploit,space,True,explore
False,1.0,39,50,3,0.0,,,,,False,0.914572864321608,tap,True,exploit,errorless,True,exploit,dino,False,explore
False,0.8,0,51,1,0.0,,,,,False,0.6666666666666666,tap,False,explore,errorless,True,explore,dino,False,explore
False,1.0,1,51,2,0.0,,,,,False,0.7857142857142857,tap,False,explore,errorless,True,explore,dino,False,explore
False,1.0,2,51,3,0.0,,,,,False,0.8421052631578947,tap,False,explore,errorless,True,explore,space,False,explore
False,0.4,3,51,3,0.395277877758224,,,,,False,0.75,tap,False,explore,try_then_correct,False,explore,dino,False,explore
True,0.5,4,51,2,0.46527500194457616,,,,,False,0.7307692307692307,tap,False,explore,errorless,True,explore,cars,False,explore
True,,5,51,1,0.18611000077783046,,,,,False,0.7307692307692307,tap,False,explore,errorless,True,explore,space,False,explore
False,0.8,6,51,1,0.13175929258607463,,,,,False,0.7419354838709677,tap,False,explore,errorless,True,explore,dino,False,explore
False,1.0,7,51,2,0.0,,,,,False,0.7777777777777778,drag_drop,True,explore,errorless,True,explore,space,False,explore
False,1.0,8,51,3,0.0,,,,,False,0.8048780487804879,drag_drop,True,explore,errorless,True,explore,dino,False,explore
False,1.0,9,51,3,0.0,,,,,False,0.8260869565217391,drag_drop,True,explore,errorless,True,explore,space,False,explore
False,0.8,10,51,3,0.0,,,,,False,0.8235294117647058,drag_drop,True,explore,errorless,True,exploit,space,False,explore
False,1.0,11,51,3,0.0,,,,,False,0.8392857142857143,drag_drop,True,explore,errorless,True,exploit,space,False,explore
False,1.0,12,51,3,0.0,,,,,False,0.8524590163934426,drag_drop,True,explore,errorless,True,exploit,space,False,explore
False,1.0,13,51,3,0.0,,,,,False,0.8636363636363636,drag_drop,True,explore,errorless,True,exploit,space,False,explore
False,1.0,14,51,3,0.0,,,,,False,0.8732394366197183,drag_drop,True,explore,errorless,True,exploit,space,False,explore
False,0.8,15,51,3,0.09058451365292633,,,,,False,0.868421052631579,drag_drop,True,explore,errorless,True,exploit,space,False,explore
False,0.8,16,51,3,0.0,,,,,False,0.8641975308641975,drag_drop,True,explore,errorless,True,exploit,space,False,explore
False,1.0,17,51,3,0.0,,,,,False,0.872093023255814,drag_drop,True,explore,errorless,True,exploit,space,False,explore
False,1.0,18,51,3,0.0,,,,,False,0.8791208791208791,drag_drop,True,explore,errorless,True,exploit,dino,False,explore
False,1.0,19,51,3,0.0,,,,,False,0.8854166666666666,drag_drop,True,explore,errorless,True,exploit,space,False,explore
False,1.0,20,51,3,0.0,,,,,False,0.8910891089108911,drag_drop,True,explore,errorless,True,exploit,space,False,explore
False,1.0,21,51,3,0.0,,,,,False,0.8962264150943396,drag_drop,True,explore,errorless,True,exploit,ocean,True,explore
False,0.8,22,51,3,0.0,,,,,False,0.8918918918918919,drag_drop,True,explore,errorless,True,exploit,space,False,explore
False,1.0,23,51,3,0.0,,,,,False,0.896551724137931,drag_drop,True,explore,errorless,True,exploit,space,False,explore
False,1.0,24,51,3,0.0,,,,,False,0.9008264462809917,drag_drop,True,explore,errorless,True,exploit,space,False,explore
False,1.0,25,51,3,0.0,,,,,False,0.9047619047619048,drag_drop,True,explore,errorless,True,exploit,ocean,True,explore
False,1.0,26,51,3,0.0,,,,,False,0.9083969465648855,drag_drop,True,explore,errorless,True,exploit,space,False,explore
False,1.0,27,51,3,0.0,,,,,False,0.9117647058823529,drag_drop,True,exploit,errorless,True,exploit,space,False,explore
False,1.0,28,51,3,0.0,,,,,False,0.9148936170212764,drag_drop,True,exploit,errorless,True,exploit,space,False,explore
False,1.0,29,51,3,0.0,,,,,False,0.917808219178082,drag_drop,True,exploit,errorless,True,exploit,space,False,explore
False,1.0,30,51,3,0.0,,,,,False,0.9205298013245031,drag_drop,True,exploit,errorless,True,exploit,space,False,explore
False,1.0,31,51,3,0.0,,,,,False,0.9230769230769229,drag_drop,True,exploit,errorless,True,exploit,space,False,explore
False,1.0,32,51,3,0.0,,,,,False,0.9254658385093166,drag_drop,True,exploit,errorless,True,exploit,space,False,explore
False,1.0,33,51,3,0.0,,,,,False,0.9277108433734939,drag_drop,True,exploit,errorless,True,exploit,ocean,True,explore
False,0.8,34,51,3,0.09058451365292633,,,,,False,0.9239766081871343,drag_drop,True,exploit,errorless,True,exploit,space,False,explore
False,0.8,35,51,3,0.0,,,,,False,0.9204545454545453,drag_drop,True,exploit,errorless,True,exploit,space,False,explore
False,1.0,36,51,3,0.0,,,,,False,0.9226519337016573,drag_drop,True,exploit,errorless,True,exploit,space,False,explore
False,1.0,37,51,3,0.0,,,,,False,0.9247311827956988,drag_drop,True,exploit,errorless,True,exploit,space,False,explore
False,1.0,38,51,3,0.0,,,,,False,0.9267015706806281,drag_drop,True,exploit,errorless,True,exploit,space,False,explore
False,1.0,39,51,3,0.0,,,,,False,0.9285714285714284,drag_drop,True,exploit,errorless,True,exploit,space,False,explore
True,0.5,0,52,1,0.30624150116634075,,,,,False,0.5,drag_drop,True,explore,try_then_correct,False,explore,cars,False,explore
True,0.0,1,52,1,0.2756173510497067,,,,,False,0.4444444444444444,drag_drop,True,explore,try_then_correct,False,explore,cars,False,explore
False,0.8,2,52,1,0.03349516419006851,,,,,False,0.5714285714285714,tap,False,explore,errorless,True,explore,dino,True,explore
False,0.8,3,52,2,0.0,,,,,False,0.631578947368421,tap,False,explore,errorless,True,explore,cars,False,explore
False,0.6,4,52,3,0.30624150116634075,,,,,False,0.6249999999999999,tap,False,explore,errorless,True,explore,space,False,explore
False,0.8,5,52,3,0.0,,,,,False,0.6551724137931034,drag_drop,True,explore,errorless,True,explore,cars,False,explore
False,1.0,6,52,3,0.0,,,,,False,0.7058823529411765,tap,False,explore,errorless,True,explore,cars,False,explore
False,0.8,7,52,3,0.15312075058317037,,,,,False,0.717948717948718,tap,False,explore,errorless,True,explore,cars,False,explore
True,0.5,8,52,3,0.30624150116634075,,,,,False,0.6976744186046512,tap,False,explore,errorless,True,explore,space,False,explore
False,0.8,9,52,2,0.0,,,,,False,0.7083333333333334,tap,False,explore,errorless,True,explore,dino,True,explore
False,0.8,10,52,3,0.00957004691144811,,,,,False,0.7169811320754716,tap,False,explore,errorless,True,explore,ocean,False,explore
True,0.5,11,52,3,0.09091544565875735,,,,,False,0.7090909090909091,tap,False,explore,errorless,True,explore,cars,False,explore
False,1.0,12,52,2,0.0,,,,,False,0.7333333333333333,tap,False,explore,errorless,True,explore,dino,True,explore
False,0.4,13,52,3,0.31581154807778883,,,,,False,0.7076923076923077,tap,False,explore,errorless,True,explore,ocean,False,explore
False,0.6,14,52,2,0.4067269937365462,,,,,False,0.7,tap,False,explore,errorless,True,explore,cars,False,explore
False,0.8,15,52,2,0.02871014073434433,,,,,False,0.7066666666666667,tap,False,explore,errorless,True,explore,cars,False,explore
False,0.8,16,52,3,0.0,,,,,False,0.7125000000000001,tap,False,explore,errorless,True,explore,cars,False,explore
False,0.8,17,52,3,0.08134539874730924,,,,,False,0.7176470588235296,tap,False,explore,errorless,True,explore,cars,False,explore
False,0.4,18,52,3,0.3483497075767126,,,,,False,0.7000000000000003,tap,False,explore,errorless,True,explore,ocean,False,explore
,,19,52,1,,0.22358578971894047,0.3483497075767126,modality_switch,False,True,,,,,,,,,,
False,0.4,20,52,2,0.5393973377967294,,,,,False,0.6842105263157898,tap,False,explore,errorless,True,explore,cars,False,explore
False,1.0,21,52,1,0.0,,,,,False,0.7000000000000003,drag_drop,True,explore,errorless,True,explore,dino,True,explore
False,0.8,22,52,2,0.0,,,,,False,0.704761904761905,drag_drop,True,explore,errorless,True,explore,space,False,explore
False,1.0,23,52,3,0.0,,,,,False,0.7181818181818185,drag_drop,True,explore,errorless,True,explore,cars,False,explore
False,1.0,24,52,3,0.0,,,,,False,0.7304347826086959,drag_drop,True,explore,errorless,True,explore,cars,False,explore
False,1.0,25,52,3,0.0,,,,,False,0.7416666666666669,drag_drop,True,explore,errorless,True,explore,cars,False,explore
False,0.8,26,52,3,0.0,,,,,False,0.7440000000000002,drag_drop,True,explore,errorless,True,explore,cars,False,explore
False,1.0,27,52,3,0.0,,,,,False,0.753846153846154,drag_drop,True,explore,errorless,True,explore,cars,False,explore
False,1.0,28,52,3,0.0,,,,,False,0.7629629629629632,drag_drop,True,explore,errorless,True,explore,cars,False,explore
False,1.0,29,52,3,0.0,,,,,False,0.7714285714285717,drag_drop,True,explore,errorless,True,explore,dino,True,explore
False,1.0,30,52,3,0.0,,,,,False,0.7793103448275867,drag_drop,True,explore,errorless,True,explore,cars,False,explore
False,1.0,31,52,3,0.0,,,,,False,0.7866666666666672,drag_drop,True,exploit,errorless,True,explore,cars,False,explore
False,0.8,32,52,3,0.0,,,,,False,0.7870967741935488,drag_drop,True,exploit,errorless,True,explore,cars,False,explore
False,1.0,33,52,3,0.0,,,,,False,0.7937500000000004,drag_drop,True,exploit,errorless,True,explore,cars,False,explore
False,1.0,34,52,3,0.0,,,,,False,0.8000000000000004,drag_drop,True,exploit,errorless,True,explore,cars,False,explore
False,0.8,35,52,3,0.10527051602592964,,,,,False,0.8000000000000004,drag_drop,True,exploit,errorless,True,explore,cars,False,explore
False,1.0,36,52,3,0.0,,,,,False,0.805714285714286,drag_drop,True,exploit,errorless,True,exploit,cars,False,explore
False,0.8,37,52,3,0.0,,,,,False,0.8055555555555559,drag_drop,True,exploit,errorless,True,exploit,dino,True,explore
False,1.0,38,52,3,0.0,,,,,False,0.8108108108108111,drag_drop,True,exploit,errorless,True,exploit,cars,False,explore
False,1.0,39,52,3,0.0,,,,,False,0.8157894736842108,drag_drop,True,exploit,errorless,True,exploit,cars,False,explore
False,0.6,0,53,1,0.114352347602374,,,,,False,0.5555555555555556,tap,True,explore,errorless,False,explore,space,False,explore
False,0.4,1,53,1,0.43722956436201843,,,,,False,0.5,drag_drop,False,explore,errorless,False,explore,space,False,explore
True,0.6666666666666666,2,53,1,0.4103231296320481,,,,,False,0.5294117647058824,tap,True,explore,try_then_correct,True,explore,space,False,explore
False,0.8,3,53,1,0.0026906434729970577,,,,,False,0.5909090909090909,tap,True,explore,try_then_correct,True,explore,ocean,True,explore
False,0.8,4,53,2,0.023543130388724062,,,,,False,0.6296296296296297,tap,True,explore,try_then_correct,True,explore,dino,False,explore
False,0.6,5,53,2,0.09753582589614256,,,,,False,0.625,tap,True,explore,try_then_correct,True,explore,dino,False,explore
False,0.8,6,53,2,0.10762573891988143,,,,,False,0.6486486486486487,drag_drop,False,explore,try_then_correct,True,explore,dino,False,explore
False,0.8,7,53,3,0.0739926955074185,,,,,False,0.6666666666666667,tap,True,explore,try_then_correct,True,explore,dino,False,explore
False,1.0,8,53,3,0.0,,,,,False,0.7021276595744682,tap,True,explore,try_then_correct,True,explore,dino,False,explore
False,0.8,9,53,3,0.0739926955074185,,,,,False,0.7115384615384617,tap,True,explore,try_then_correct,True,explore,space,False,explore
False,0.8,10,53,3,0.0,,,,,False,0.7192982456140352,tap,True,explore,try_then_correct,True,explore,dino,False,explore
False,1.0,11,53,3,0.0,,,,,False,0.7419354838709679,tap,True,explore,try_then_correct,True,explore,ocean,True,explore
False,1.0,12,53,3,0.0,,,,,False,0.7611940298507464,tap,True,explore,try_then_correct,True,explore,ocean,True,explore
False,1.0,13,53,3,0.0,,,,,False,0.7777777777777779,tap,True,explore,try_then_correct,True,explore,ocean,True,explore
False,0.8,14,53,3,0.0,,,,,False,0.7792207792207793,tap,True,explore,try_then_correct,True,explore,ocean,True,explore
False,0.6,15,53,3,0.047086260777448125,,,,,False,0.7682926829268293,tap,True,explore,errorless,False,explore,ocean,True,explore
False,0.8,16,53,3,0.0,,,,,False,0.7701149425287356,tap,True,explore,try_then_correct,True,explore,ocean,True,explore
False,0.8,17,53,3,0.0,,,,,False,0.7717391304347826,tap,True,explore,try_then_correct,True,explore,dino,False,explore
False,0.8,18,53,3,0.0,,,,,False,0.7731958762886598,tap,True,explore,try_then_correct,True,explore,dino,False,explore
False,0.6,19,53,3,0.040359652094955546,,,,,False,0.7647058823529411,tap,True,explore,try_then_correct,True,explore,ocean,True,explore
False,0.8,20,53,3,0.0,,,,,False,0.7663551401869159,tap,True,explore,try_then_correct,True,explore,ocean,True,explore
False,0.8,21,53,3,0.0739926955074185,,,,,False,0.7678571428571429,tap,True,explore,try_then_correct,True,explore,space,False,explore
False,1.0,22,53,3,0.0,,,,,False,0.7777777777777778,tap,True,explore,try_then_correct,True,explore,cars,False,explore
False,0.6,23,53,3,0.0,,,,,False,0.7704918032786885,tap,True,explore,try_then_correct,True,explore,ocean,True,explore
False,1.0,24,53,3,0.0,,,,,False,0.7795275590551181,tap,True,explore,try_then_correct,True,explore,cars,False,explore
False,0.8,25,53,3,0.0,,,,,False,0.7803030303030303,tap,True,explore,try_then_correct,True,explore,cars,False,explore
False,0.6,26,53,3,0.0,,,,,False,0.7737226277372263,tap,True,explore,try_then_correct,True,explore,cars,False,explore
False,1.0,27,53,3,0.0,,,,,False,0.7816901408450705,tap,True,explore,try_then_correct,True,explore,ocean,True,explore
False,0.8,28,53,3,0.0739926955074185,,,,,False,0.7823129251700682,tap,True,explore,try_then_correct,True,explore,cars,False,explore
False,1.0,29,53,3,0.0,,,,,False,0.7894736842105264,tap,True,explore,try_then_correct,True,explore,cars,False,explore
False,1.0,30,53,3,0.0,,,,,False,0.7961783439490445,tap,True,explore,try_then_correct,True,exploit,cars,False,explore
False,1.0,31,53,3,0.0,,,,,False,0.8024691358024691,tap,True,explore,try_then_correct,True,exploit,cars,False,explore
False,0.8,32,53,3,0.023543130388724062,,,,,False,0.8023952095808383,tap,True,explore,try_then_correct,True,exploit,cars,False,explore
False,0.8,33,53,3,0.023543130388724062,,,,,False,0.8023255813953488,tap,True,explore,try_then_correct,True,exploit,cars,False,explore
False,0.6,34,53,3,0.09753582589614256,,,,,False,0.7966101694915254,tap,True,explore,try_then_correct,True,exploit,dino,False,explore
True,0.25,35,53,3,0.26906434729970363,,,,,False,0.7845303867403315,tap,True,explore,try_then_correct,True,exploit,cars,False,explore
False,0.8,36,53,2,0.0,,,,,False,0.7849462365591398,tap,True,explore,try_then_correct,True,explore,cars,False,explore
False,0.4,37,53,3,0.147985391014837,,,,,False,0.774869109947644,tap,True,explore,try_then_correct,True,exploit,cars,False,explore
,,38,53,1,,0.10218873478077396,0.147985391014837,mini_game,False,True,,,,,,,,,,
False,0.6,39,53,2,0.09753582589614256,,,,,False,0.7704081632653061,tap,True,explore,try_then_correct,True,explore,cars,False,explore
True,0.0,0,54,1,0.5413635678600374,,,,,False,0.25,tap,True,explore,errorless,False,explore,cars,False,explore
False,0.6,1,54,1,0.2123160242701084,,,,,False,0.38461538461538464,tap,True,explore,try_then_correct,True,explore,ocean,False,explore
,,2,54,1,,0.05379351454498529,0.2123160242701084,modality_switch,True,True,,,,,,,,,,
False,1.0,3,54,1,0.0,,,,,False,0.5555555555555556,tap,True,explore,try_then_correct,True,explore,space,False,explore
False,0.4,4,54,2,0.27914058967783184,,,,,False,0.5217391304347826,drag_drop,False,explore,try_then_correct,True,explore,ocean,False,explore
False,0.4,5,54,1,0.5582811793556636,,,,,False,0.5,drag_drop,False,explore,try_then_correct,True,explore,space,False,explore
False,0.8,6,54,1,0.39756387014721506,,,,,False,0.5454545454545454,tap,True,explore,try_then_correct,True,explore,space,False,explore
False,1.0,7,54,1,0.0,,,,,False,0.6052631578947368,tap,True,explore,try_then_correct,True,explore,ocean,False,explore
False,1.0,8,54,2,0.0,,,,,False,0.6511627906976745,tap,True,explore,try_then_correct,True,explore,space,False,explore
False,0.8,9,54,3,0.0,,,,,False,0.6666666666666669,tap,True,explore,try_then_correct,True,exploit,dino,True,explore
False,1.0,10,54,3,0.0,,,,,False,0.69811320754717,tap,True,explore,try_then_correct,True,exploit,ocean,False,explore
False,0.4,11,54,3,0.15225850346063552,,,,,False,0.6724137931034484,tap,True,explore,try_then_correct,True,exploit,space,False,explore
False,1.0,12,54,2,0.0,,,,,False,0.6984126984126985,tap,True,explore,try_then_correct,True,explore,ocean,False,explore
False,1.0,13,54,3,0.0,,,,,False,0.7205882352941178,tap,True,explore,try_then_correct,True,exploit,dino,True,explore
False,1.0,14,54,3,0.0,,,,,False,0.7397260273972602,tap,True,explore,try_then_correct,True,exploit,dino,True,explore
False,1.0,15,54,3,0.0,,,,,False,0.7564102564102564,tap,True,exploit,try_then_correct,True,exploit,dino,True,explore
False,1.0,16,54,3,0.0,,,,,False,0.7710843373493977,tap,True,exploit,try_then_correct,True,exploit,space,False,explore
False,1.0,17,54,3,0.0,,,,,False,0.7840909090909093,tap,True,exploit,try_then_correct,True,exploit,dino,True,explore
False,1.0,18,54,3,0.0,,,,,False,0.795698924731183,tap,True,exploit,try_then_correct,True,exploit,dino,True,explore
False,0.6,19,54,3,0.0,,,,,False,0.7857142857142858,tap,True,exploit,try_then_correct,True,exploit,space,False,explore
False,1.0,20,54,3,0.0,,,,,False,0.796116504854369,tap,True,exploit,try_then_correct,True,exploit,dino,True,explore
False,1.0,21,54,3,0.0,,,,,False,0.8055555555555557,tap,True,exploit,try_then_correct,True,exploit,dino,True,explore
False,1.0,22,54,3,0.0,,,,,False,0.8141592920353984,tap,True,exploit,try_then_correct,True,exploit,ocean,False,explore
False,1.0,23,54,3,0.0,,,,,False,0.8220338983050849,tap,True,exploit,try_then_correct,True,exploit,dino,True,explore
False,1.0,24,54,3,0.0,,,,,False,0.8292682926829269,tap,True,exploit,try_then_correct,True,exploit,dino,True,explore
False,1.0,25,54,3,0.0,,,,,False,0.8359375000000001,tap,True,exploit,try_then_correct,True,exploit,dino,True,explore
False,1.0,26,54,3,0.0,,,,,False,0.8421052631578948,tap,True,exploit,try_then_correct,True,exploit,dino,True,explore
False,1.0,27,54,3,0.0,,,,,False,0.8478260869565218,tap,True,exploit,try_then_correct,True,exploit,dino,True,exploit
False,1.0,28,54,3,0.0,,,,,False,0.8531468531468531,tap,True,exploit,try_then_correct,True,exploit,dino,True,exploit
False,1.0,29,54,3,0.0,,,,,False,0.8581081081081081,tap,True,exploit,try_then_correct,True,exploit,dino,True,exploit
False,1.0,30,54,3,0.0,,,,,False,0.8627450980392157,tap,True,exploit,try_then_correct,True,exploit,dino,True,exploit
False,1.0,31,54,3,0.0,,,,,False,0.8670886075949367,tap,True,exploit,try_then_correct,True,exploit,dino,True,exploit
False,1.0,32,54,3,0.0,,,,,False,0.8711656441717791,tap,True,exploit,try_then_correct,True,exploit,dino,True,exploit
False,1.0,33,54,3,0.0,,,,,False,0.875,tap,True,exploit,try_then_correct,True,exploit,dino,True,exploit
False,1.0,34,54,3,0.0,,,,,False,0.8786127167630058,tap,True,exploit,try_then_correct,True,exploit,dino,True,exploit
False,1.0,35,54,3,0.0,,,,,False,0.8820224719101124,tap,True,exploit,try_then_correct,True,exploit,dino,True,exploit
False,1.0,36,54,3,0.0,,,,,False,0.8852459016393442,tap,True,exploit,try_then_correct,True,exploit,dino,True,exploit
False,1.0,37,54,3,0.0,,,,,False,0.8882978723404256,tap,True,exploit,try_then_correct,True,exploit,dino,True,exploit
False,1.0,38,54,3,0.0,,,,,False,0.8911917098445595,tap,True,exploit,try_then_correct,True,exploit,dino,True,exploit
False,0.8,39,54,3,0.0,,,,,False,0.8888888888888888,tap,True,exploit,try_then_correct,True,exploit,dino,True,exploit
False,0.8,0,55,1,0.0,,,,,False,0.6666666666666666,drag_drop,False,explore,errorless,True,explore,dino,False,explore
False,0.8,1,55,2,0.0,,,,,False,0.7142857142857143,drag_drop,False,explore,errorless,True,explore,dino,False,explore
True,0.5,2,55,3,0.10643792669770141,,,,,False,0.6875,drag_drop,False,explore,try_then_correct,False,explore,dino,False,explore
False,1.0,3,55,2,0.0,,,,,False,0.7619047619047619,drag_drop,False,explore,errorless,True,explore,dino,False,explore
False,0.6,4,55,3,0.3311402163928488,,,,,False,0.7307692307692307,drag_drop,False,explore,try_then_correct,False,explore,dino,False,explore
,,5,55,1,,0.23027338716710746,0.3311402163928488,modality_switch,False,True,,,,,,,,,,
False,1.0,6,55,3,0.0,,,,,False,0.7741935483870968,drag_drop,False,explore,errorless,True,explore,dino,False,explore
False,0.8,7,55,3,0.12614865386394236,,,,,False,0.7777777777777778,drag_drop,False,explore,errorless,True,explore,dino,False,explore
False,0.6,8,55,3,0.20104941709565807,,,,,False,0.7560975609756098,drag_drop,False,explore,errorless,True,explore,cars,False,explore
False,1.0,9,55,3,0.0,,,,,False,0.782608695652174,drag_drop,False,explore,errorless,True,explore,dino,False,explore
False,1.0,10,55,3,0.0,,,,,False,0.803921568627451,tap,True,explore,errorless,True,explore,dino,False,explore
False,1.0,11,55,3,0.0,,,,,False,0.8214285714285714,tap,True,explore,errorless,True,explore,dino,False,explore
False,1.0,12,55,3,0.0,,,,,False,0.8360655737704918,drag_drop,False,explore,errorless,True,explore,dino,False,explore
False,1.0,13,55,3,0.0,,,,,False,0.8484848484848485,drag_drop,False,explore,errorless,True,explore,dino,False,explore
False,1.0,14,55,3,0.0,,,,,False,0.8591549295774648,tap,True,explore,errorless,True,explore,cars,False,explore
False,1.0,15,55,3,0.0,,,,,False,0.868421052631579,tap,True,explore,errorless,True,explore,dino,False,explore
False,1.0,16,55,3,0.0,,,,,False,0.8765432098765432,drag_drop,False,explore,errorless,True,exploit,dino,False,explore
False,1.0,17,55,3,0.0,,,,,False,0.8837209302325582,drag_drop,False,explore,errorless,True,exploit,dino,False,explore
False,1.0,18,55,3,0.0,,,,,False,0.8901098901098901,tap,True,explore,errorless,True,exploit,dino,False,explore
False,1.0,19,55,3,0.0,,,,,False,0.8958333333333334,tap,True,explore,errorless,True,exploit,space,True,explore
False,1.0,20,55,3,0.0,,,,,False,0.900990099009901,tap,True,explore,errorless,True,exploit,dino,False,explore
False,1.0,21,55,3,0.0,,,,,False,0.9056603773584906,tap,True,explore,errorless,True,exploit,dino,False,explore
False,1.0,22,55,3,0.0,,,,,False,0.9099099099099099,tap,True,explore,errorless,True,exploit,space,True,explore
False,1.0,23,55,3,0.0,,,,,False,0.9137931034482759,tap,True,explore,errorless,True,exploit,dino,False,explore
False,0.8,24,55,3,0.0,,,,,False,0.9090909090909091,tap,True,explore,errorless,True,exploit,dino,False,explore
False,1.0,25,55,3,0.0,,,,,False,0.9126984126984127,tap,True,explore,errorless,True,exploit,dino,False,explore
False,1.0,26,55,3,0.0,,,,,False,0.916030534351145,tap,True,explore,errorless,True,exploit,dino,False,explore
False,1.0,27,55,3,0.0,,,,,False,0.9191176470588235,tap,True,explore,errorless,True,exploit,space,True,explore
False,1.0,28,55,3,0.0,,,,,False,0.9219858156028369,tap,True,explore,errorless,True,exploit,space,True,explore
False,0.6,29,55,3,0.11432221756419778,,,,,False,0.910958904109589,tap,True,explore,errorless,True,exploit,dino,False,explore
False,1.0,30,55,3,0.0,,,,,False,0.9139072847682119,tap,True,explore,errorless,True,explore,space,True,explore
False,1.0,31,55,3,0.0,,,,,False,0.9166666666666666,tap,True,explore,errorless,True,exploit,space,True,explore
False,1.0,32,55,3,0.0,,,,,False,0.9192546583850931,drag_drop,False,explore,errorless,True,exploit,space,True,explore
False,0.8,33,55,3,0.0,,,,,False,0.9156626506024096,tap,True,explore,errorless,True,exploit,space,True,explore
False,0.8,34,55,3,0.04730574519897839,,,,,False,0.9122807017543859,tap,True,explore,errorless,True,exploit,space,True,explore
False,1.0,35,55,3,0.0,,,,,False,0.9147727272727273,tap,True,explore,errorless,True,exploit,dino,False,explore
False,1.0,36,55,3,0.0,,,,,False,0.9171270718232044,tap,True,explore,errorless,True,exploit,space,True,explore
False,1.0,37,55,3,0.0,,,,,False,0.9193548387096774,tap,True,explore,errorless,True,exploit,dino,False,explore
False,1.0,38,55,3,0.0,,,,,False,0.9214659685863874,tap,True,explore,errorless,True,exploit,space,True,explore
False,1.0,39,55,3,0.0,,,,,False,0.923469387755102,tap,True,explore,errorless,True,exploit,dino,False,explore
False,1.0,0,56,1,0.0,,,,,False,0.7777777777777778,tap,False,explore,try_then_correct,True,explore,dino,False,explore
False,1.0,1,56,2,0.0,,,,,False,0.8571428571428571,tap,False,explore,try_then_correct,True,explore,dino,False,explore
False,1.0,2,56,3,0.0,,,,,False,0.8947368421052632,tap,False,explore,try_then_correct,True,explore,dino,False,explore
False,1.0,3,56,3,0.0,,,,,False,0.9166666666666666,tap,False,explore,try_then_correct,True,explore,dino,False,explore
False,1.0,4,56,3,0.0,,,,,False,0.9310344827586207,tap,False,explore,try_then_correct,True,explore,dino,False,explore
False,1.0,5,56,3,0.0,,,,,False,0.9411764705882353,tap,False,explore,try_then_correct,True,explore,dino,False,explore
False,1.0,6,56,3,0.0,,,,,False,0.9487179487179487,tap,False,explore,try_then_correct,True,explore,dino,False,explore
False,1.0,7,56,3,0.0,,,,,False,0.9545454545454546,tap,False,explore,try_then_correct,True,explore,dino,False,explore
False,1.0,8,56,3,0.0,,,,,False,0.9591836734693877,tap,False,explore,try_then_correct,True,explore,dino,False,explore
False,1.0,9,56,3,0.0,,,,,False,0.9629629629629629,tap,False,explore,try_then_correct,True,explore,dino,False,explore
False,1.0,10,56,3,0.0,,,,,False,0.9661016949152542,tap,False,explore,try_then_correct,True,explore,dino,False,explore
False,1.0,11,56,3,0.0,,,,,False,0.96875,tap,False,explore,try_then_correct,True,explore,dino,False,explore
False,0.8,12,56,3,0.09271375156844054,,,,,False,0.9565217391304348,tap,False,explore,try_then_correct,True,explore,dino,False,explore
False,1.0,13,56,3,0.0,,,,,False,0.9594594594594594,tap,False,explore,try_then_correct,True,explore,dino,False,explore
False,0.8,14,56,3,0.09271375156844054,,,,,False,0.9493670886075949,tap,False,explore,try_then_correct,True,explore,dino,False,explore
False,1.0,15,56,3,0.0,,,,,False,0.9523809523809523,tap,False,explore,try_then_correct,True,explore,dino,False,explore
False,1.0,16,56,3,0.0,,,,,False,0.9550561797752809,tap,False,explore,try_then_correct,True,explore,dino,False,explore
False,1.0,17,56,3,0.0,,,,,False,0.9574468085106383,tap,False,explore,try_then_correct,True,explore,dino,False,explore
False,1.0,18,56,3,0.0,,,,,False,0.9595959595959596,tap,False,explore,try_then_correct,True,explore,dino,False,explore
False,1.0,19,56,3,0.0,,,,,False,0.9615384615384616,tap,False,explore,try_then_correct,True,explore,dino,False,explore
False,1.0,20,56,3,0.0,,,,,False,0.963302752293578,tap,False,explore,try_then_correct,True,explore,dino,False,explore
False,1.0,21,56,3,0.0,,,,,False,0.9649122807017544,tap,False,explore,try_then_correct,True,explore,dino,False,explore
False,1.0,22,56,3,0.0,,,,,False,0.9663865546218487,tap,False,explore,try_then_correct,True,explore,dino,False,explore
False,0.8,23,56,3,0.010907500184522384,,,,,False,0.9596774193548387,tap,False,explore,try_then_correct,True,explore,dino,False,explore
False,1.0,24,56,3,0.0,,,,,False,0.9612403100775194,tap,False,explore,try_then_correct,True,explore,dino,False,explore
False,1.0,25,56,3,0.0,,,,,False,0.9626865671641791,tap,False,explore,try_then_correct,True,explore,dino,False,explore
False,1.0,26,56,3,0.0,,,,,False,0.9640287769784173,tap,False,explore,try_then_correct,True,explore,dino,False,explore
False,1.0,27,56,3,0.0,,,,,False,0.9652777777777778,tap,False,explore,try_then_correct,True,explore,dino,False,explore
False,1.0,28,56,3,0.0,,,,,False,0.9664429530201343,tap,False,explore,try_then_correct,True,explore,dino,False,explore
False,1.0,29,56,3,0.0,,,,,False,0.9675324675324676,tap,False,explore,try_then_correct,True,explore,dino,False,explore
False,1.0,30,56,3,0.0,,,,,False,0.9685534591194969,tap,False,exploit,try_then_correct,True,exploit,dino,False,exploit
False,1.0,31,56,3,0.0,,,,,False,0.9695121951219512,tap,False,exploit,try_then_correct,True,exploit,dino,False,exploit
False,1.0,32,56,3,0.0,,,,,False,0.9704142011834319,tap,False,exploit,try_then_correct,True,exploit,dino,False,exploit
False,1.0,33,56,3,0.0,,,,,False,0.9712643678160919,tap,False,exploit,try_then_correct,True,exploit,dino,False,exploit
False,1.0,34,56,3,0.0,,,,,False,0.9720670391061452,tap,False,exploit,try_then_correct,True,exploit,dino,False,exploit
False,1.0,35,56,3,0.0,,,,,False,0.9728260869565217,tap,False,exploit,try_then_correct,True,exploit,dino,False,exploit
False,1.0,36,56,3,0.0,,,,,False,0.9735449735449735,tap,False,exploit,try_then_correct,True,exploit,dino,False,exploit
False,1.0,37,56,3,0.0,,,,,False,0.9742268041237113,tap,False,exploit,try_then_correct,True,exploit,dino,False,exploit
False,0.8,38,56,3,0.1745200029523587,,,,,False,0.9698492462311558,tap,False,exploit,try_then_correct,True,exploit,dino,False,exploit
False,1.0,39,56,3,0.0,,,,,False,0.9705882352941176,tap,False,exploit,try_then_correct,True,exploit,dino,False,exploit
False,0.4,0,57,1,0.15094529647329122,,,,,False,0.4444444444444444,drag_drop,True,explore,errorless,True,explore,cars,False,explore
False,0.6,1,57,1,0.14675237157125534,,,,,False,0.5,drag_drop,True,explore,try_then_correct,False,explore,dino,True,explore
False,0.6,2,57,1,0.22641794470993679,,,,,False,0.5263157894736842,tap,False,explore,errorless,True,explore,space,False,explore
False,0.4,3,57,1,0.36730022141834195,,,,,False,0.5,tap,False,explore,try_then_correct,False,explore,dino,True,explore
,,4,57,1,,0.2857499407707234,0.36730022141834195,modality_switch,False,True,,,,,,,,,,
False,0.4,5,57,1,0.5624829843050907,,,,,False,0.4827586206896552,tap,False,explore,errorless,True,explore,space,False,explore
False,0.4,6,57,1,0.6275139843174797,,,,,False,0.47058823529411764,tap,False,explore,try_then_correct,False,explore,space,False,explore
True,0.3333333333333333,7,57,1,0.8329673045172372,,,,,False,0.4594594594594595,drag_drop,True,explore,try_then_correct,False,explore,ocean,False,explore
False,0.6,8,57,1,0.3289939969048591,,,,,False,0.47619047619047616,drag_drop,True,explore,errorless,True,explore,cars,False,explore
False,0.4,9,57,1,0.47993929337815033,,,,,False,0.46808510638297873,tap,False,explore,errorless,True,explore,dino,True,explore
False,0.6,10,57,1,0.5596048665168318,,,,,False,0.4807692307692308,tap,False,explore,errorless,True,explore,cars,False,explore
False,0.8,11,57,1,0.09224434784478909,,,,,False,0.5087719298245613,drag_drop,True,explore,errorless,True,explore,cars,False,explore
False,0.8,12,57,1,0.02935047431425107,,,,,False,0.532258064516129,drag_drop,True,explore,try_then_correct,False,explore,dino,True,explore
False,1.0,13,57,2,0.0,,,,,False,0.5671641791044776,drag_drop,True,explore,errorless,True,explore,cars,False,explore
False,0.6,14,57,3,0.26834719373029553,,,,,False,0.5694444444444444,drag_drop,True,explore,try_then_correct,False,explore,cars,False,explore
,,15,57,1,,0.2087670800151404,0.26834719373029553,modality_switch,False,True,,,,,,,,,,
False,0.6,16,57,3,0.20457415511310453,,,,,False,0.5714285714285713,drag_drop,True,explore,errorless,True,explore,cars,False,explore
False,1.0,17,57,3,0.0,,,,,False,0.5975609756097557,drag_drop,True,explore,try_then_correct,False,explore,dino,True,explore
False,1.0,18,57,3,0.0,,,,,False,0.6206896551724136,drag_drop,True,explore,errorless,True,explore,ocean,False,explore
False,0.6,19,57,3,0.0,,,,,False,0.619565217391304,drag_drop,True,explore,errorless,True,explore,ocean,False,explore
False,1.0,20,57,3,0.0,,,,,False,0.6391752577319585,drag_drop,True,explore,errorless,True,explore,cars,False,explore
False,0.8,21,57,3,0.02935047431425107,,,,,False,0.6470588235294115,drag_drop,True,explore,errorless,True,explore,ocean,False,explore
False,1.0,22,57,3,0.0,,,,,False,0.6635514018691586,drag_drop,True,explore,errorless,True,explore,ocean,False,explore
False,1.0,23,57,3,0.0,,,,,False,0.6785714285714283,drag_drop,True,exploit,errorless,True,explore,ocean,False,explore
False,1.0,24,57,3,0.0,,,,,False,0.6923076923076921,drag_drop,True,exploit,errorless,True,explore,ocean,False,explore
False,1.0,25,57,3,0.0,,,,,False,0.704918032786885,drag_drop,True,exploit,errorless,True,explore,ocean,False,explore
False,0.8,26,57,3,0.09224434784478909,,,,,False,0.7086614173228344,drag_drop,True,exploit,errorless,True,explore,ocean,False,explore
False,0.8,27,57,3,0.0,,,,,False,0.7121212121212119,drag_drop,True,exploit,errorless,True,explore,ocean,False,explore
False,0.6,28,57,3,0.05870094862850214,,,,,False,0.7080291970802918,drag_drop,True,exploit,errorless,True,explore,ocean,False,explore
False,0.8,29,57,3,0.0,,,,,False,0.7112676056338026,drag_drop,True,exploit,errorless,True,explore,ocean,False,explore
False,1.0,30,57,3,0.0,,,,,False,0.7210884353741495,drag_drop,True,exploit,errorless,True,explore,ocean,False,explore
False,0.6,31,57,3,0.0,,,,,False,0.7171052631578946,drag_drop,True,exploit,errorless,True,explore,ocean,False,explore
False,0.8,32,57,3,0.0,,,,,False,0.7197452229299361,drag_drop,True,exploit,errorless,True,explore,ocean,False,explore
False,0.8,33,57,3,0.0,,,,,False,0.7222222222222221,drag_drop,True,exploit,errorless,True,explore,ocean,False,explore
False,0.6,34,57,3,0.0,,,,,False,0.718562874251497,drag_drop,True,exploit,errorless,True,explore,ocean,False,explore
False,0.6,35,57,3,0.02935047431425107,,,,,False,0.7151162790697675,drag_drop,True,exploit,errorless,True,explore,ocean,False,explore
False,0.8,36,57,3,0.02935047431425107,,,,,False,0.7175141242937854,drag_drop,True,exploit,errorless,True,explore,ocean,False,explore
False,1.0,37,57,3,0.0,,,,,False,0.7252747252747253,drag_drop,True,exploit,errorless,True,explore,ocean,False,explore
False,0.8,38,57,3,0.0,,,,,False,0.7272727272727273,drag_drop,True,exploit,errorless,True,explore,ocean,False,explore
False,0.8,39,57,3,0.0,,,,,False,0.7291666666666666,drag_drop,True,exploit,try_then_correct,False,explore,ocean,False,explore
False,0.8,0,58,1,0.12748741893822893,,,,,False,0.6666666666666666,tap,False,explore,errorless,False,explore,dino,True,explore
False,1.0,1,58,2,0.0,,,,,False,0.7857142857142857,drag_drop,True,explore,errorless,False,explore,space,False,explore
False,1.0,2,58,3,0.0,,,,,False,0.8421052631578947,drag_drop,True,explore,errorless,False,explore,space,False,explore
False,1.0,3,58,3,0.0,,,,,False,0.875,drag_drop,True,explore,errorless,False,explore,space,False,explore
False,1.0,4,58,3,0.0,,,,,False,0.896551724137931,drag_drop,True,explore,errorless,False,explore,space,False,explore
False,1.0,5,58,3,0.0,,,,,False,0.9117647058823529,drag_drop,True,explore,errorless,False,explore,space,False,explore
False,1.0,6,58,3,0.0,,,,,False,0.9230769230769231,drag_drop,True,explore,errorless,False,explore,space,False,explore
False,1.0,7,58,3,0.0,,,,,False,0.9318181818181818,drag_drop,True,explore,errorless,False,explore,space,False,explore
False,1.0,8,58,3,0.0,,,,,False,0.9387755102040817,drag_drop,True,explore,errorless,False,explore,space,False,explore
False,0.8,9,58,3,0.0,,,,,False,0.9259259259259259,drag_drop,True,explore,errorless,False,explore,dino,True,explore
False,1.0,10,58,3,0.0,,,,,False,0.9322033898305084,drag_drop,True,explore,errorless,False,explore,space,False,explore
False,1.0,11,58,3,0.0,,,,,False,0.9375,drag_drop,True,explore,errorless,False,explore,space,False,explore
False,1.0,12,58,3,0.0,,,,,False,0.9420289855072463,drag_drop,True,explore,errorless,False,explore,space,False,explore
False,1.0,13,58,3,0.0,,,,,False,0.9459459459459459,drag_drop,True,explore,errorless,False,explore,space,False,explore
False,1.0,14,58,3,0.0,,,,,False,0.9493670886075949,drag_drop,True,explore,errorless,False,explore,space,False,explore
False,1.0,15,58,3,0.0,,,,,False,0.9523809523809523,drag_drop,True,explore,errorless,False,explore,space,False,explore
False,1.0,16,58,3,0.0,,,,,False,0.9550561797752809,drag_drop,True,explore,errorless,False,explore,space,False,explore
False,0.8,17,58,3,0.12748741893822893,,,,,False,0.9468085106382979,drag_drop,True,explore,errorless,False,explore,space,False,explore
False,0.8,18,58,3,0.0,,,,,False,0.9393939393939394,drag_drop,True,explore,errorless,False,explore,space,False,explore
False,1.0,19,58,3,0.0,,,,,False,0.9423076923076923,drag_drop,True,explore,errorless,False,explore,space,False,explore
False,1.0,20,58,3,0.0,,,,,False,0.944954128440367,drag_drop,True,explore,errorless,False,explore,space,False,explore
False,0.8,21,58,3,0.0,,,,,False,0.9385964912280702,drag_drop,True,explore,errorless,False,explore,dino,True,explore
False,1.0,22,58,3,0.0,,,,,False,0.9411764705882353,drag_drop,True,explore,errorless,False,explore,space,False,explore
False,1.0,23,58,3,0.0,,,,,False,0.9435483870967742,drag_drop,True,explore,errorless,False,explore,space,False,explore
False,1.0,24,58,3,0.0,,,,,False,0.9457364341085271,drag_drop,True,explore,errorless,False,explore,space,False,explore
False,1.0,25,58,3,0.0,,,,,False,0.9477611940298507,drag_drop,True,explore,errorless,False,explore,space,False,explore
False,1.0,26,58,3,0.0,,,,,False,0.9496402877697842,drag_drop,True,explore,errorless,False,explore,space,False,explore
False,1.0,27,58,3,0.0,,,,,False,0.9513888888888888,drag_drop,True,explore,errorless,False,explore,space,False,explore
False,1.0,28,58,3,0.0,,,,,False,0.9530201342281879,drag_drop,True,explore,errorless,False,explore,space,False,explore
False,1.0,29,58,3,0.0,,,,,False,0.9545454545454546,drag_drop,True,explore,errorless,False,explore,space,False,explore
False,1.0,30,58,3,0.0,,,,,False,0.9559748427672956,drag_drop,True,explore,errorless,False,explore,space,False,explore
False,1.0,31,58,3,0.0,,,,,False,0.9573170731707317,drag_drop,True,explore,errorless,False,explore,space,False,explore
False,1.0,32,58,3,0.0,,,,,False,0.9585798816568047,drag_drop,True,explore,errorless,False,explore,space,False,explore
False,1.0,33,58,3,0.0,,,,,False,0.9597701149425287,drag_drop,True,explore,errorless,False,explore,space,False,explore
False,1.0,34,58,3,0.0,,,,,False,0.9608938547486033,drag_drop,True,explore,errorless,False,explore,space,False,explore
False,1.0,35,58,3,0.0,,,,,False,0.9619565217391305,drag_drop,True,explore,errorless,False,explore,space,False,explore
False,1.0,36,58,3,0.0,,,,,False,0.9629629629629629,drag_drop,True,explore,errorless,False,explore,space,False,explore
False,1.0,37,58,3,0.0,,,,,False,0.9639175257731959,drag_drop,True,explore,errorless,False,explore,space,False,explore
False,1.0,38,58,3,0.0,,,,,False,0.964824120603015,drag_drop,True,explore,errorless,False,explore,space,False,explore
False,0.8,39,58,3,0.0,,,,,False,0.9607843137254902,drag_drop,True,explore,errorless,False,exploit,space,False,explore
False,0.8,0,59,1,0.00516063414296393,,,,,False,0.6666666666666666,tap,True,explore,errorless,False,explore,space,False,explore
False,0.8,1,59,2,0.00516063414296393,,,,,False,0.7142857142857143,tap,True,explore,errorless,False,explore,space,False,explore
False,0.6,2,59,3,0.12643553650261657,,,,,False,0.6842105263157895,drag_drop,False,explore,try_then_correct,True,explore,space,False,explore
False,0.8,3,59,3,0.0,,,,,False,0.7083333333333331,tap,True,explore,errorless,False,explore,cars,False,explore
False,0.8,4,59,3,0.0,,,,,False,0.7241379310344827,tap,True,explore,errorless,False,explore,space,False,explore
False,0.4,5,59,3,0.28641519493449885,,,,,False,0.676470588235294,drag_drop,False,explore,errorless,False,explore,ocean,False,explore
False,1.0,6,59,2,0.0,,,,,False,0.7179487179487178,tap,True,explore,errorless,False,explore,cars,False,explore
False,0.4,7,59,3,0.17030092671781008,,,,,False,0.6818181818181818,tap,True,explore,errorless,False,explore,cars,False,explore
False,1.0,8,59,2,0.0,,,,,False,0.7142857142857142,tap,True,explore,errorless,False,explore,cars,False,explore
False,0.8,9,59,3,0.0,,,,,False,0.7222222222222221,tap,True,explore,errorless,False,explore,space,False,explore
False,0.8,10,59,3,0.08257014628742308,,,,,False,0.7288135593220337,tap,True,explore,errorless,False,explore,cars,False,explore
True,0.0,11,59,3,0.24771043886226923,,,,,False,0.7049180327868851,tap,True,explore,errorless,False,explore,cars,False,explore
False,0.2,12,59,2,0.3906600046223705,,,,,False,0.6666666666666665,tap,True,explore,errorless,False,explore,space,False,explore
True,,13,59,1,0.3906600046223705,,,,,False,0.6666666666666665,tap,True,explore,errorless,False,explore,dino,True,explore
False,1.0,14,59,1,0.0,,,,,False,0.6901408450704224,tap,True,explore,try_then_correct,True,explore,cars,False,explore
False,1.0,15,59,2,0.0,,,,,False,0.7105263157894736,tap,True,explore,errorless,False,explore,cars,False,explore
False,0.6,16,59,3,0.08257014628742308,,,,,False,0.7037037037037036,tap,True,explore,errorless,False,explore,cars,False,explore
False,1.0,17,59,3,0.0,,,,,False,0.7209302325581395,tap,True,explore,try_then_correct,True,explore,cars,False,explore
False,1.0,18,59,3,0.0,,,,,False,0.7362637362637363,tap,True,explore,try_then_correct,True,explore,cars,False,explore
False,0.6,19,59,3,0.0,,,,,False,0.7291666666666666,tap,True,explore,try_then_correct,True,explore,cars,False,explore
False,1.0,20,59,3,0.0,,,,,False,0.7425742574257426,tap,True,explore,try_then_correct,True,explore,space,False,explore
False,0.8,21,59,3,0.018062219500373795,,,,,False,0.7452830188679245,tap,True,explore,try_then_correct,True,explore,cars,False,explore
False,1.0,22,59,3,0.0,,,,,False,0.7567567567567568,tap,True,explore,try_then_correct,True,explore,cars,False,explore
False,1.0,23,59,3,0.0,,,,,False,0.7672413793103449,tap,True,explore,try_then_correct,True,explore,cars,False,explore
False,1.0,24,59,3,0.0,,,,,False,0.7768595041322314,tap,True,explore,try_then_correct,True,explore,cars,False,explore
False,0.8,25,59,3,0.018062219500373795,,,,,False,0.7777777777777778,tap,True,explore,try_then_correct,True,explore,cars,False,explore
False,1.0,26,59,3,0.0,,,,,False,0.7862595419847328,tap,True,explore,try_then_correct,True,explore,cars,False,explore
False,1.0,27,59,3,0.0,,,,,False,0.7941176470588235,tap,True,explore,try_then_correct,True,explore,cars,False,explore
False,1.0,28,59,3,0.0,,,,,False,0.8014184397163121,tap,True,explore,try_then_correct,True,exploit,cars,False,explore
False,1.0,29,59,3,0.0,,,,,False,0.8082191780821917,tap,True,exploit,try_then_correct,True,exploit,cars,False,explore
False,1.0,30,59,3,0.0,,,,,False,0.814569536423841,tap,True,exploit,try_then_correct,True,exploit,cars,False,exploit
False,1.0,31,59,3,0.0,,,,,False,0.8205128205128204,tap,True,exploit,try_then_correct,True,exploit,cars,False,exploit
False,1.0,32,59,3,0.0,,,,,False,0.8260869565217389,tap,True,exploit,try_then_correct,True,exploit,cars,False,exploit
False,1.0,33,59,3,0.0,,,,,False,0.8313253012048191,tap,True,exploit,try_then_correct,True,exploit,cars,False,exploit
False,0.8,34,59,3,0.0,,,,,False,0.830409356725146,tap,True,exploit,try_then_correct,True,exploit,cars,False,exploit
False,1.0,35,59,3,0.0,,,,,False,0.8352272727272726,tap,True,exploit,try_then_correct,True,exploit,cars,False,exploit
False,1.0,36,59,3,0.0,,,,,False,0.8397790055248617,tap,True,exploit,try_then_correct,True,exploit,cars,False,exploit
False,1.0,37,59,3,0.0,,,,,False,0.8440860215053761,tap,True,exploit,try_then_correct,True,exploit,cars,False,exploit
False,1.0,38,59,3,0.0,,,,,False,0.8481675392670156,tap,True,exploit,try_then_correct,True,exploit,cars,False,exploit
False,1.0,39,59,3,0.0,,,,,False,0.8520408163265305,tap,True,exploit,try_then_correct,True,exploit,cars,False,exploit
False,0.8,0,60,1,0.0,,,,,False,0.6666666666666666,drag_drop,True,explore,errorless,False,explore,ocean,False,explore
False,0.8,1,60,2,0.09818604608112615,,,,,False,0.7142857142857143,drag_drop,True,explore,errorless,False,explore,ocean,False,explore
False,1.0,2,60,3,0.0,,,,,False,0.7894736842105263,drag_drop,True,explore,errorless,False,explore,ocean,False,explore
False,1.0,3,60,3,0.0,,,,,False,0.8333333333333334,drag_drop,True,explore,errorless,False,explore,ocean,False,explore
False,1.0,4,60,3,0.0,,,,,False,0.8620689655172413,drag_drop,True,explore,errorless,False,explore,ocean,False,explore
False,0.8,5,60,3,0.0,,,,,False,0.8529411764705882,drag_drop,True,explore,errorless,False,explore,ocean,False,explore
False,1.0,6,60,3,0.0,,,,,False,0.8717948717948718,drag_drop,True,explore,errorless,False,explore,ocean,False,explore
False,1.0,7,60,3,0.0,,,,,False,0.8863636363636364,drag_drop,True,explore,errorless,False,explore,ocean,False,explore
False,1.0,8,60,3,0.0,,,,,False,0.8979591836734694,drag_drop,True,explore,errorless,False,explore,ocean,False,explore
False,1.0,9,60,3,0.0,,,,,False,0.9074074074074074,drag_drop,True,explore,errorless,False,explore,ocean,False,explore
False,1.0,10,60,3,0.0,,,,,False,0.9152542372881356,drag_drop,True,explore,errorless,False,explore,cars,True,explore
False,0.8,11,60,3,0.05216133698059826,,,,,False,0.90625,drag_drop,True,explore,errorless,False,explore,ocean,False,explore
False,1.0,12,60,3,0.0,,,,,False,0.9130434782608695,drag_drop,True,explore,try_then_correct,True,explore,ocean,False,explore
False,1.0,13,60,3,0.0,,,,,False,0.9189189189189187,drag_drop,True,explore,errorless,False,explore,cars,True,explore
False,1.0,14,60,3,0.0,,,,,False,0.9240506329113922,drag_drop,True,explore,errorless,False,explore,cars,True,explore
False,1.0,15,60,3,0.0,,,,,False,0.9285714285714284,drag_drop,True,explore,errorless,False,explore,cars,True,explore
False,1.0,16,60,3,0.0,,,,,False,0.9325842696629212,drag_drop,True,explore,errorless,False,explore,cars,True,explore
False,1.0,17,60,3,0.0,,,,,False,0.9361702127659572,drag_drop,True,explore,errorless,False,explore,cars,True,explore
False,1.0,18,60,3,0.0,,,,,False,0.9393939393939392,drag_drop,True,explore,errorless,False,explore,cars,True,explore
False,1.0,19,60,3,0.0,,,,,False,0.9423076923076922,drag_drop,True,explore,errorless,False,explore,cars,True,explore
False,1.0,20,60,3,0.0,,,,,False,0.9449541284403669,drag_drop,True,explore,errorless,False,explore,cars,True,explore
False,1.0,21,60,3,0.0,,,,,False,0.9473684210526314,drag_drop,True,explore,errorless,False,explore,ocean,False,explore
False,1.0,22,60,3,0.0,,,,,False,0.949579831932773,drag_drop,True,explore,errorless,False,explore,cars,True,explore
False,1.0,23,60,3,0.0,,,,,False,0.9516129032258064,drag_drop,True,explore,errorless,False,explore,cars,True,explore
False,0.8,24,60,3,0.02147819758024634,,,,,False,0.945736434108527,drag_drop,True,explore,errorless,False,explore,cars,True,explore
False,1.0,25,60,3,0.0,,,,,False,0.9477611940298507,drag_drop,True,explore,errorless,False,explore,cars,True,explore
False,0.8,26,60,3,0.0,,,,,False,0.9424460431654677,drag_drop,True,explore,errorless,False,explore,ocean,False,explore
False,1.0,27,60,3,0.0,,,,,False,0.9444444444444444,drag_drop,True,explore,errorless,False,explore,cars,True,explore
False,1.0,28,60,3,0.0,,,,,False,0.9463087248322147,drag_drop,True,explore,errorless,False,explore,ocean,False,explore
False,1.0,29,60,3,0.0,,,,,False,0.948051948051948,drag_drop,True,explore,errorless,False,explore,cars,True,explore
False,1.0,30,60,3,0.0,,,,,False,0.949685534591195,drag_drop,True,explore,errorless,False,explore,cars,True,explore
False,1.0,31,60,3,0.0,,,,,False,0.9512195121951219,drag_drop,True,explore,errorless,False,explore,cars,True,explore
False,1.0,32,60,3,0.0,,,,,False,0.9526627218934911,drag_drop,True,explore,errorless,False,explore,cars,True,explore
False,1.0,33,60,3,0.0,,,,,False,0.9540229885057471,drag_drop,True,explore,errorless,False,explore,ocean,False,explore
False,1.0,34,60,3,0.0,,,,,False,0.9553072625698324,drag_drop,True,explore,errorless,False,explore,cars,True,explore
False,1.0,35,60,3,0.0,,,,,False,0.9565217391304348,drag_drop,True,explore,errorless,False,explore,cars,True,explore
False,1.0,36,60,3,0.0,,,,,False,0.9576719576719577,drag_drop,True,explore,errorless,False,explore,ocean,False,explore
False,0.8,37,60,3,0.0,,,,,False,0.9536082474226805,drag_drop,True,explore,errorless,False,explore,cars,True,explore
False,1.0,38,60,3,0.0,,,,,False,0.9547738693467337,drag_drop,True,explore,errorless,False,explore,cars,True,explore
False,1.0,39,60,3,0.0,,,,,False,0.9558823529411765,drag_drop,True,explore,errorless,False,explore,cars,True,explore
False,1.0,0,61,1,0.0,,,,,False,0.7777777777777778,drag_drop,True,explore,errorless,True,explore,cars,False,explore
False,1.0,1,61,2,0.0,,,,,False,0.8571428571428571,drag_drop,True,explore,errorless,True,explore,cars,False,explore
False,1.0,2,61,3,0.0,,,,,False,0.8947368421052632,tap,False,explore,errorless,True,explore,cars,False,explore
False,1.0,3,61,3,0.0,,,,,False,0.9166666666666666,drag_drop,True,explore,errorless,True,explore,cars,False,explore
False,1.0,4,61,3,0.0,,,,,False,0.9310344827586207,tap,False,explore,errorless,True,explore,cars,False,explore
False,1.0,5,61,3,0.0,,,,,False,0.9411764705882353,drag_drop,True,explore,errorless,True,explore,cars,False,explore
False,1.0,6,61,3,0.0,,,,,False,0.9487179487179487,tap,False,explore,errorless,True,explore,cars,False,explore
False,1.0,7,61,3,0.0,,,,,False,0.9545454545454546,drag_drop,True,explore,errorless,True,explore,cars,False,explore
False,1.0,8,61,3,0.0,,,,,False,0.9591836734693877,tap,False,explore,errorless,True,explore,cars,False,explore
False,1.0,9,61,3,0.0,,,,,False,0.9629629629629629,drag_drop,True,explore,errorless,True,explore,cars,False,explore
False,1.0,10,61,3,0.0,,,,,False,0.9661016949152542,drag_drop,True,explore,errorless,True,explore,cars,False,explore
False,0.8,11,61,3,0.0,,,,,False,0.953125,drag_drop,True,explore,errorless,True,explore,cars,False,explore
False,1.0,12,61,3,0.0,,,,,False,0.9565217391304348,tap,False,explore,errorless,True,explore,cars,False,explore
False,0.8,13,61,3,0.009924657381571445,,,,,False,0.9459459459459459,tap,False,explore,errorless,True,explore,cars,False,explore
False,1.0,14,61,3,0.0,,,,,False,0.9493670886075949,drag_drop,True,explore,errorless,True,explore,cars,False,explore
False,1.0,15,61,3,0.0,,,,,False,0.9523809523809523,drag_drop,True,explore,errorless,True,explore,cars,False,explore
False,1.0,16,61,3,0.0,,,,,False,0.9550561797752809,tap,False,explore,errorless,True,explore,cars,False,explore
False,1.0,17,61,3,0.0,,,,,False,0.9574468085106383,drag_drop,True,explore,errorless,True,explore,cars,False,explore
False,1.0,18,61,3,0.0,,,,,False,0.9595959595959596,tap,False,explore,errorless,True,explore,cars,False,explore
False,1.0,19,61,3,0.0,,,,,False,0.9615384615384616,tap,False,explore,errorless,True,explore,cars,False,explore
False,1.0,20,61,3,0.0,,,,,False,0.963302752293578,tap,False,explore,errorless,True,explore,cars,False,explore
False,1.0,21,61,3,0.0,,,,,False,0.9649122807017544,drag_drop,True,explore,errorless,True,explore,cars,False,explore
False,1.0,22,61,3,0.0,,,,,False,0.9663865546218487,drag_drop,True,explore,errorless,True,explore,cars,False,explore
False,1.0,23,61,3,0.0,,,,,False,0.967741935483871,drag_drop,True,explore,errorless,True,explore,cars,False,explore
False,1.0,24,61,3,0.0,,,,,False,0.9689922480620154,drag_drop,True,explore,errorless,True,explore,cars,False,explore
False,1.0,25,61,3,0.0,,,,,False,0.9701492537313433,drag_drop,True,explore,errorless,True,exploit,cars,False,explore
False,1.0,26,61,3,0.0,,,,,False,0.9712230215827338,drag_drop,True,explore,errorless,True,exploit,cars,False,explore
False,1.0,27,61,3,0.0,,,,,False,0.9722222222222222,tap,False,explore,errorless,True,exploit,cars,False,explore
False,1.0,28,61,3,0.0,,,,,False,0.9731543624161074,drag_drop,True,explore,errorless,True,exploit,cars,False,explore
False,1.0,29,61,3,0.0,,,,,False,0.974025974025974,drag_drop,True,explore,errorless,True,exploit,cars,False,explore
False,0.8,30,61,3,0.03473630083550017,,,,,False,0.9685534591194969,drag_drop,True,explore,errorless,True,exploit,cars,False,explore
False,1.0,31,61,3,0.0,,,,,False,0.9695121951219512,tap,False,explore,errorless,True,exploit,cars,False,explore
False,1.0,32,61,3,0.0,,,,,False,0.9704142011834319,drag_drop,True,explore,errorless,True,exploit,cars,False,explore
False,1.0,33,61,3,0.0,,,,,False,0.9712643678160919,drag_drop,True,explore,errorless,True,exploit,cars,False,explore
False,1.0,34,61,3,0.0,,,,,False,0.9720670391061452,drag_drop,True,explore,errorless,True,exploit,cars,False,explore
False,1.0,35,61,3,0.0,,,,,False,0.9728260869565217,tap,False,explore,errorless,True,exploit,cars,False,explore
False,1.0,36,61,3,0.0,,,,,False,0.9735449735449735,tap,False,explore,errorless,True,exploit,cars,False,explore
False,1.0,37,61,3,0.0,,,,,False,0.9742268041237113,tap,False,explore,errorless,True,exploit,cars,False,explore
False,1.0,38,61,3,0.0,,,,,False,0.9748743718592965,drag_drop,True,explore,errorless,True,exploit,cars,False,explore
False,1.0,39,61,3,0.0,,,,,False,0.9754901960784313,tap,False,explore,errorless,True,exploit,cars,False,explore
False,1.0,0,62,1,0.0,,,,,False,0.7777777777777778,drag_drop,True,explore,errorless,False,explore,ocean,True,explore
False,1.0,1,62,2,0.0,,,,,False,0.8571428571428571,drag_drop,True,explore,errorless,False,explore,ocean,True,explore
False,1.0,2,62,3,0.0,,,,,False,0.8947368421052632,drag_drop,True,explore,errorless,False,explore,ocean,True,explore
False,1.0,3,62,3,0.0,,,,,False,0.9166666666666666,drag_drop,True,explore,errorless,False,explore,ocean,True,explore
False,1.0,4,62,3,0.0,,,,,False,0.9310344827586207,drag_drop,True,explore,errorless,False,explore,ocean,True,explore
False,1.0,5,62,3,0.0,,,,,False,0.9411764705882353,drag_drop,True,explore,errorless,False,explore,ocean,True,explore
False,1.0,6,62,3,0.0,,,,,False,0.9487179487179487,drag_drop,True,explore,errorless,False,explore,ocean,True,explore
False,1.0,7,62,3,0.0,,,,,False,0.9545454545454546,drag_drop,True,explore,errorless,False,explore,ocean,True,explore
False,1.0,8,62,3,0.0,,,,,False,0.9591836734693877,drag_drop,True,explore,errorless,False,explore,ocean,True,explore
False,1.0,9,62,3,0.0,,,,,False,0.9629629629629629,drag_drop,True,explore,errorless,False,explore,ocean,True,explore
False,0.8,10,62,3,0.0,,,,,False,0.9491525423728814,drag_drop,True,explore,errorless,False,explore,ocean,True,explore
False,1.0,11,62,3,0.0,,,,,False,0.953125,drag_drop,True,explore,errorless,False,explore,ocean,True,explore
False,0.8,12,62,3,0.04487632229239821,,,,,False,0.9420289855072463,drag_drop,True,explore,errorless,False,explore,ocean,True,explore
False,1.0,13,62,3,0.0,,,,,False,0.9459459459459459,drag_drop,True,explore,try_then_correct,True,explore,ocean,True,explore
False,0.8,14,62,3,0.0,,,,,False,0.9367088607594937,drag_drop,True,explore,errorless,False,explore,ocean,True,explore
False,1.0,15,62,3,0.0,,,,,False,0.9404761904761905,drag_drop,True,explore,errorless,False,explore,ocean,True,explore
False,1.0,16,62,3,0.0,,,,,False,0.9438202247191011,drag_drop,True,explore,errorless,False,explore,ocean,True,explore
False,1.0,17,62,3,0.0,,,,,False,0.9468085106382979,drag_drop,True,explore,errorless,False,explore,ocean,True,explore
False,1.0,18,62,3,0.0,,,,,False,0.9494949494949495,drag_drop,True,explore,errorless,False,explore,ocean,True,explore
False,1.0,19,62,3,0.0,,,,,False,0.9519230769230769,drag_drop,True,explore,errorless,False,explore,ocean,True,explore
False,1.0,20,62,3,0.0,,,,,False,0.9541284403669725,drag_drop,True,explore,errorless,False,explore,ocean,True,explore
False,0.8,21,62,3,0.14103987006182295,,,,,False,0.9473684210526315,drag_drop,True,explore,errorless,False,explore,ocean,True,explore
False,0.8,22,62,3,0.14103987006182295,,,,,False,0.9411764705882353,drag_drop,True,explore,errorless,False,explore,ocean,True,explore
False,1.0,23,62,3,0.0,,,,,False,0.9435483870967742,drag_drop,True,explore,errorless,False,explore,ocean,True,explore
False,1.0,24,62,3,0.0,,,,,False,0.9457364341085271,drag_drop,True,explore,errorless,False,explore,ocean,True,explore
False,1.0,25,62,3,0.0,,,,,False,0.9477611940298507,drag_drop,True,explore,errorless,False,explore,ocean,True,explore
False,1.0,26,62,3,0.0,,,,,False,0.9496402877697842,drag_drop,True,explore,errorless,False,explore,ocean,True,explore
False,1.0,27,62,3,0.0,,,,,False,0.9513888888888888,drag_drop,True,explore,errorless,False,explore,ocean,True,explore
False,0.8,28,62,3,0.0,,,,,False,0.9463087248322147,drag_drop,True,explore,errorless,False,explore,ocean,True,explore
False,1.0,29,62,3,0.0,,,,,False,0.948051948051948,drag_drop,True,explore,errorless,False,explore,ocean,True,explore
False,1.0,30,62,3,0.0,,,,,False,0.949685534591195,drag_drop,True,explore,errorless,False,explore,ocean,True,explore
False,1.0,31,62,3,0.0,,,,,False,0.9512195121951219,drag_drop,True,explore,errorless,False,explore,ocean,True,explore
False,1.0,32,62,3,0.0,,,,,False,0.9526627218934911,drag_drop,True,explore,errorless,False,explore,ocean,True,explore
False,1.0,33,62,3,0.0,,,,,False,0.9540229885057471,drag_drop,True,explore,errorless,False,explore,ocean,True,explore
False,1.0,34,62,3,0.0,,,,,False,0.9553072625698324,drag_drop,True,explore,errorless,False,explore,ocean,True,explore
False,1.0,35,62,3,0.0,,,,,False,0.9565217391304348,drag_drop,True,explore,errorless,False,explore,ocean,True,explore
False,1.0,36,62,3,0.0,,,,,False,0.9576719576719577,drag_drop,True,explore,errorless,False,explore,ocean,True,explore
False,0.8,37,62,3,0.14103987006182295,,,,,False,0.9536082474226805,drag_drop,True,explore,errorless,False,explore,ocean,True,explore
False,1.0,38,62,3,0.0,,,,,False,0.9547738693467337,drag_drop,True,explore,errorless,False,explore,ocean,True,explore
False,1.0,39,62,3,0.0,,,,,False,0.9558823529411765,drag_drop,True,explore,errorless,False,explore,ocean,True,explore
False,1.0,0,63,1,0.0,,,,,False,0.7777777777777778,drag_drop,False,explore,try_then_correct,True,explore,ocean,True,explore
False,1.0,1,63,2,0.0,,,,,False,0.8571428571428571,drag_drop,False,explore,try_then_correct,True,explore,cars,False,explore
False,1.0,2,63,3,0.0,,,,,False,0.8947368421052632,drag_drop,False,explore,try_then_correct,True,explore,cars,False,explore
False,1.0,3,63,3,0.0,,,,,False,0.9166666666666666,drag_drop,False,explore,try_then_correct,True,explore,cars,False,explore
False,1.0,4,63,3,0.0,,,,,False,0.9310344827586207,drag_drop,False,explore,try_then_correct,True,explore,cars,False,explore
False,1.0,5,63,3,0.0,,,,,False,0.9411764705882353,drag_drop,False,explore,try_then_correct,True,explore,ocean,True,explore
False,1.0,6,63,3,0.0,,,,,False,0.9487179487179487,drag_drop,False,explore,try_then_correct,True,explore,cars,False,explore
False,1.0,7,63,3,0.0,,,,,False,0.9545454545454546,drag_drop,False,explore,try_then_correct,True,explore,cars,False,explore
False,0.8,8,63,3,0.08617439066099487,,,,,False,0.9387755102040817,drag_drop,False,explore,try_then_correct,True,explore,cars,False,explore
False,0.8,9,63,3,0.0,,,,,False,0.9259259259259259,drag_drop,False,explore,try_then_correct,True,explore,ocean,True,explore
False,1.0,10,63,3,0.0,,,,,False,0.9322033898305084,drag_drop,False,explore,try_then_correct,True,explore,ocean,True,explore
False,1.0,11,63,3,0.0,,,,,False,0.9375,drag_drop,False,explore,try_then_correct,True,explore,ocean,True,explore
False,1.0,12,63,3,0.0,,,,,False,0.9420289855072463,drag_drop,False,explore,try_then_correct,True,explore,cars,False,explore
False,1.0,13,63,3,0.0,,,,,False,0.9459459459459459,drag_drop,False,explore,try_then_correct,True,explore,ocean,True,explore
False,1.0,14,63,3,0.0,,,,,False,0.9493670886075949,drag_drop,False,explore,try_then_correct,True,explore,cars,False,explore
False,1.0,15,63,3,0.0,,,,,False,0.9523809523809523,drag_drop,False,explore,try_then_correct,True,explore,ocean,True,explore
False,1.0,16,63,3,0.0,,,,,False,0.9550561797752809,drag_drop,False,explore,try_then_correct,True,explore,cars,False,explore
False,1.0,17,63,3,0.0,,,,,False,0.9574468085106383,drag_drop,False,explore,try_then_correct,True,explore,cars,False,explore
False,1.0,18,63,3,0.0,,,,,False,0.9595959595959596,drag_drop,False,explore,try_then_correct,True,explore,ocean,True,explore
False,1.0,19,63,3,0.0,,,,,False,0.9615384615384616,drag_drop,False,explore,try_then_correct,True,explore,ocean,True,explore
False,0.8,20,63,3,0.0,,,,,False,0.9541284403669725,drag_drop,False,explore,try_then_correct,True,explore,ocean,True,explore
False,1.0,21,63,3,0.0,,,,,False,0.956140350877193,drag_drop,False,explore,try_then_correct,True,explore,ocean,True,explore
False,0.6,22,63,3,0.09631255426817074,,,,,False,0.9411764705882353,drag_drop,False,explore,try_then_correct,True,explore,cars,False,explore
False,0.8,23,63,3,0.010138163607175843,,,,,False,0.9354838709677419,drag_drop,False,explore,try_then_correct,True,explore,cars,False,explore
False,1.0,24,63,3,0.0,,,,,False,0.937984496124031,drag_drop,False,explore,try_then_correct,True,explore,ocean,True,explore
False,1.0,25,63,3,0.0,,,,,False,0.9402985074626866,drag_drop,False,explore,try_then_correct,True,explore,ocean,True,explore
False,1.0,26,63,3,0.0,,,,,False,0.9424460431654677,drag_drop,False,explore,try_then_correct,True,explore,cars,False,explore
False,1.0,27,63,3,0.0,,,,,False,0.9444444444444444,drag_drop,False,explore,try_then_correct,True,explore,ocean,True,explore
False,1.0,28,63,3,0.0,,,,,False,0.9463087248322147,drag_drop,False,explore,try_then_correct,True,explore,ocean,True,explore
False,0.8,29,63,3,0.0,,,,,False,0.9415584415584416,drag_drop,False,explore,try_then_correct,True,explore,ocean,True,explore
False,1.0,30,63,3,0.0,,,,,False,0.9433962264150944,drag_drop,False,explore,try_then_correct,True,explore,ocean,True,explore
False,1.0,31,63,3,0.0,,,,,False,0.9451219512195121,drag_drop,False,explore,try_then_correct,True,explore,ocean,True,explore
False,1.0,32,63,3,0.0,,,,,False,0.9467455621301775,drag_drop,False,explore,try_then_correct,True,explore,ocean,True,explore
False,1.0,33,63,3,0.0,,,,,False,0.9482758620689655,drag_drop,False,explore,try_then_correct,True,explore,ocean,True,explore
False,0.6,34,63,3,0.2483850083758088,,,,,False,0.9385474860335196,drag_drop,False,explore,try_then_correct,True,explore,space,False,explore
False,1.0,35,63,3,0.0,,,,,False,0.9402173913043478,drag_drop,False,explore,try_then_correct,True,explore,ocean,True,explore
False,1.0,36,63,3,0.0,,,,,False,0.9417989417989417,drag_drop,False,explore,try_then_correct,True,explore,ocean,True,explore
False,0.8,37,63,3,0.0,,,,,False,0.9381443298969072,drag_drop,False,explore,try_then_correct,True,explore,cars,False,explore
False,1.0,38,63,3,0.0,,,,,False,0.9396984924623115,drag_drop,False,explore,try_then_correct,True,explore,cars,False,explore
False,0.8,39,63,3,0.03548357262511555,,,,,False,0.9362745098039216,drag_drop,False,explore,try_then_correct,True,explore,ocean,True,explore
False,0.8,0,64,1,0.0,,,,,False,0.6666666666666666,tap,False,explore,errorless,True,explore,dino,False,explore
False,1.0,1,64,2,0.0,,,,,False,0.7857142857142857,tap,False,explore,errorless,True,explore,ocean,False,explore
False,1.0,2,64,3,0.0,,,,,False,0.8421052631578947,tap,False,explore,errorless,True,explore,ocean,False,explore
False,0.8,3,64,3,0.0,,,,,False,0.8333333333333334,tap,False,explore,errorless,True,explore,dino,False,explore
False,1.0,4,64,3,0.0,,,,,False,0.8620689655172413,tap,False,explore,errorless,True,explore,cars,True,explore
False,1.0,5,64,3,0.0,,,,,False,0.8823529411764706,drag_drop,True,explore,errorless,True,explore,cars,True,explore
False,1.0,6,64,3,0.0,,,,,False,0.8974358974358975,drag_drop,True,explore,errorless,True,explore,cars,True,explore
False,1.0,7,64,3,0.0,,,,,False,0.9090909090909091,drag_drop,True,explore,errorless,True,explore,cars,True,explore
False,1.0,8,64,3,0.0,,,,,False,0.9183673469387755,tap,False,explore,errorless,True,explore,cars,True,explore
False,0.8,9,64,3,0.11568700298987636,,,,,False,0.9074074074074074,drag_drop,True,explore,errorless,True,explore,dino,False,explore
False,1.0,10,64,3,0.0,,,,,False,0.9152542372881356,tap,False,explore,errorless,True,explore,cars,True,explore
False,1.0,11,64,3,0.0,,,,,False,0.921875,drag_drop,True,explore,errorless,True,explore,cars,True,explore
False,0.8,12,64,3,0.03680950095132429,,,,,False,0.9130434782608695,tap,False,explore,errorless,True,explore,cars,True,explore
False,1.0,13,64,3,0.0,,,,,False,0.9189189189189187,tap,False,explore,errorless,True,explore,cars,True,explore
False,1.0,14,64,3,0.0,,,,,False,0.9240506329113922,drag_drop,True,explore,errorless,True,explore,cars,True,explore
False,1.0,15,64,3,0.0,,,,,False,0.9285714285714284,drag_drop,True,explore,errorless,True,explore,cars,True,explore
False,1.0,16,64,3,0.0,,,,,False,0.9325842696629212,drag_drop,True,explore,errorless,True,explore,space,False,explore
False,0.8,17,64,3,0.06310200163084165,,,,,False,0.9255319148936169,drag_drop,True,explore,errorless,True,explore,cars,True,explore
False,1.0,18,64,3,0.0,,,,,False,0.9292929292929292,tap,False,explore,errorless,True,explore,cars,True,explore
False,1.0,19,64,3,0.0,,,,,False,0.9326923076923076,drag_drop,True,explore,errorless,True,explore,ocean,False,explore
False,1.0,20,64,3,0.0,,,,,False,0.9357798165137613,drag_drop,True,explore,errorless,True,explore,cars,True,explore
False,1.0,21,64,3,0.0,,,,,False,0.9385964912280701,drag_drop,True,explore,errorless,True,explore,dino,False,explore
False,1.0,22,64,3,0.0,,,,,False,0.9411764705882352,tap,False,explore,errorless,True,explore,cars,True,explore
False,1.0,23,64,3,0.0,,,,,False,0.9435483870967741,tap,False,explore,errorless,True,explore,cars,True,explore
False,1.0,24,64,3,0.0,,,,,False,0.945736434108527,drag_drop,True,explore,errorless,True,explore,cars,True,explore
False,1.0,25,64,3,0.0,,,,,False,0.9477611940298507,tap,False,explore,errorless,True,explore,cars,True,explore
False,1.0,26,64,3,0.0,,,,,False,0.9496402877697842,tap,False,explore,errorless,True,explore,cars,True,explore
False,1.0,27,64,3,0.0,,,,,False,0.9513888888888888,drag_drop,True,explore,errorless,True,explore,ocean,False,explore
False,1.0,28,64,3,0.0,,,,,False,0.9530201342281879,drag_drop,True,explore,errorless,True,explore,cars,True,explore
False,1.0,29,64,3,0.0,,,,,False,0.9545454545454546,tap,False,explore,errorless,True,explore,cars,True,explore
False,0.8,30,64,3,0.16827200434891104,,,,,False,0.949685534591195,tap,False,explore,errorless,True,explore,space,False,explore
False,1.0,31,64,3,0.0,,,,,False,0.9512195121951219,drag_drop,True,explore,errorless,True,explore,cars,True,explore
False,1.0,32,64,3,0.0,,,,,False,0.9526627218934911,drag_drop,True,explore,errorless,True,explore,cars,True,explore
False,0.8,33,64,3,0.0,,,,,False,0.9482758620689655,drag_drop,True,explore,errorless,True,explore,cars,True,explore
False,1.0,34,64,3,0.0,,,,,False,0.9497206703910615,drag_drop,True,explore,errorless,True,explore,cars,True,explore
False,0.8,35,64,3,0.0,,,,,False,0.9456521739130435,drag_drop,True,explore,errorless,True,explore,cars,True,explore
False,1.0,36,64,3,0.0,,,,,False,0.9470899470899471,drag_drop,True,explore,errorless,True,explore,cars,True,explore
False,1.0,37,64,3,0.0,,,,,False,0.9484536082474226,drag_drop,True,explore,errorless,True,explore,cars,True,explore
False,0.8,38,64,3,0.0,,,,,False,0.9447236180904522,drag_drop,True,explore,errorless,True,explore,cars,True,explore
False,1.0,39,64,3,0.0,,,,,False,0.946078431372549,drag_drop,True,explore,errorless,True,explore,cars,True,explore
False,1.0,0,65,1,0.0,,,,,False,0.7777777777777778,tap,True,explore,errorless,True,explore,space,False,explore
False,1.0,1,65,2,0.0,,,,,False,0.8571428571428571,tap,True,explore,errorless,True,explore,space,False,explore
False,1.0,2,65,3,0.0,,,,,False,0.8947368421052632,tap,True,explore,errorless,True,explore,space,False,explore
False,1.0,3,65,3,0.0,,,,,False,0.9166666666666666,tap,True,explore,errorless,True,explore,space,False,explore
False,1.0,4,65,3,0.0,,,,,False,0.9310344827586207,tap,True,explore,errorless,True,explore,space,False,explore
False,1.0,5,65,3,0.0,,,,,False,0.9411764705882353,tap,True,explore,errorless,True,explore,ocean,True,explore
False,1.0,6,65,3,0.0,,,,,False,0.9487179487179487,tap,True,explore,errorless,True,explore,space,False,explore
False,1.0,7,65,3,0.0,,,,,False,0.9545454545454546,tap,True,explore,errorless,True,explore,space,False,explore
False,1.0,8,65,3,0.0,,,,,False,0.9591836734693877,tap,True,explore,errorless,True,explore,space,False,explore
False,1.0,9,65,3,0.0,,,,,False,0.9629629629629629,tap,True,explore,errorless,True,explore,space,False,explore
False,1.0,10,65,3,0.0,,,,,False,0.9661016949152542,tap,True,explore,errorless,True,explore,space,False,explore
False,1.0,11,65,3,0.0,,,,,False,0.96875,tap,True,explore,errorless,True,explore,space,False,explore
False,1.0,12,65,3,0.0,,,,,False,0.9710144927536232,tap,True,explore,errorless,True,explore,space,False,explore
False,1.0,13,65,3,0.0,,,,,False,0.972972972972973,tap,True,explore,errorless,True,explore,space,False,explore
False,1.0,14,65,3,0.0,,,,,False,0.9746835443037974,tap,True,explore,errorless,True,explore,space,False,explore
False,1.0,15,65,3,0.0,,,,,False,0.9761904761904762,tap,True,exploit,errorless,True,exploit,space,False,explore
False,1.0,16,65,3,0.0,,,,,False,0.9775280898876404,tap,True,exploit,errorless,True,exploit,space,False,explore
False,1.0,17,65,3,0.0,,,,,False,0.9787234042553191,tap,True,exploit,errorless,True,exploit,space,False,explore
False,0.8,18,65,3,0.0,,,,,False,0.9696969696969697,tap,True,exploit,errorless,True,exploit,space,False,explore
False,1.0,19,65,3,0.0,,,,,False,0.9711538461538461,tap,True,explore,errorless,True,explore,space,False,explore
False,0.8,20,65,3,0.0,,,,,False,0.963302752293578,tap,True,exploit,errorless,True,exploit,space,False,explore
False,1.0,21,65,3,0.0,,,,,False,0.9649122807017544,tap,True,explore,errorless,True,explore,space,False,explore
False,1.0,22,65,3,0.0,,,,,False,0.9663865546218487,tap,True,explore,errorless,True,explore,space,False,explore
False,1.0,23,65,3,0.0,,,,,False,0.967741935483871,tap,True,explore,errorless,True,explore,space,False,explore
False,1.0,24,65,3,0.0,,,,,False,0.9689922480620154,tap,True,explore,errorless,True,explore,space,False,explore
False,1.0,25,65,3,0.0,,,,,False,0.9701492537313433,tap,True,exploit,errorless,True,exploit,space,False,explore
False,1.0,26,65,3,0.0,,,,,False,0.9712230215827338,tap,True,exploit,errorless,True,exploit,space,False,explore
False,1.0,27,65,3,0.0,,,,,False,0.9722222222222222,tap,True,exploit,errorless,True,exploit,space,False,explore
False,1.0,28,65,3,0.0,,,,,False,0.9731543624161074,tap,True,exploit,errorless,True,exploit,space,False,explore
False,1.0,29,65,3,0.0,,,,,False,0.974025974025974,tap,True,exploit,errorless,True,exploit,space,False,explore
False,1.0,30,65,3,0.0,,,,,False,0.9748427672955975,tap,True,exploit,errorless,True,exploit,space,False,explore
False,1.0,31,65,3,0.0,,,,,False,0.975609756097561,tap,True,exploit,errorless,True,exploit,space,False,explore
False,1.0,32,65,3,0.0,,,,,False,0.9763313609467456,tap,True,exploit,errorless,True,exploit,space,False,explore
False,1.0,33,65,3,0.0,,,,,False,0.9770114942528736,tap,True,exploit,errorless,True,exploit,space,False,explore
False,1.0,34,65,3,0.0,,,,,False,0.9776536312849162,tap,True,exploit,errorless,True,exploit,space,False,explore
False,1.0,35,65,3,0.0,,,,,False,0.9782608695652174,tap,True,exploit,errorless,True,exploit,space,False,explore
False,1.0,36,65,3,0.0,,,,,False,0.9788359788359788,tap,True,exploit,errorless,True,exploit,space,False,explore
False,1.0,37,65,3,0.0,,,,,False,0.979381443298969,tap,True,exploit,errorless,True,exploit,space,False,explore
False,1.0,38,65,3,0.0,,,,,False,0.9798994974874372,tap,True,exploit,errorless,True,exploit,space,False,explore
False,1.0,39,65,3,0.0,,,,,False,0.9803921568627451,tap,True,exploit,errorless,True,exploit,space,False,explore
True,0.3333333333333333,0,66,1,0.3672304295044145,,,,,False,0.42857142857142855,tap,False,explore,errorless,False,explore,space,False,explore
False,1.0,1,66,1,0.0,,,,,False,0.6666666666666666,drag_drop,True,explore,errorless,False,explore,cars,True,explore
False,1.0,2,66,2,0.0,,,,,False,0.7647058823529411,drag_drop,True,explore,errorless,False,explore,cars,True,explore
False,0.6,3,66,3,0.14864088813273918,,,,,False,0.7272727272727273,drag_drop,True,explore,errorless,False,explore,ocean,False,explore
False,1.0,4,66,3,0.0,,,,,False,0.7777777777777778,drag_drop,True,explore,try_then_correct,True,explore,cars,True,explore
False,1.0,5,66,3,0.0,,,,,False,0.8125,tap,False,explore,try_then_correct,True,explore,cars,True,explore
False,1.0,6,66,3,0.0,,,,,False,0.837837837837838,drag_drop,True,explore,try_then_correct,True,explore,cars,True,explore
False,1.0,7,66,3,0.0,,,,,False,0.8571428571428573,drag_drop,True,explore,try_then_correct,True,explore,cars,True,explore
False,1.0,8,66,3,0.0,,,,,False,0.872340425531915,drag_drop,True,explore,try_then_correct,True,explore,cars,True,explore
False,1.0,9,66,3,0.0,,,,,False,0.8846153846153848,drag_drop,True,explore,try_then_correct,True,explore,cars,True,exploit
False,1.0,10,66,3,0.0,,,,,False,0.8947368421052633,drag_drop,True,explore,try_then_correct,True,explore,cars,True,exploit
False,1.0,11,66,3,0.0,,,,,False,0.903225806451613,drag_drop,True,explore,try_then_correct,True,explore,cars,True,exploit
False,1.0,12,66,3,0.0,,,,,False,0.9104477611940299,drag_drop,True,explore,try_then_correct,True,explore,cars,True,exploit
False,1.0,13,66,3,0.0,,,,,False,0.9166666666666666,drag_drop,True,explore,try_then_correct,True,explore,cars,True,exploit
False,1.0,14,66,3,0.0,,,,,False,0.922077922077922,drag_drop,True,explore,try_then_correct,True,exploit,cars,True,exploit
False,1.0,15,66,3,0.0,,,,,False,0.926829268292683,drag_drop,True,explore,try_then_correct,True,exploit,cars,True,exploit
False,0.8,16,66,3,0.0,,,,,False,0.9195402298850575,drag_drop,True,explore,try_then_correct,True,exploit,cars,True,exploit
False,1.0,17,66,3,0.0,,,,,False,0.9239130434782609,drag_drop,True,explore,try_then_correct,True,explore,cars,True,exploit
False,0.8,18,66,3,0.0,,,,,False,0.9175257731958762,drag_drop,True,explore,try_then_correct,True,exploit,cars,True,exploit
False,1.0,19,66,3,0.0,,,,,False,0.9215686274509803,drag_drop,True,explore,try_then_correct,True,explore,cars,True,exploit
False,1.0,20,66,3,0.0,,,,,False,0.9252336448598131,drag_drop,True,explore,try_then_correct,True,explore,cars,True,exploit
False,0.8,21,66,3,0.0,,,,,False,0.9196428571428571,drag_drop,True,explore,try_then_correct,True,exploit,cars,True,exploit
False,1.0,22,66,3,0.0,,,,,False,0.9230769230769231,drag_drop,True,explore,try_then_correct,True,explore,cars,True,exploit
False,0.8,23,66,3,0.0,,,,,False,0.9180327868852459,drag_drop,True,explore,try_then_correct,True,explore,cars,True,exploit
False,1.0,24,66,3,0.0,,,,,False,0.9212598425196851,drag_drop,True,explore,try_then_correct,True,explore,cars,True,exploit
False,1.0,25,66,3,0.0,,,,,False,0.9242424242424242,drag_drop,True,explore,try_then_correct,True,explore,cars,True,exploit
False,1.0,26,66,3,0.0,,,,,False,0.927007299270073,drag_drop,True,explore,try_then_correct,True,explore,cars,True,exploit
False,1.0,27,66,3,0.0,,,,,False,0.9295774647887324,drag_drop,True,explore,try_then_correct,True,exploit,cars,True,exploit
False,0.8,28,66,3,0.0,,,,,False,0.9251700680272109,drag_drop,True,explore,try_then_correct,True,exploit,cars,True,exploit
False,0.8,29,66,3,0.0,,,,,False,0.9210526315789473,drag_drop,True,explore,try_then_correct,True,explore,cars,True,exploit
False,1.0,30,66,3,0.0,,,,,False,0.9235668789808917,drag_drop,True,explore,try_then_correct,True,explore,cars,True,exploit
False,1.0,31,66,3,0.0,,,,,False,0.9259259259259259,drag_drop,True,explore,try_then_correct,True,explore,cars,True,exploit
False,1.0,32,66,3,0.0,,,,,False,0.9281437125748503,drag_drop,True,explore,try_then_correct,True,explore,cars,True,exploit
False,1.0,33,66,3,0.0,,,,,False,0.9302325581395349,drag_drop,True,explore,try_then_correct,True,exploit,cars,True,exploit
False,1.0,34,66,3,0.0,,,,,False,0.9322033898305084,drag_drop,True,explore,try_then_correct,True,exploit,cars,True,exploit
False,1.0,35,66,3,0.0,,,,,False,0.9340659340659341,drag_drop,True,explore,try_then_correct,True,exploit,cars,True,exploit
False,1.0,36,66,3,0.0,,,,,False,0.9358288770053476,drag_drop,True,explore,try_then_correct,True,exploit,cars,True,exploit
False,1.0,37,66,3,0.0,,,,,False,0.9375,drag_drop,True,explore,try_then_correct,True,exploit,cars,True,exploit
False,1.0,38,66,3,0.0,,,,,False,0.9390862944162437,drag_drop,True,explore,try_then_correct,True,exploit,cars,True,exploit
False,1.0,39,66,3,0.0,,,,,False,0.9405940594059405,drag_drop,True,explore,try_then_correct,True,exploit,cars,True,exploit
False,0.6,0,67,1,0.08141477740347212,,,,,False,0.5555555555555556,drag_drop,True,explore,errorless,False,explore,cars,False,explore
False,1.0,1,67,1,0.0,,,,,False,0.7142857142857143,drag_drop,True,explore,try_then_correct,True,explore,dino,False,explore
False,1.0,2,67,2,0.0,,,,,False,0.7894736842105263,drag_drop,True,explore,try_then_correct,True,explore,ocean,True,explore
False,1.0,3,67,3,0.0,,,,,False,0.8333333333333334,drag_drop,True,explore,try_then_correct,True,explore,ocean,True,explore
False,1.0,4,67,3,0.0,,,,,False,0.8620689655172413,drag_drop,True,explore,try_then_correct,True,explore,ocean,True,explore
False,1.0,5,67,3,0.0,,,,,False,0.8823529411764706,drag_drop,True,explore,try_then_correct,True,explore,ocean,True,explore
False,1.0,6,67,3,0.0,,,,,False,0.8974358974358975,drag_drop,True,explore,try_then_correct,True,explore,ocean,True,explore
False,0.8,7,67,3,0.0,,,,,False,0.8863636363636364,drag_drop,True,explore,try_then_correct,True,explore,ocean,True,explore
False,1.0,8,67,3,0.0,,,,,False,0.8979591836734694,drag_drop,True,explore,try_then_correct,True,explore,ocean,True,explore
False,1.0,9,67,3,0.0,,,,,False,0.9074074074074074,drag_drop,True,explore,try_then_correct,True,explore,cars,False,explore
False,1.0,10,67,3,0.0,,,,,False,0.9152542372881356,drag_drop,True,explore,try_then_correct,True,exploit,ocean,True,explore
False,1.0,11,67,3,0.0,,,,,False,0.921875,drag_drop,True,explore,try_then_correct,True,exploit,ocean,True,explore
False,1.0,12,67,3,0.0,,,,,False,0.927536231884058,drag_drop,True,explore,try_then_correct,True,exploit,ocean,True,explore
False,1.0,13,67,3,0.0,,,,,False,0.9324324324324325,drag_drop,True,explore,try_then_correct,True,exploit,ocean,True,explore
False,1.0,14,67,3,0.0,,,,,False,0.9367088607594937,drag_drop,True,explore,try_then_correct,True,exploit,ocean,True,explore
False,1.0,15,67,3,0.0,,,,,False,0.9404761904761905,drag_drop,True,explore,try_then_correct,True,exploit,ocean,True,explore
False,1.0,16,67,3,0.0,,,,,False,0.9438202247191011,drag_drop,True,explore,try_then_correct,True,exploit,ocean,True,explore
False,1.0,17,67,3,0.0,,,,,False,0.9468085106382979,drag_drop,True,explore,try_then_correct,True,exploit,ocean,True,explore
False,1.0,18,67,3,0.0,,,,,False,0.9494949494949495,drag_drop,True,explore,try_then_correct,True,exploit,ocean,True,explore
False,0.8,19,67,3,0.0,,,,,False,0.9423076923076923,drag_drop,True,explore,try_then_correct,True,exploit,ocean,True,explore
False,1.0,20,67,3,0.0,,,,,False,0.944954128440367,drag_drop,True,explore,try_then_correct,True,exploit,ocean,True,explore
False,1.0,21,67,3,0.0,,,,,False,0.9473684210526315,drag_drop,True,explore,try_then_correct,True,exploit,cars,False,explore
False,1.0,22,67,3,0.0,,,,,False,0.9495798319327731,drag_drop,True,explore,try_then_correct,True,exploit,dino,False,explore
False,1.0,23,67,3,0.0,,,,,False,0.9516129032258065,drag_drop,True,explore,try_then_correct,True,exploit,ocean,True,explore
False,1.0,24,67,3,0.0,,,,,False,0.9534883720930233,drag_drop,True,explore,try_then_correct,True,exploit,ocean,True,explore
False,1.0,25,67,3,0.0,,,,,False,0.9552238805970149,drag_drop,True,explore,try_then_correct,True,exploit,ocean,True,explore
False,1.0,26,67,3,0.0,,,,,False,0.9568345323741008,drag_drop,True,explore,try_then_correct,True,exploit,ocean,True,explore
False,1.0,27,67,3,0.0,,,,,False,0.9583333333333334,drag_drop,True,explore,try_then_correct,True,exploit,ocean,True,explore
False,1.0,28,67,3,0.0,,,,,False,0.959731543624161,drag_drop,True,explore,try_then_correct,True,exploit,ocean,True,explore
False,1.0,29,67,3,0.0,,,,,False,0.961038961038961,drag_drop,True,explore,try_then_correct,True,exploit,ocean,True,explore
False,1.0,30,67,3,0.0,,,,,False,0.9622641509433962,drag_drop,True,explore,try_then_correct,True,exploit,ocean,True,explore
False,1.0,31,67,3,0.0,,,,,False,0.9634146341463414,drag_drop,True,explore,try_then_correct,True,exploit,dino,False,explore
False,0.6,32,67,3,0.05141985941271925,,,,,False,0.9526627218934911,drag_drop,True,explore,try_then_correct,True,exploit,ocean,True,explore
False,1.0,33,67,3,0.0,,,,,False,0.9540229885057471,drag_drop,True,explore,try_then_correct,True,explore,ocean,True,explore
False,1.0,34,67,3,0.0,,,,,False,0.9553072625698324,drag_drop,True,explore,try_then_correct,True,exploit,ocean,True,explore
False,1.0,35,67,3,0.0,,,,,False,0.9565217391304348,drag_drop,True,explore,try_then_correct,True,exploit,dino,False,explore
False,1.0,36,67,3,0.0,,,,,False,0.9576719576719577,drag_drop,True,explore,try_then_correct,True,exploit,ocean,True,explore
False,1.0,37,67,3,0.0,,,,,False,0.9587628865979382,drag_drop,True,explore,try_then_correct,True,exploit,ocean,True,explore
False,1.0,38,67,3,0.0,,,,,False,0.9597989949748744,drag_drop,True,explore,try_then_correct,True,exploit,ocean,True,explore
False,1.0,39,67,3,0.0,,,,,False,0.9607843137254902,drag_drop,True,explore,try_then_correct,True,exploit,ocean,True,explore
False,1.0,0,68,1,0.0,,,,,False,0.7777777777777778,tap,False,explore,errorless,False,explore,dino,False,explore
False,0.8,1,68,2,0.0,,,,,False,0.7857142857142857,tap,False,explore,errorless,False,explore,space,False,explore
False,1.0,2,68,3,0.0,,,,,False,0.8421052631578947,tap,False,explore,errorless,False,explore,dino,False,explore
False,0.8,3,68,3,0.0,,,,,False,0.8333333333333334,tap,False,explore,errorless,False,explore,dino,False,explore
False,1.0,4,68,3,0.0,,,,,False,0.8620689655172413,tap,False,explore,errorless,False,explore,dino,False,explore
False,0.6,5,68,3,0.5035570865870523,,,,,False,0.8235294117647058,tap,False,explore,errorless,False,explore,dino,False,explore
True,,6,68,3,0.20142283463482094,,,,,False,0.8235294117647058,tap,False,explore,errorless,False,explore,dino,False,explore
False,1.0,7,68,3,0.0,,,,,False,0.8461538461538464,tap,False,explore,errorless,False,explore,dino,False,explore
False,1.0,8,68,3,0.0,,,,,False,0.8636363636363638,tap,False,explore,try_then_correct,True,explore,cars,True,explore
False,1.0,9,68,3,0.0,,,,,False,0.8775510204081635,tap,False,explore,errorless,False,explore,space,False,explore
False,0.8,10,68,3,0.1918312710807818,,,,,False,0.8703703703703705,drag_drop,True,explore,errorless,False,explore,space,False,explore
True,0.5,11,68,3,0.3536889060551915,,,,,False,0.8571428571428573,tap,False,explore,errorless,False,explore,dino,False,explore
False,1.0,12,68,2,0.0,,,,,False,0.8688524590163935,tap,False,explore,try_then_correct,True,explore,dino,False,explore
False,1.0,13,68,3,0.0,,,,,False,0.8787878787878789,tap,False,explore,errorless,False,explore,space,False,explore
False,0.8,14,68,3,0.07193672665529321,,,,,False,0.8732394366197184,tap,False,explore,errorless,False,explore,space,False,explore
False,1.0,15,68,3,0.0,,,,,False,0.881578947368421,tap,False,explore,try_then_correct,True,explore,cars,True,explore
False,1.0,16,68,3,0.0,,,,,False,0.8888888888888888,tap,False,explore,errorless,False,explore,dino,False,explore
False,1.0,17,68,3,0.0,,,,,False,0.8953488372093024,tap,False,explore,try_then_correct,True,explore,cars,True,explore
False,1.0,18,68,3,0.0,,,,,False,0.9010989010989011,tap,False,explore,try_then_correct,True,explore,dino,False,explore
False,0.6,19,68,3,0.1318839988680375,,,,,False,0.8854166666666666,tap,False,explore,try_then_correct,True,explore,cars,True,explore
False,0.8,20,68,3,0.0,,,,,False,0.8811881188118812,tap,False,explore,try_then_correct,True,explore,dino,False,explore
False,1.0,21,68,3,0.0,,,,,False,0.8867924528301887,tap,False,explore,try_then_correct,True,explore,space,False,explore
False,1.0,22,68,3,0.0,,,,,False,0.8918918918918919,tap,False,explore,try_then_correct,True,explore,dino,False,explore
False,0.6,23,68,3,0.20382072552333064,,,,,False,0.8793103448275862,tap,False,explore,try_then_correct,True,explore,dino,False,explore
False,1.0,24,68,3,0.0,,,,,False,0.8842975206611571,tap,False,explore,try_then_correct,True,explore,dino,False,explore
False,1.0,25,68,3,0.0,,,,,False,0.8888888888888888,tap,False,explore,try_then_correct,True,explore,space,False,explore
False,1.0,26,68,3,0.0,,,,,False,0.8931297709923665,tap,False,explore,try_then_correct,True,explore,dino,False,explore
False,1.0,27,68,3,0.0,,,,,False,0.8970588235294118,tap,False,explore,try_then_correct,True,explore,dino,False,explore
False,1.0,28,68,3,0.0,,,,,False,0.900709219858156,tap,False,explore,errorless,False,explore,space,False,explore
False,1.0,29,68,3,0.0,,,,,False,0.9041095890410958,tap,False,explore,try_then_correct,True,explore,space,False,explore
False,0.8,30,68,3,0.25177854329352617,,,,,False,0.9006622516556292,tap,False,explore,errorless,False,explore,space,False,explore
False,0.8,31,68,3,0.08392618109784206,,,,,False,0.8974358974358975,tap,False,explore,errorless,False,explore,cars,True,explore
False,1.0,32,68,3,0.0,,,,,False,0.9006211180124224,tap,False,explore,try_then_correct,True,explore,space,False,explore
False,0.8,33,68,3,0.10191036276166532,,,,,False,0.8975903614457831,tap,False,explore,try_then_correct,True,explore,space,False,explore
False,0.8,34,68,3,0.1918312710807818,,,,,False,0.8947368421052632,tap,False,explore,try_then_correct,True,explore,space,False,explore
False,1.0,35,68,3,0.0,,,,,False,0.8977272727272727,tap,False,explore,try_then_correct,True,explore,space,False,explore
False,1.0,36,68,3,0.0,,,,,False,0.9005524861878453,tap,False,explore,try_then_correct,True,explore,space,False,explore
False,1.0,37,68,3,0.0,,,,,False,0.9032258064516129,tap,False,explore,try_then_correct,True,explore,dino,False,explore
False,0.8,38,68,3,0.0,,,,,False,0.900523560209424,tap,False,explore,try_then_correct,True,explore,dino,False,explore
False,1.0,39,68,3,0.0,,,,,False,0.9030612244897959,tap,False,explore,try_then_correct,True,explore,cars,True,explore
True,0.0,0,69,1,1.0,,,,,False,0.25,tap,False,explore,errorless,False,explore,dino,False,explore
False,1.0,1,69,1,0.0,,,,,False,0.5384615384615384,drag_drop,True,explore,try_then_correct,True,explore,cars,True,explore
False,1.0,2,69,2,0.0,,,,,False,0.6666666666666666,drag_drop,True,explore,try_then_correct,True,explore,cars,True,explore
False,0.8,3,69,3,0.0,,,,,False,0.6956521739130433,drag_drop,True,exploit,try_then_correct,True,exploit,space,False,explore
False,1.0,4,69,3,0.0,,,,,False,0.7499999999999999,drag_drop,True,exploit,try_then_correct,True,exploit,cars,True,explore
False,0.8,5,69,3,0.0,,,,,False,0.7575757575757575,drag_drop,True,exploit,try_then_correct,True,exploit,cars,True,explore
False,0.8,6,69,3,0.07295466094704127,,,,,False,0.7631578947368421,drag_drop,True,exploit,try_then_correct,True,exploit,cars,True,explore
False,1.0,7,69,3,0.0,,,,,False,0.7906976744186046,drag_drop,True,exploit,try_then_correct,True,exploit,space,False,explore
False,1.0,8,69,3,0.0,,,,,False,0.8125,drag_drop,True,exploit,try_then_correct,True,exploit,cars,True,explore
False,1.0,9,69,3,0.0,,,,,False,0.8301886792452831,drag_drop,True,exploit,try_then_correct,True,exploit,ocean,False,explore
False,0.8,10,69,3,0.0,,,,,False,0.8275862068965517,drag_drop,True,exploit,try_then_correct,True,exploit,cars,True,explore
False,1.0,11,69,3,0.0,,,,,False,0.8412698412698413,drag_drop,True,exploit,try_then_correct,True,exploit,cars,True,explore
False,1.0,12,69,3,0.0,,,,,False,0.8529411764705882,drag_drop,True,exploit,try_then_correct,True,exploit,cars,True,explore
False,1.0,13,69,3,0.0,,,,,False,0.863013698630137,drag_drop,True,exploit,try_then_correct,True,exploit,ocean,False,explore
False,1.0,14,69,3,0.0,,,,,False,0.8717948717948718,drag_drop,True,exploit,try_then_correct,True,exploit,ocean,False,explore
False,0.8,15,69,3,0.042556885552440735,,,,,False,0.8674698795180723,drag_drop,True,exploit,try_then_correct,True,exploit,ocean,False,explore
False,1.0,16,69,3,0.0,,,,,False,0.875,drag_drop,True,exploit,try_then_correct,True,exploit,cars,True,explore
False,1.0,17,69,3,0.0,,,,,False,0.8817204301075269,drag_drop,True,exploit,try_then_correct,True,exploit,cars,True,explore
False,0.8,18,69,3,0.042556885552440735,,,,,False,0.8775510204081632,drag_drop,True,exploit,try_then_correct,True,exploit,ocean,False,explore
False,0.8,19,69,3,0.0,,,,,False,0.8737864077669902,drag_drop,True,exploit,try_then_correct,True,exploit,cars,True,explore
False,1.0,20,69,3,0.0,,,,,False,0.8796296296296297,drag_drop,True,exploit,try_then_correct,True,exploit,cars,True,explore
False,1.0,21,69,3,0.0,,,,,False,0.8849557522123894,drag_drop,True,exploit,try_then_correct,True,exploit,cars,True,explore
False,1.0,22,69,3,0.0,,,,,False,0.8898305084745762,drag_drop,True,exploit,try_then_correct,True,exploit,cars,True,explore
False,1.0,23,69,3,0.0,,,,,False,0.8943089430894309,drag_drop,True,exploit,try_then_correct,True,exploit,cars,True,explore
False,1.0,24,69,3,0.0,,,,,False,0.8984375,drag_drop,True,exploit,try_then_correct,True,exploit,cars,True,explore
False,1.0,25,69,3,0.0,,,,,False,0.9022556390977443,drag_drop,True,exploit,try_then_correct,True,exploit,cars,True,explore
False,1.0,26,69,3,0.0,,,,,False,0.9057971014492754,drag_drop,True,exploit,try_then_correct,True,exploit,cars,True,explore
False,1.0,27,69,3,0.0,,,,,False,0.9090909090909091,drag_drop,True,exploit,try_then_correct,True,exploit,cars,True,explore
False,1.0,28,69,3,0.0,,,,,False,0.9121621621621622,drag_drop,True,exploit,try_then_correct,True,exploit,cars,True,explore
False,0.8,29,69,3,0.0,,,,,False,0.9084967320261438,drag_drop,True,exploit,try_then_correct,True,exploit,cars,True,explore
False,1.0,30,69,3,0.0,,,,,False,0.9113924050632911,drag_drop,True,exploit,try_then_correct,True,exploit,ocean,False,explore
False,1.0,31,69,3,0.0,,,,,False,0.9141104294478528,drag_drop,True,exploit,try_then_correct,True,exploit,cars,True,explore
False,1.0,32,69,3,0.0,,,,,False,0.9166666666666666,drag_drop,True,exploit,try_then_correct,True,exploit,cars,True,explore
False,1.0,33,69,3,0.0,,,,,False,0.9190751445086706,drag_drop,True,exploit,try_then_correct,True,exploit,cars,True,explore
False,1.0,34,69,3,0.0,,,,,False,0.9213483146067416,drag_drop,True,exploit,try_then_correct,True,exploit,cars,True,explore
False,1.0,35,69,3,0.0,,,,,False,0.9234972677595629,drag_drop,True,exploit,try_then_correct,True,exploit,cars,True,explore
False,1.0,36,69,3,0.0,,,,,False,0.925531914893617,drag_drop,True,exploit,try_then_correct,True,exploit,cars,True,explore
False,1.0,37,69,3,0.0,,,,,False,0.927461139896373,drag_drop,True,exploit,try_then_correct,True,exploit,cars,True,explore
False,1.0,38,69,3,0.0,,,,,False,0.9292929292929293,drag_drop,True,exploit,try_then_correct,True,exploit,cars,True,explore
False,0.6,39,69,3,0.07295466094704127,,,,,False,0.9211822660098522,drag_drop,True,exploit,try_then_correct,True,exploit,cars,True,explore
False,1.0,0,70,1,0.0,,,,,False,0.7777777777777778,drag_drop,False,explore,try_then_correct,True,explore,cars,False,explore
False,1.0,1,70,2,0.0,,,,,False,0.8571428571428571,tap,True,explore,try_then_correct,True,explore,dino,False,explore
False,1.0,2,70,3,0.0,,,,,False,0.8947368421052632,tap,True,explore,try_then_correct,True,explore,dino,False,explore
False,1.0,3,70,3,0.0,,,,,False,0.9166666666666666,tap,True,explore,try_then_correct,True,explore,dino,False,explore
False,1.0,4,70,3,0.0,,,,,False,0.9310344827586207,tap,True,explore,try_then_correct,True,explore,dino,False,explore
False,1.0,5,70,3,0.0,,,,,False,0.9411764705882353,tap,True,explore,errorless,False,explore,cars,False,explore
False,1.0,6,70,3,0.0,,,,,False,0.9487179487179487,tap,True,explore,try_then_correct,True,explore,cars,False,explore
False,1.0,7,70,3,0.0,,,,,False,0.9545454545454546,tap,True,explore,try_then_correct,True,explore,dino,False,explore
False,1.0,8,70,3,0.0,,,,,False,0.9591836734693877,drag_drop,False,explore,try_then_correct,True,explore,dino,False,explore
False,1.0,9,70,3,0.0,,,,,False,0.9629629629629629,tap,True,explore,try_then_correct,True,explore,cars,False,explore
False,0.8,10,70,3,0.0,,,,,False,0.9491525423728814,drag_drop,False,explore,try_then_correct,True,explore,dino,False,explore
False,1.0,11,70,3,0.0,,,,,False,0.953125,tap,True,explore,try_then_correct,True,explore,dino,False,explore
False,1.0,12,70,3,0.0,,,,,False,0.9565217391304348,tap,True,explore,try_then_correct,True,explore,dino,False,explore
False,1.0,13,70,3,0.0,,,,,False,0.9594594594594594,tap,True,explore,try_then_correct,True,explore,cars,False,explore
False,1.0,14,70,3,0.0,,,,,False,0.9620253164556962,tap,True,explore,try_then_correct,True,explore,dino,False,explore
False,1.0,15,70,3,0.0,,,,,False,0.9642857142857143,drag_drop,False,explore,try_then_correct,True,explore,cars,False,explore
False,1.0,16,70,3,0.0,,,,,False,0.9662921348314607,tap,True,explore,try_then_correct,True,explore,dino,False,explore
False,1.0,17,70,3,0.0,,,,,False,0.9680851063829787,tap,True,explore,try_then_correct,True,explore,dino,False,explore
False,1.0,18,70,3,0.0,,,,,False,0.9696969696969697,tap,True,explore,try_then_correct,True,explore,dino,False,explore
False,0.8,19,70,3,0.0,,,,,False,0.9615384615384616,tap,True,explore,try_then_correct,True,explore,dino,False,explore
False,0.8,20,70,3,0.0,,,,,False,0.9541284403669725,tap,True,explore,try_then_correct,True,explore,dino,False,explore
False,1.0,21,70,3,0.0,,,,,False,0.956140350877193,tap,True,explore,try_then_correct,True,explore,cars,False,explore
False,1.0,22,70,3,0.0,,,,,False,0.957983193277311,tap,True,explore,try_then_correct,True,explore,cars,False,explore
True,0.6666666666666666,23,70,3,0.10798796512025846,,,,,False,0.9508196721311475,tap,True,explore,try_then_correct,True,explore,cars,False,explore
False,1.0,24,70,3,0.0,,,,,False,0.952755905511811,tap,True,explore,try_then_correct,True,explore,cars,False,explore
False,0.8,25,70,3,0.009817087738205277,,,,,False,0.946969696969697,drag_drop,False,explore,try_then_correct,True,explore,dino,False,explore
False,1.0,26,70,3,0.0,,,,,False,0.948905109489051,tap,True,explore,try_then_correct,True,explore,cars,False,explore
False,1.0,27,70,3,0.0,,,,,False,0.9507042253521126,tap,True,explore,try_then_correct,True,explore,dino,False,explore
False,1.0,28,70,3,0.0,,,,,False,0.9523809523809523,tap,True,explore,try_then_correct,True,explore,dino,False,explore
False,1.0,29,70,3,0.0,,,,,False,0.9539473684210527,tap,True,explore,try_then_correct,True,explore,cars,False,explore
False,1.0,30,70,3,0.0,,,,,False,0.9554140127388535,tap,True,explore,try_then_correct,True,explore,cars,False,explore
False,1.0,31,70,3,0.0,,,,,False,0.9567901234567902,drag_drop,False,explore,try_then_correct,True,explore,cars,False,explore
False,1.0,32,70,3,0.0,,,,,False,0.9580838323353293,tap,True,explore,try_then_correct,True,explore,cars,False,explore
False,1.0,33,70,3,0.0,,,,,False,0.9593023255813954,tap,True,explore,try_then_correct,True,explore,dino,False,explore
False,1.0,34,70,3,0.0,,,,,False,0.96045197740113,tap,True,explore,try_then_correct,True,explore,cars,False,explore
False,1.0,35,70,3,0.0,,,,,False,0.9615384615384616,tap,True,explore,try_then_correct,True,explore,cars,False,explore
False,1.0,36,70,3,0.0,,,,,False,0.9625668449197861,tap,True,explore,try_then_correct,True,explore,dino,False,explore
False,1.0,37,70,3,0.0,,,,,False,0.9635416666666666,tap,True,explore,try_then_correct,True,explore,cars,False,explore
False,1.0,38,70,3,0.0,,,,,False,0.9644670050761421,drag_drop,False,explore,try_then_correct,True,explore,cars,False,explore
False,1.0,39,70,3,0.0,,,,,False,0.9653465346534653,tap,True,explore,try_then_correct,True,explore,cars,False,explore
False,1.0,0,71,1,0.0,,,,,False,0.7777777777777778,tap,False,explore,try_then_correct,True,explore,ocean,True,explore
False,1.0,1,71,2,0.0,,,,,False,0.8571428571428571,tap,False,explore,try_then_correct,True,explore,ocean,True,explore
False,0.8,2,71,3,0.0,,,,,False,0.8421052631578947,tap,False,explore,try_then_correct,True,explore,space,False,explore
False,1.0,3,71,3,0.0,,,,,False,0.875,tap,False,explore,try_then_correct,True,explore,ocean,True,explore
False,0.8,4,71,3,0.21294893782812815,,,,,False,0.8620689655172413,tap,False,explore,try_then_correct,True,explore,space,False,explore
False,0.8,5,71,3,0.04658258014990303,,,,,False,0.8529411764705882,tap,False,explore,try_then_correct,True,explore,ocean,True,explore
False,1.0,6,71,3,0.0,,,,,False,0.8717948717948718,tap,False,explore,try_then_correct,True,explore,ocean,True,explore
False,1.0,7,71,3,0.0,,,,,False,0.8863636363636364,tap,False,explore,try_then_correct,True,explore,ocean,True,explore
False,1.0,8,71,3,0.0,,,,,False,0.8979591836734694,tap,False,explore,try_then_correct,True,explore,ocean,True,explore
False,1.0,9,71,3,0.0,,,,,False,0.9074074074074074,tap,False,explore,try_then_correct,True,explore,ocean,True,explore
False,1.0,10,71,3,0.0,,,,,False,0.9152542372881356,tap,False,explore,try_then_correct,True,explore,ocean,True,explore
False,1.0,11,71,3,0.0,,,,,False,0.921875,tap,False,explore,try_then_correct,True,explore,ocean,True,explore
False,1.0,12,71,3,0.0,,,,,False,0.927536231884058,tap,False,explore,try_then_correct,True,explore,ocean,True,explore
False,1.0,13,71,3,0.0,,,,,False,0.9324324324324325,tap,False,explore,try_then_correct,True,explore,ocean,True,explore
False,1.0,14,71,3,0.0,,,,,False,0.9367088607594937,tap,False,explore,try_then_correct,True,explore,ocean,True,explore
False,1.0,15,71,3,0.0,,,,,False,0.9404761904761905,tap,False,explore,try_then_correct,True,explore,ocean,True,explore
False,1.0,16,71,3,0.0,,,,,False,0.9438202247191011,tap,False,explore,try_then_correct,True,explore,ocean,True,explore
False,1.0,17,71,3,0.0,,,,,False,0.9468085106382979,tap,False,explore,try_then_correct,True,explore,ocean,True,explore
False,0.8,18,71,3,0.0,,,,,False,0.9393939393939394,tap,False,explore,try_then_correct,True,explore,ocean,True,explore
False,1.0,19,71,3,0.0,,,,,False,0.9423076923076923,tap,False,explore,try_then_correct,True,explore,ocean,True,explore
False,1.0,20,71,3,0.0,,,,,False,0.944954128440367,tap,False,explore,try_then_correct,True,explore,ocean,True,explore
False,1.0,21,71,3,0.0,,,,,False,0.9473684210526315,tap,False,explore,try_then_correct,True,explore,ocean,True,explore
False,1.0,22,71,3,0.0,,,,,False,0.9495798319327731,tap,False,explore,try_then_correct,True,explore,ocean,True,explore
False,1.0,23,71,3,0.0,,,,,False,0.9516129032258065,tap,False,explore,try_then_correct,True,explore,ocean,True,explore
False,1.0,24,71,3,0.0,,,,,False,0.9534883720930233,tap,False,explore,try_then_correct,True,explore,ocean,True,explore
False,1.0,25,71,3,0.0,,,,,False,0.9552238805970149,tap,False,explore,try_then_correct,True,explore,ocean,True,explore
False,1.0,26,71,3,0.0,,,,,False,0.9568345323741008,tap,False,explore,try_then_correct,True,explore,ocean,True,explore
False,1.0,27,71,3,0.0,,,,,False,0.9583333333333334,tap,False,explore,try_then_correct,True,explore,ocean,True,explore
False,1.0,28,71,3,0.0,,,,,False,0.959731543624161,tap,False,explore,try_then_correct,True,explore,ocean,True,explore
False,1.0,29,71,3,0.0,,,,,False,0.961038961038961,tap,False,explore,try_then_correct,True,explore,ocean,True,exploit
False,1.0,30,71,3,0.0,,,,,False,0.9622641509433962,tap,False,explore,try_then_correct,True,explore,ocean,True,exploit
False,0.8,31,71,3,0.0,,,,,False,0.9573170731707317,tap,False,explore,try_then_correct,True,explore,ocean,True,exploit
False,0.8,32,71,3,0.04658258014990303,,,,,False,0.9526627218934911,tap,False,explore,try_then_correct,True,explore,ocean,True,explore
False,0.8,33,71,3,0.1464023947568381,,,,,False,0.9482758620689655,tap,False,explore,try_then_correct,True,explore,ocean,True,explore
False,1.0,34,71,3,0.0,,,,,False,0.9497206703910615,tap,False,explore,try_then_correct,True,explore,ocean,True,explore
False,1.0,35,71,3,0.0,,,,,False,0.9510869565217391,tap,False,explore,try_then_correct,True,explore,ocean,True,explore
False,1.0,36,71,3,0.0,,,,,False,0.9523809523809523,tap,False,explore,try_then_correct,True,explore,ocean,True,explore
False,1.0,37,71,3,0.0,,,,,False,0.9536082474226805,tap,False,explore,try_then_correct,True,explore,ocean,True,explore
False,1.0,38,71,3,0.0,,,,,False,0.9547738693467337,tap,False,explore,try_then_correct,True,explore,ocean,True,explore
False,1.0,39,71,3,0.0,,,,,False,0.9558823529411765,tap,False,explore,try_then_correct,True,explore,ocean,True,explore
False,0.8,0,72,1,0.08248368521693233,,,,,False,0.6666666666666666,drag_drop,False,explore,errorless,True,explore,cars,True,explore
False,1.0,1,72,2,0.0,,,,,False,0.7857142857142857,drag_drop,False,explore,try_then_correct,False,explore,ocean,False,explore
False,1.0,2,72,3,0.0,,,,,False,0.8421052631578947,drag_drop,False,explore,errorless,True,explore,ocean,False,explore
False,0.8,3,72,3,0.0,,,,,False,0.8333333333333334,tap,True,explore,errorless,True,explore,ocean,False,explore
False,0.6,4,72,3,0.15746885359596174,,,,,False,0.7931034482758621,drag_drop,False,explore,try_then_correct,False,explore,ocean,False,explore
False,0.8,5,72,3,0.06373739312217497,,,,,False,0.7941176470588235,drag_drop,False,explore,errorless,True,explore,ocean,False,explore
False,1.0,6,72,3,0.0,,,,,False,0.8205128205128205,drag_drop,False,explore,errorless,True,explore,cars,True,explore
False,1.0,7,72,3,0.0,,,,,False,0.8409090909090909,tap,True,explore,errorless,True,explore,ocean,False,explore
False,1.0,8,72,3,0.0,,,,,False,0.8571428571428571,tap,True,explore,errorless,True,explore,ocean,False,explore
False,1.0,9,72,3,0.0,,,,,False,0.8703703703703703,drag_drop,False,explore,errorless,True,explore,cars,True,explore
False,1.0,10,72,3,0.0,,,,,False,0.8813559322033898,tap,True,explore,errorless,True,explore,ocean,False,explore
False,1.0,11,72,3,0.0,,,,,False,0.890625,tap,True,explore,errorless,True,explore,cars,True,explore
False,1.0,12,72,3,0.0,,,,,False,0.8985507246376812,tap,True,explore,errorless,True,explore,cars,True,explore
False,1.0,13,72,3,0.0,,,,,False,0.9054054054054054,drag_drop,False,explore,errorless,True,explore,cars,True,explore
False,0.8,14,72,3,0.0,,,,,False,0.8987341772151899,tap,True,explore,errorless,True,explore,cars,True,explore
False,1.0,15,72,3,0.0,,,,,False,0.9047619047619048,tap,True,explore,errorless,True,explore,cars,True,explore
False,1.0,16,72,3,0.0,,,,,False,0.9101123595505618,drag_drop,False,explore,errorless,True,explore,cars,True,explore
False,0.8,17,72,3,0.0,,,,,False,0.9042553191489362,drag_drop,False,explore,errorless,True,explore,cars,True,explore
False,0.8,18,72,3,0.06373739312217497,,,,,False,0.898989898989899,drag_drop,False,explore,errorless,True,explore,ocean,False,explore
False,1.0,19,72,3,0.0,,,,,False,0.9038461538461539,drag_drop,False,explore,errorless,True,explore,space,False,explore
False,1.0,20,72,3,0.0,,,,,False,0.908256880733945,tap,True,explore,errorless,True,explore,cars,True,explore
False,1.0,21,72,3,0.0,,,,,False,0.9122807017543859,tap,True,explore,errorless,True,explore,cars,True,explore
False,1.0,22,72,3,0.0,,,,,False,0.9159663865546218,tap,True,explore,errorless,True,explore,space,False,explore
False,1.0,23,72,3,0.0,,,,,False,0.9193548387096774,tap,True,explore,errorless,True,explore,ocean,False,explore
False,1.0,24,72,3,0.0,,,,,False,0.9224806201550387,tap,True,explore,errorless,True,explore,space,False,explore
False,1.0,25,72,3,0.0,,,,,False,0.9253731343283582,tap,True,explore,errorless,True,explore,space,False,explore
False,1.0,26,72,3,0.0,,,,,False,0.9280575539568345,tap,True,explore,errorless,True,explore,space,False,explore
False,1.0,27,72,3,0.0,,,,,False,0.9305555555555556,tap,True,explore,errorless,True,explore,space,False,explore
False,1.0,28,72,3,0.0,,,,,False,0.9328859060402684,tap,True,explore,errorless,True,explore,space,False,explore
False,1.0,29,72,3,0.0,,,,,False,0.935064935064935,tap,True,explore,errorless,True,explore,cars,True,explore
False,1.0,30,72,3,0.0,,,,,False,0.9371069182389937,drag_drop,False,explore,errorless,True,explore,space,False,explore
False,1.0,31,72,3,0.0,,,,,False,0.9390243902439024,tap,True,explore,errorless,True,explore,space,False,explore
False,0.8,32,72,3,0.02624480893266029,,,,,False,0.9349112426035503,tap,True,explore,errorless,True,explore,space,False,explore
False,1.0,33,72,3,0.0,,,,,False,0.9367816091954023,tap,True,explore,errorless,True,explore,space,False,explore
False,1.0,34,72,3,0.0,,,,,False,0.9385474860335196,tap,True,explore,errorless,True,explore,space,False,explore
False,1.0,35,72,3,0.0,,,,,False,0.9402173913043478,tap,True,explore,errorless,True,explore,space,False,explore
False,1.0,36,72,3,0.0,,,,,False,0.9417989417989417,tap,True,explore,errorless,True,explore,space,False,explore
False,1.0,37,72,3,0.0,,,,,False,0.9432989690721649,tap,True,explore,errorless,True,explore,space,False,explore
False,1.0,38,72,3,0.0,,,,,False,0.9447236180904522,tap,True,explore,errorless,True,explore,space,False,explore
False,1.0,39,72,3,0.0,,,,,False,0.946078431372549,tap,True,explore,errorless,True,explore,space,False,explore
False,1.0,0,73,1,0.0,,,,,False,0.7777777777777778,tap,True,explore,errorless,True,explore,ocean,False,explore
False,1.0,1,73,2,0.0,,,,,False,0.8571428571428571,tap,True,explore,errorless,True,explore,ocean,False,explore
False,0.8,2,73,3,0.0,,,,,False,0.8421052631578947,tap,True,explore,errorless,True,explore,ocean,False,explore
False,1.0,3,73,3,0.0,,,,,False,0.875,tap,True,explore,errorless,True,explore,dino,False,explore
False,1.0,4,73,3,0.0,,,,,False,0.896551724137931,tap,True,explore,errorless,True,explore,dino,False,explore
False,1.0,5,73,3,0.0,,,,,False,0.9117647058823529,tap,True,explore,errorless,True,explore,dino,False,explore
False,1.0,6,73,3,0.0,,,,,False,0.9230769230769231,tap,True,explore,errorless,True,explore,dino,False,explore
False,0.8,7,73,3,0.021584822513641633,,,,,False,0.9090909090909091,tap,True,explore,errorless,True,explore,ocean,False,explore
False,1.0,8,73,3,0.0,,,,,False,0.9183673469387755,tap,True,explore,errorless,True,explore,dino,False,explore
False,0.8,9,73,3,0.06783801361430229,,,,,False,0.9074074074074074,tap,True,explore,errorless,True,explore,ocean,False,explore
False,1.0,10,73,3,0.0,,,,,False,0.9152542372881356,tap,True,explore,errorless,True,explore,ocean,False,explore
False,1.0,11,73,3,0.0,,,,,False,0.921875,tap,True,explore,errorless,True,explore,dino,False,explore
False,1.0,12,73,3,0.0,,,,,False,0.927536231884058,tap,True,explore,errorless,True,explore,dino,False,explore
False,1.0,13,73,3,0.0,,,,,False,0.9324324324324325,tap,True,explore,errorless,True,explore,dino,False,explore
False,1.0,14,73,3,0.0,,,,,False,0.9367088607594937,tap,True,explore,errorless,True,explore,dino,False,explore
False,1.0,15,73,3,0.0,,,,,False,0.9404761904761905,tap,True,explore,errorless,True,explore,cars,False,explore
False,0.8,16,73,3,0.09867347434807607,,,,,False,0.9325842696629213,tap,True,explore,try_then_correct,False,explore,dino,False,explore
False,1.0,17,73,3,0.0,,,,,False,0.9361702127659575,tap,True,explore,errorless,True,explore,ocean,False,explore
False,0.8,18,73,3,0.0,,,,,False,0.9292929292929293,tap,True,explore,errorless,True,explore,ocean,False,explore
False,1.0,19,73,3,0.0,,,,,False,0.9326923076923077,tap,True,explore,errorless,True,explore,dino,False,explore
False,1.0,20,73,3,0.0,,,,,False,0.9357798165137615,tap,True,explore,errorless,True,explore,ocean,False,explore
False,0.8,21,73,3,0.0,,,,,False,0.9298245614035088,tap,True,explore,errorless,True,explore,ocean,False,explore
False,1.0,22,73,3,0.0,,,,,False,0.9327731092436975,tap,True,explore,errorless,True,explore,dino,False,explore
False,1.0,23,73,3,0.0,,,,,False,0.9354838709677419,tap,True,explore,errorless,True,explore,dino,False,explore
False,1.0,24,73,3,0.0,,,,,False,0.937984496124031,tap,True,explore,errorless,True,explore,cars,False,explore
False,1.0,25,73,3,0.0,,,,,False,0.9402985074626866,tap,True,explore,errorless,True,explore,ocean,False,explore
False,1.0,26,73,3,0.0,,,,,False,0.9424460431654677,tap,True,explore,errorless,True,explore,dino,False,explore
False,0.8,27,73,3,0.021584822513641633,,,,,False,0.9375,tap,True,explore,errorless,True,explore,dino,False,explore
False,0.6,28,73,3,0.06783801361430229,,,,,False,0.9261744966442953,tap,True,explore,errorless,True,explore,ocean,False,explore
False,1.0,29,73,3,0.0,,,,,False,0.9285714285714286,tap,True,explore,errorless,True,explore,dino,False,explore
False,0.8,30,73,3,0.0,,,,,False,0.9245283018867925,tap,True,explore,errorless,True,explore,dino,False,explore
False,0.8,31,73,3,0.006167092146754746,,,,,False,0.9207317073170732,drag_drop,False,explore,errorless,True,explore,dino,False,explore
False,1.0,32,73,3,0.0,,,,,False,0.9230769230769231,tap,True,explore,errorless,True,explore,dino,False,explore
False,1.0,33,73,3,0.0,,,,,False,0.9252873563218391,tap,True,explore,errorless,True,explore,dino,False,explore
False,1.0,34,73,3,0.0,,,,,False,0.9273743016759777,tap,True,explore,errorless,True,explore,dino,False,explore
False,1.0,35,73,3,0.0,,,,,False,0.9293478260869565,tap,True,explore,errorless,True,explore,dino,False,explore
False,1.0,36,73,3,0.0,,,,,False,0.9312169312169312,tap,True,explore,errorless,True,explore,ocean,False,explore
False,1.0,37,73,3,0.0,,,,,False,0.9329896907216495,tap,True,explore,errorless,True,explore,ocean,False,explore
False,1.0,38,73,3,0.0,,,,,False,0.9346733668341709,tap,True,explore,errorless,True,explore,cars,False,explore
False,1.0,39,73,3,0.0,,,,,False,0.9362745098039216,tap,True,explore,errorless,True,explore,ocean,False,explore
False,0.4,0,74,1,0.5012604535821379,,,,,False,0.4444444444444444,tap,False,explore,try_then_correct,False,explore,dino,False,explore
False,1.0,1,74,1,0.10965072422109273,,,,,False,0.6428571428571429,tap,False,explore,errorless,True,explore,ocean,True,explore
False,1.0,2,74,2,0.0,,,,,False,0.7368421052631579,drag_drop,True,explore,errorless,True,explore,ocean,True,explore
False,1.0,3,74,3,0.0,,,,,False,0.7916666666666666,drag_drop,True,explore,errorless,True,explore,ocean,True,explore
False,1.0,4,74,3,0.0,,,,,False,0.8275862068965517,tap,False,explore,errorless,True,exploit,ocean,True,explore
False,1.0,5,74,3,0.0,,,,,False,0.8529411764705882,drag_drop,True,explore,errorless,True,exploit,ocean,True,explore
False,1.0,6,74,3,0.0,,,,,False,0.8717948717948718,drag_drop,True,explore,errorless,True,exploit,ocean,True,explore
False,1.0,7,74,3,0.0,,,,,False,0.8863636363636364,tap,False,explore,errorless,True,exploit,ocean,True,explore
False,0.8,8,74,3,0.0,,,,,False,0.8775510204081632,drag_drop,True,explore,errorless,True,exploit,ocean,True,explore
False,1.0,9,74,3,0.0,,,,,False,0.8888888888888888,drag_drop,True,explore,errorless,True,exploit,dino,False,explore
False,0.6,10,74,3,0.06265755669776722,,,,,False,0.864406779661017,drag_drop,True,explore,errorless,True,exploit,ocean,True,explore
False,1.0,11,74,3,0.0,,,,,False,0.875,drag_drop,True,explore,errorless,True,explore,ocean,True,explore
False,1.0,12,74,3,0.0,,,,,False,0.8840579710144928,drag_drop,True,explore,errorless,True,exploit,space,False,explore
False,1.0,13,74,3,0.0,,,,,False,0.8918918918918919,drag_drop,True,explore,errorless,True,exploit,ocean,True,explore
False,1.0,14,74,3,0.0,,,,,False,0.8987341772151899,drag_drop,True,explore,errorless,True,exploit,ocean,True,explore
False,1.0,15,74,3,0.0,,,,,False,0.9047619047619048,drag_drop,True,explore,errorless,True,exploit,ocean,True,explore
False,1.0,16,74,3,0.0,,,,,False,0.9101123595505618,drag_drop,True,explore,errorless,True,exploit,space,False,explore
False,1.0,17,74,3,0.0,,,,,False,0.9148936170212766,drag_drop,True,explore,errorless,True,exploit,ocean,True,explore
False,1.0,18,74,3,0.0,,,,,False,0.9191919191919192,drag_drop,True,explore,errorless,True,exploit,ocean,True,explore
False,1.0,19,74,3,0.0,,,,,False,0.9230769230769231,drag_drop,True,explore,errorless,True,exploit,space,False,explore
False,1.0,20,74,3,0.0,,,,,False,0.926605504587156,drag_drop,True,explore,errorless,True,exploit,ocean,True,explore
False,0.8,21,74,3,0.0,,,,,False,0.9210526315789473,drag_drop,True,explore,errorless,True,exploit,dino,False,explore
False,1.0,22,74,3,0.0,,,,,False,0.9243697478991597,drag_drop,True,explore,errorless,True,exploit,ocean,True,explore
False,1.0,23,74,3,0.0,,,,,False,0.9274193548387096,drag_drop,True,explore,errorless,True,exploit,space,False,explore
False,1.0,24,74,3,0.0,,,,,False,0.9302325581395349,drag_drop,True,explore,errorless,True,exploit,ocean,True,explore
False,1.0,25,74,3,0.0,,,,,False,0.9328358208955224,drag_drop,True,explore,errorless,True,exploit,ocean,True,explore
False,1.0,26,74,3,0.0,,,,,False,0.935251798561151,drag_drop,True,explore,errorless,True,exploit,ocean,True,explore
False,1.0,27,74,3,0.0,,,,,False,0.9375,drag_drop,True,explore,errorless,True,exploit,space,False,explore
False,1.0,28,74,3,0.0,,,,,False,0.9395973154362416,drag_drop,True,explore,errorless,True,exploit,ocean,True,explore
False,1.0,29,74,3,0.0,,,,,False,0.9415584415584416,drag_drop,True,explore,errorless,True,exploit,ocean,True,explore
False,1.0,30,74,3,0.0,,,,,False,0.9433962264150944,drag_drop,True,explore,errorless,True,exploit,ocean,True,explore
False,1.0,31,74,3,0.0,,,,,False,0.9451219512195121,drag_drop,True,explore,errorless,True,exploit,ocean,True,explore
False,1.0,32,74,3,0.0,,,,,False,0.9467455621301775,drag_drop,True,explore,errorless,True,exploit,space,False,explore
False,1.0,33,74,3,0.0,,,,,False,0.9482758620689655,drag_drop,True,explore,errorless,True,exploit,ocean,True,explore
False,1.0,34,74,3,0.0,,,,,False,0.9497206703910615,drag_drop,True,explore,errorless,True,exploit,ocean,True,explore
False,0.8,35,74,3,0.0,,,,,False,0.9456521739130435,drag_drop,True,explore,errorless,True,exploit,ocean,True,explore
False,1.0,36,74,3,0.0,,,,,False,0.9470899470899471,drag_drop,True,explore,errorless,True,exploit,ocean,True,explore
False,1.0,37,74,3,0.0,,,,,False,0.9484536082474226,drag_drop,True,explore,errorless,True,exploit,ocean,True,explore
False,1.0,38,74,3,0.0,,,,,False,0.949748743718593,drag_drop,True,explore,errorless,True,exploit,space,False,explore
False,1.0,39,74,3,0.0,,,,,False,0.9509803921568627,drag_drop,True,explore,errorless,True,exploit,ocean,True,explore
False,1.0,0,75,1,0.0,,,,,False,0.7777777777777778,drag_drop,True,explore,try_then_correct,True,explore,dino,True,explore
False,1.0,1,75,2,0.0,,,,,False,0.8571428571428571,drag_drop,True,explore,try_then_correct,True,explore,dino,True,explore
False,1.0,2,75,3,0.0,,,,,False,0.8947368421052632,drag_drop,True,explore,try_then_correct,True,explore,cars,False,explore
False,1.0,3,75,3,0.0,,,,,False,0.9166666666666666,drag_drop,True,explore,try_then_correct,True,explore,dino,True,explore
False,1.0,4,75,3,0.0,,,,,False,0.9310344827586207,drag_drop,True,explore,try_then_correct,True,explore,dino,True,explore
False,1.0,5,75,3,0.0,,,,,False,0.9411764705882353,drag_drop,True,explore,try_then_correct,True,explore,space,False,explore
False,1.0,6,75,3,0.0,,,,,False,0.9487179487179487,drag_drop,True,explore,try_then_correct,True,explore,dino,True,explore
False,1.0,7,75,3,0.0,,,,,False,0.9545454545454546,drag_drop,True,explore,try_then_correct,True,explore,dino,True,explore
False,1.0,8,75,3,0.0,,,,,False,0.9591836734693877,drag_drop,True,explore,try_then_correct,True,explore,space,False,explore
False,1.0,9,75,3,0.0,,,,,False,0.9629629629629629,drag_drop,True,explore,try_then_correct,True,explore,dino,True,explore
False,1.0,10,75,3,0.0,,,,,False,0.9661016949152542,drag_drop,True,explore,try_then_correct,True,explore,dino,True,explore
False,1.0,11,75,3,0.0,,,,,False,0.96875,drag_drop,True,explore,try_then_correct,True,explore,dino,True,explore
False,1.0,12,75,3,0.0,,,,,False,0.9710144927536232,drag_drop,True,explore,try_then_correct,True,explore,dino,True,explore
False,1.0,13,75,3,0.0,,,,,False,0.972972972972973,drag_drop,True,explore,try_then_correct,True,explore,dino,True,explore
False,1.0,14,75,3,0.0,,,,,False,0.9746835443037974,drag_drop,True,explore,try_then_correct,True,explore,dino,True,explore
False,1.0,15,75,3,0.0,,,,,False,0.9761904761904762,drag_drop,True,exploit,try_then_correct,True,exploit,dino,True,explore
False,1.0,16,75,3,0.0,,,,,False,0.9775280898876404,drag_drop,True,exploit,try_then_correct,True,exploit,dino,True,explore
False,1.0,17,75,3,0.0,,,,,False,0.9787234042553191,drag_drop,True,exploit,try_then_correct,True,exploit,space,False,explore
False,1.0,18,75,3,0.0,,,,,False,0.9797979797979798,drag_drop,True,exploit,try_then_correct,True,exploit,dino,True,explore
False,1.0,19,75,3,0.0,,,,,False,0.9807692307692307,drag_drop,True,exploit,try_then_correct,True,exploit,dino,True,explore
False,1.0,20,75,3,0.0,,,,,False,0.981651376146789,drag_drop,True,exploit,try_then_correct,True,exploit,dino,True,explore
False,1.0,21,75,3,0.0,,,,,False,0.9824561403508771,drag_drop,True,exploit,try_then_correct,True,exploit,dino,True,explore
False,1.0,22,75,3,0.0,,,,,False,0.9831932773109243,drag_drop,True,exploit,try_then_correct,True,exploit,dino,True,explore
False,1.0,23,75,3,0.0,,,,,False,0.9838709677419355,drag_drop,True,exploit,try_then_correct,True,exploit,dino,True,explore
False,1.0,24,75,3,0.0,,,,,False,0.9844961240310077,drag_drop,True,exploit,try_then_correct,True,exploit,dino,True,explore
False,1.0,25,75,3,0.0,,,,,False,0.9850746268656716,drag_drop,True,exploit,try_then_correct,True,exploit,dino,True,explore
False,1.0,26,75,3,0.0,,,,,False,0.9856115107913669,drag_drop,True,exploit,try_then_correct,True,exploit,dino,True,explore
False,1.0,27,75,3,0.0,,,,,False,0.9861111111111112,drag_drop,True,exploit,try_then_correct,True,exploit,dino,True,explore
False,1.0,28,75,3,0.0,,,,,False,0.9865771812080537,drag_drop,True,exploit,try_then_correct,True,exploit,dino,True,explore
False,1.0,29,75,3,0.0,,,,,False,0.987012987012987,drag_drop,True,exploit,try_then_correct,True,exploit,dino,True,explore
False,1.0,30,75,3,0.0,,,,,False,0.9874213836477987,drag_drop,True,exploit,try_then_correct,True,exploit,dino,True,explore
False,1.0,31,75,3,0.0,,,,,False,0.9878048780487805,drag_drop,True,exploit,try_then_correct,True,exploit,dino,True,explore
False,1.0,32,75,3,0.0,,,,,False,0.9881656804733728,drag_drop,True,exploit,try_then_correct,True,exploit,dino,True,explore
False,1.0,33,75,3,0.0,,,,,False,0.9885057471264368,drag_drop,True,exploit,try_then_correct,True,exploit,dino,True,explore
False,1.0,34,75,3,0.0,,,,,False,0.9888268156424581,drag_drop,True,exploit,try_then_correct,True,exploit,dino,True,explore
False,1.0,35,75,3,0.0,,,,,False,0.9891304347826086,drag_drop,True,exploit,try_then_correct,True,exploit,dino,True,explore
False,1.0,36,75,3,0.0,,,,,False,0.9894179894179894,drag_drop,True,exploit,try_then_correct,True,exploit,dino,True,explore
False,1.0,37,75,3,0.0,,,,,False,0.9896907216494846,drag_drop,True,exploit,try_then_correct,True,exploit,dino,True,explore
False,0.8,38,75,3,0.07048210344359927,,,,,False,0.9849246231155779,drag_drop,True,exploit,try_then_correct,True,exploit,dino,True,explore
False,1.0,39,75,3,0.0,,,,,False,0.9852941176470589,drag_drop,True,exploit,try_then_correct,True,exploit,dino,True,explore
True,0.6666666666666666,0,76,1,0.22530196182745899,,,,,False,0.5714285714285714,tap,False,explore,try_then_correct,False,explore,cars,False,explore
False,1.0,1,76,1,0.0,,,,,False,0.75,drag_drop,True,explore,try_then_correct,False,explore,ocean,True,explore
False,0.8,2,76,2,0.0,,,,,False,0.7647058823529411,drag_drop,True,explore,errorless,True,explore,ocean,True,explore
False,1.0,3,76,3,0.0,,,,,False,0.8181818181818182,drag_drop,True,explore,try_then_correct,False,explore,ocean,True,explore
False,1.0,4,76,3,0.0,,,,,False,0.8518518518518519,drag_drop,True,explore,errorless,True,explore,ocean,True,explore
False,1.0,5,76,3,0.0,,,,,False,0.875,drag_drop,True,explore,try_then_correct,False,explore,ocean,True,explore
False,1.0,6,76,3,0.0,,,,,False,0.8918918918918919,drag_drop,True,explore,errorless,True,explore,ocean,True,explore
False,1.0,7,76,3,0.0,,,,,False,0.9047619047619048,drag_drop,True,explore,try_then_correct,False,explore,ocean,True,explore
False,1.0,8,76,3,0.0,,,,,False,0.9148936170212766,drag_drop,True,explore,errorless,True,explore,ocean,True,explore
False,1.0,9,76,3,0.0,,,,,False,0.9230769230769231,drag_drop,True,explore,try_then_correct,False,explore,ocean,True,explore
False,1.0,10,76,3,0.0,,,,,False,0.9298245614035088,tap,False,explore,errorless,True,explore,ocean,True,explore
False,1.0,11,76,3,0.0,,,,,False,0.9354838709677419,drag_drop,True,explore,errorless,True,explore,ocean,True,explore
False,1.0,12,76,3,0.0,,,,,False,0.9402985074626866,drag_drop,True,explore,errorless,True,explore,ocean,True,explore
False,0.8,13,76,3,0.0643719890935597,,,,,False,0.9305555555555556,drag_drop,True,explore,errorless,True,explore,ocean,True,explore
False,1.0,14,76,3,0.0,,,,,False,0.935064935064935,drag_drop,True,explore,try_then_correct,False,explore,ocean,True,explore
False,1.0,15,76,3,0.0,,,,,False,0.9390243902439024,drag_drop,True,explore,errorless,True,explore,ocean,True,explore
False,1.0,16,76,3,0.0,,,,,False,0.9425287356321839,drag_drop,True,explore,errorless,True,explore,ocean,True,explore
False,0.8,17,76,3,0.0643719890935597,,,,,False,0.9347826086956522,drag_drop,True,explore,errorless,True,explore,ocean,True,explore
False,1.0,18,76,3,0.0,,,,,False,0.9381443298969072,drag_drop,True,explore,try_then_correct,False,explore,dino,False,explore
False,1.0,19,76,3,0.0,,,,,False,0.9411764705882353,drag_drop,True,explore,try_then_correct,False,explore,ocean,True,explore
False,1.0,20,76,3,0.0,,,,,False,0.9439252336448598,drag_drop,True,explore,try_then_correct,False,explore,ocean,True,explore
False,1.0,21,76,3,0.0,,,,,False,0.9464285714285714,drag_drop,True,explore,try_then_correct,False,explore,dino,False,explore
False,1.0,22,76,3,0.0,,,,,False,0.9487179487179487,drag_drop,True,explore,try_then_correct,False,explore,ocean,True,explore
False,1.0,23,76,3,0.0,,,,,False,0.9508196721311475,drag_drop,True,explore,errorless,True,explore,ocean,True,explore
False,0.8,24,76,3,0.03755032697124315,,,,,False,0.9448818897637795,drag_drop,True,explore,try_then_correct,False,explore,ocean,True,explore
False,1.0,25,76,3,0.0,,,,,False,0.946969696969697,drag_drop,True,explore,try_then_correct,False,explore,ocean,True,explore
False,1.0,26,76,3,0.0,,,,,False,0.948905109489051,drag_drop,True,explore,try_then_correct,False,explore,ocean,True,explore
False,0.8,27,76,3,0.0,,,,,False,0.9436619718309859,drag_drop,True,explore,try_then_correct,False,explore,ocean,True,explore
False,1.0,28,76,3,0.0,,,,,False,0.9455782312925171,drag_drop,True,explore,errorless,True,explore,ocean,True,explore
False,1.0,29,76,3,0.0,,,,,False,0.9473684210526315,drag_drop,True,explore,try_then_correct,False,explore,ocean,True,explore
False,0.8,30,76,3,0.03755032697124315,,,,,False,0.9426751592356688,drag_drop,True,explore,errorless,True,explore,dino,False,explore
False,0.8,31,76,3,0.11801531333819279,,,,,False,0.9382716049382716,drag_drop,True,explore,try_then_correct,False,explore,ocean,True,explore
False,1.0,32,76,3,0.0,,,,,False,0.9401197604790419,drag_drop,True,explore,try_then_correct,False,explore,ocean,True,explore
False,1.0,33,76,3,0.0,,,,,False,0.9418604651162791,drag_drop,True,explore,try_then_correct,False,explore,ocean,True,explore
False,1.0,34,76,3,0.0,,,,,False,0.943502824858757,drag_drop,True,explore,errorless,True,explore,dino,False,explore
False,1.0,35,76,3,0.0,,,,,False,0.945054945054945,drag_drop,True,explore,try_then_correct,False,explore,dino,False,explore
False,0.8,36,76,3,0.0643719890935597,,,,,False,0.9411764705882353,drag_drop,True,explore,errorless,True,explore,ocean,True,explore
False,0.8,37,76,3,0.0,,,,,False,0.9375,drag_drop,True,explore,try_then_correct,False,explore,ocean,True,explore
False,1.0,38,76,3,0.0,,,,,False,0.9390862944162437,drag_drop,True,explore,try_then_correct,False,explore,ocean,True,explore
False,0.8,39,76,3,0.09119365121587623,,,,,False,0.9356435643564357,drag_drop,True,explore,try_then_correct,False,explore,dino,False,explore
False,0.8,0,77,1,0.027573101051680066,,,,,False,0.6666666666666666,tap,True,explore,errorless,True,explore,cars,False,explore
False,1.0,1,77,2,0.0,,,,,False,0.7857142857142857,tap,True,explore,errorless,True,explore,dino,False,explore
False,1.0,2,77,3,0.0,,,,,False,0.8421052631578947,tap,True,explore,errorless,True,explore,dino,False,explore
False,1.0,3,77,3,0.0,,,,,False,0.875,tap,True,explore,errorless,True,explore,dino,False,explore
False,0.8,4,77,3,0.0,,,,,False,0.8620689655172413,tap,True,explore,errorless,True,explore,dino,False,explore
False,1.0,5,77,3,0.0,,,,,False,0.8823529411764706,tap,True,explore,errorless,True,explore,dino,False,explore
False,1.0,6,77,3,0.0,,,,,False,0.8974358974358975,tap,True,explore,errorless,True,explore,dino,False,explore
False,1.0,7,77,3,0.0,,,,,False,0.9090909090909091,tap,True,explore,errorless,True,explore,dino,False,explore
False,1.0,8,77,3,0.0,,,,,False,0.9183673469387755,tap,True,explore,try_then_correct,False,explore,dino,False,explore
False,1.0,9,77,3,0.0,,,,,False,0.9259259259259259,tap,True,explore,errorless,True,explore,cars,False,explore
False,0.6,10,77,3,0.25209692390107485,,,,,False,0.8983050847457628,tap,True,explore,try_then_correct,False,explore,dino,False,explore
,,11,77,1,,0.1647130202485192,0.25209692390107485,modality_switch,False,True,,,,,,,,,,
False,1.0,12,77,3,0.0,,,,,False,0.90625,tap,True,explore,errorless,True,explore,dino,False,explore
False,1.0,13,77,3,0.0,,,,,False,0.9130434782608695,tap,True,explore,errorless,True,explore,dino,False,explore
False,1.0,14,77,3,0.0,,,,,False,0.9189189189189187,tap,True,explore,errorless,True,explore,dino,False,explore
False,1.0,15,77,3,0.0,,,,,False,0.9240506329113922,tap,True,explore,errorless,True,explore,dino,False,explore
False,0.8,16,77,3,0.0,,,,,False,0.9166666666666665,tap,True,explore,errorless,True,explore,dino,False,explore
False,0.6,17,77,3,0.17331663518198898,,,,,False,0.8988764044943819,tap,True,explore,errorless,True,explore,dino,False,explore
False,1.0,18,77,3,0.0,,,,,False,0.904255319148936,tap,True,explore,errorless,True,explore,dino,False,explore
False,1.0,19,77,3,0.0,,,,,False,0.909090909090909,tap,True,explore,errorless,True,explore,space,False,explore
False,1.0,20,77,3,0.0,,,,,False,0.9134615384615383,tap,True,explore,errorless,True,explore,dino,False,explore
False,0.8,21,77,3,0.0,,,,,False,0.9082568807339448,tap,True,explore,errorless,True,explore,cars,False,explore
False,1.0,22,77,3,0.0,,,,,False,0.9122807017543858,tap,True,explore,errorless,True,explore,space,False,explore
False,1.0,23,77,3,0.0,,,,,False,0.9159663865546217,tap,True,explore,errorless,True,explore,space,False,explore
False,1.0,24,77,3,0.0,,,,,False,0.9193548387096773,tap,True,explore,errorless,True,explore,dino,False,explore
False,1.0,25,77,3,0.0,,,,,False,0.9224806201550386,tap,True,explore,errorless,True,explore,dino,False,explore
False,1.0,26,77,3,0.0,,,,,False,0.9253731343283581,tap,True,explore,errorless,True,explore,space,False,explore
False,1.0,27,77,3,0.0,,,,,False,0.9280575539568345,tap,True,explore,errorless,True,explore,space,False,explore
False,0.8,28,77,3,0.0,,,,,False,0.9236111111111112,tap,True,explore,errorless,True,explore,dino,False,explore
False,1.0,29,77,3,0.0,,,,,False,0.9261744966442953,tap,True,explore,errorless,True,explore,space,False,explore
False,0.8,30,77,3,0.0,,,,,False,0.922077922077922,tap,True,explore,errorless,True,explore,space,False,explore
False,1.0,31,77,3,0.0,,,,,False,0.9245283018867925,tap,True,explore,errorless,True,explore,space,False,explore
False,1.0,32,77,3,0.0,,,,,False,0.926829268292683,tap,True,explore,errorless,True,explore,space,False,explore
False,0.8,33,77,3,0.0,,,,,False,0.9230769230769231,tap,True,explore,errorless,True,explore,space,False,explore
False,1.0,34,77,3,0.0,,,,,False,0.9252873563218391,tap,True,explore,errorless,True,explore,space,False,explore
False,1.0,35,77,3,0.0,,,,,False,0.9273743016759777,tap,True,explore,errorless,True,explore,space,False,explore
False,1.0,36,77,3,0.0,,,,,False,0.9293478260869565,tap,True,explore,errorless,True,explore,dino,False,explore
False,1.0,37,77,3,0.0,,,,,False,0.9312169312169312,tap,True,explore,errorless,True,explore,space,False,explore
False,0.6,38,77,3,0.027573101051680066,,,,,False,0.9226804123711341,tap,True,explore,errorless,True,explore,space,False,explore
False,0.8,39,77,3,0.0,,,,,False,0.9195979899497487,tap,True,explore,errorless,True,explore,dino,False,explore
False,1.0,0,78,1,0.0,,,,,False,0.7777777777777778,tap,False,explore,try_then_correct,True,explore,ocean,False,explore
False,1.0,1,78,2,0.0,,,,,False,0.8571428571428571,drag_drop,True,explore,try_then_correct,True,explore,ocean,False,explore
False,1.0,2,78,3,0.0,,,,,False,0.8947368421052632,tap,False,explore,try_then_correct,True,explore,ocean,False,explore
False,1.0,3,78,3,0.0,,,,,False,0.9166666666666666,tap,False,explore,try_then_correct,True,explore,ocean,False,explore
False,1.0,4,78,3,0.0,,,,,False,0.9310344827586207,tap,False,explore,try_then_correct,True,explore,ocean,False,explore
False,0.8,5,78,3,0.0978024480626245,,,,,False,0.9117647058823529,tap,False,explore,try_then_correct,True,explore,ocean,False,explore
False,1.0,6,78,3,0.0,,,,,False,0.9230769230769231,tap,False,explore,try_then_correct,True,explore,ocean,False,explore
False,1.0,7,78,3,0.0,,,,,False,0.9318181818181818,tap,False,explore,try_then_correct,True,explore,ocean,False,explore
False,1.0,8,78,3,0.0,,,,,False,0.9387755102040817,tap,False,explore,try_then_correct,True,explore,ocean,False,explore
False,1.0,9,78,3,0.0,,,,,False,0.9444444444444444,tap,False,explore,try_then_correct,True,explore,ocean,False,explore
False,1.0,10,78,3,0.0,,,,,False,0.9491525423728814,tap,False,explore,try_then_correct,True,explore,ocean,False,explore
False,1.0,11,78,3,0.0,,,,,False,0.953125,tap,False,explore,try_then_correct,True,explore,ocean,False,explore
False,0.8,12,78,3,0.0,,,,,False,0.9420289855072463,tap,False,explore,try_then_correct,True,explore,ocean,False,explore
False,0.8,13,78,3,0.0978024480626245,,,,,False,0.9324324324324325,tap,False,explore,try_then_correct,True,explore,ocean,False,explore
False,1.0,14,78,3,0.0,,,,,False,0.9367088607594937,tap,False,explore,try_then_correct,True,explore,ocean,False,explore
False,1.0,15,78,3,0.0,,,,,False,0.9404761904761905,drag_drop,True,explore,try_then_correct,True,explore,ocean,False,explore
False,1.0,16,78,3,0.0,,,,,False,0.9438202247191011,tap,False,explore,try_then_correct,True,explore,ocean,False,explore
False,1.0,17,78,3,0.0,,,,,False,0.9468085106382979,tap,False,explore,try_then_correct,True,explore,ocean,False,explore
False,1.0,18,78,3,0.0,,,,,False,0.9494949494949495,tap,False,explore,try_then_correct,True,explore,ocean,False,explore
False,1.0,19,78,3,0.0,,,,,False,0.9519230769230769,tap,False,explore,try_then_correct,True,explore,ocean,False,explore
False,1.0,20,78,3,0.0,,,,,False,0.9541284403669725,tap,False,explore,try_then_correct,True,explore,ocean,False,explore
False,1.0,21,78,3,0.0,,,,,False,0.956140350877193,tap,False,explore,try_then_correct,True,explore,ocean,False,explore
False,0.8,22,78,3,0.011506170360308765,,,,,False,0.9495798319327731,tap,False,explore,try_then_correct,True,explore,ocean,False,explore
False,1.0,23,78,3,0.0,,,,,False,0.9516129032258065,tap,False,explore,try_then_correct,True,explore,ocean,False,explore
False,1.0,24,78,3,0.0,,,,,False,0.9534883720930233,tap,False,explore,try_then_correct,True,explore,ocean,False,explore
False,1.0,25,78,3,0.0,,,,,False,0.9552238805970149,tap,False,explore,try_then_correct,True,explore,ocean,False,explore
False,1.0,26,78,3,0.0,,,,,False,0.9568345323741008,tap,False,explore,try_then_correct,True,explore,ocean,False,explore
False,1.0,27,78,3,0.0,,,,,False,0.9583333333333334,tap,False,explore,try_then_correct,True,explore,ocean,False,explore
False,1.0,28,78,3,0.0,,,,,False,0.959731543624161,tap,False,explore,try_then_correct,True,explore,ocean,False,explore
False,1.0,29,78,3,0.0,,,,,False,0.961038961038961,tap,False,explore,try_then_correct,True,explore,ocean,False,explore
False,1.0,30,78,3,0.0,,,,,False,0.9622641509433962,tap,False,explore,try_then_correct,True,explore,ocean,False,explore
False,1.0,31,78,3,0.0,,,,,False,0.9634146341463414,tap,False,explore,try_then_correct,True,explore,ocean,False,explore
False,0.8,32,78,3,0.011506170360308765,,,,,False,0.9585798816568047,tap,False,explore,try_then_correct,True,explore,ocean,False,explore
False,1.0,33,78,3,0.0,,,,,False,0.9597701149425287,tap,False,explore,try_then_correct,True,explore,ocean,False,explore
False,1.0,34,78,3,0.0,,,,,False,0.9608938547486033,tap,False,explore,try_then_correct,True,explore,ocean,False,explore
False,1.0,35,78,3,0.0,,,,,False,0.9619565217391305,tap,False,explore,try_then_correct,True,explore,ocean,False,explore
False,0.8,36,78,3,0.0,,,,,False,0.9576719576719577,tap,False,explore,try_then_correct,True,explore,ocean,False,explore
False,1.0,37,78,3,0.0,,,,,False,0.9587628865979382,drag_drop,True,explore,try_then_correct,True,explore,ocean,False,explore
True,0.0,38,78,3,0.18409872576494024,,,,,False,0.9538461538461539,tap,False,explore,try_then_correct,True,explore,ocean,False,explore
False,1.0,39,78,2,0.0,,,,,False,0.955,drag_drop,True,explore,try_then_correct,True,explore,ocean,False,explore
False,0.6,0,79,1,0.3288057848088359,,,,,False,0.5555555555555556,drag_drop,True,explore,try_then_correct,False,explore,cars,False,explore
,,1,79,1,,0.10674087049333328,0.3288057848088359,mini_game,True,True,,,,,,,,,,
False,1.0,2,79,1,0.0,,,,,False,0.7142857142857143,drag_drop,True,explore,errorless,True,explore,ocean,True,explore
False,0.8,3,79,2,0.0,,,,,False,0.7368421052631579,drag_drop,True,explore,errorless,True,explore,cars,False,explore
False,1.0,4,79,3,0.0,,,,,False,0.7916666666666666,drag_drop,True,explore,errorless,True,explore,ocean,True,explore
False,1.0,5,79,3,0.0,,,,,False,0.8275862068965517,drag_drop,True,explore,errorless,True,explore,ocean,True,explore
False,1.0,6,79,3,0.0,,,,,False,0.8529411764705882,drag_drop,True,explore,errorless,True,explore,ocean,True,explore
False,0.8,7,79,3,0.0,,,,,False,0.8461538461538461,tap,False,explore,errorless,True,explore,ocean,True,explore
False,0.6,8,79,3,0.06165108465165673,,,,,False,0.8181818181818182,drag_drop,True,explore,errorless,True,explore,ocean,True,explore
False,1.0,9,79,3,0.0,,,,,False,0.8367346938775511,drag_drop,True,explore,errorless,True,explore,cars,False,explore
False,1.0,10,79,3,0.0,,,,,False,0.8518518518518519,drag_drop,True,explore,errorless,True,explore,ocean,True,explore
False,1.0,11,79,3,0.0,,,,,False,0.864406779661017,drag_drop,True,explore,errorless,True,explore,ocean,True,explore
False,1.0,12,79,3,0.0,,,,,False,0.875,drag_drop,True,explore,errorless,True,explore,ocean,True,explore
False,0.8,13,79,3,0.0,,,,,False,0.8695652173913042,drag_drop,True,explore,errorless,True,explore,ocean,True,explore
False,0.8,14,79,3,0.06165108465165673,,,,,False,0.8648648648648649,drag_drop,True,explore,errorless,True,explore,ocean,True,explore
False,1.0,15,79,3,0.0,,,,,False,0.8734177215189873,drag_drop,True,explore,errorless,True,explore,ocean,True,explore
False,1.0,16,79,3,0.0,,,,,False,0.8809523809523809,drag_drop,True,explore,errorless,True,explore,ocean,True,explore
False,0.8,17,79,3,0.0,,,,,False,0.8764044943820225,drag_drop,True,explore,errorless,True,explore,ocean,True,explore
False,1.0,18,79,3,0.0,,,,,False,0.8829787234042553,drag_drop,True,explore,errorless,True,explore,ocean,True,explore
False,1.0,19,79,3,0.0,,,,,False,0.8888888888888888,drag_drop,True,explore,errorless,True,explore,ocean,True,explore
False,1.0,20,79,3,0.0,,,,,False,0.8942307692307693,drag_drop,True,explore,errorless,True,explore,ocean,True,explore
False,1.0,21,79,3,0.0,,,,,False,0.8990825688073395,drag_drop,True,explore,errorless,True,explore,cars,False,explore
False,1.0,22,79,3,0.0,,,,,False,0.9035087719298246,drag_drop,True,explore,errorless,True,explore,ocean,True,explore
False,1.0,23,79,3,0.0,,,,,False,0.907563025210084,drag_drop,True,explore,errorless,True,exploit,ocean,True,explore
False,1.0,24,79,3,0.0,,,,,False,0.9112903225806451,drag_drop,True,explore,errorless,True,exploit,ocean,True,explore
False,1.0,25,79,3,0.0,,,,,False,0.9147286821705426,drag_drop,True,explore,errorless,True,exploit,ocean,True,explore
False,1.0,26,79,3,0.0,,,,,False,0.917910447761194,drag_drop,True,explore,errorless,True,exploit,ocean,True,exploit
False,1.0,27,79,3,0.0,,,,,False,0.920863309352518,drag_drop,True,explore,errorless,True,exploit,ocean,True,exploit
False,0.8,28,79,3,0.0,,,,,False,0.9166666666666666,drag_drop,True,explore,errorless,True,exploit,ocean,True,exploit
False,1.0,29,79,3,0.0,,,,,False,0.9194630872483222,drag_drop,True,explore,errorless,True,exploit,ocean,True,exploit
False,1.0,30,79,3,0.0,,,,,False,0.922077922077922,drag_drop,True,explore,errorless,True,exploit,ocean,True,exploit
False,1.0,31,79,3,0.0,,,,,False,0.9245283018867925,drag_drop,True,explore,errorless,True,exploit,ocean,True,exploit
False,1.0,32,79,3,0.0,,,,,False,0.926829268292683,drag_drop,True,explore,errorless,True,exploit,ocean,True,exploit
False,1.0,33,79,3,0.0,,,,,False,0.9289940828402367,drag_drop,True,explore,errorless,True,exploit,ocean,True,exploit
False,1.0,34,79,3,0.0,,,,,False,0.9310344827586207,drag_drop,True,explore,errorless,True,exploit,ocean,True,exploit
False,1.0,35,79,3,0.0,,,,,False,0.9329608938547486,drag_drop,True,explore,errorless,True,exploit,ocean,True,exploit
False,0.8,36,79,3,0.06165108465165673,,,,,False,0.9293478260869565,drag_drop,True,explore,errorless,True,exploit,ocean,True,exploit
False,1.0,37,79,3,0.0,,,,,False,0.9312169312169312,drag_drop,True,explore,errorless,True,exploit,ocean,True,exploit
False,1.0,38,79,3,0.0,,,,,False,0.9329896907216495,drag_drop,True,explore,errorless,True,exploit,ocean,True,exploit
False,1.0,39,79,3,0.0,,,,,False,0.9346733668341709,drag_drop,True,explore,errorless,True,exploit,ocean,True,exploit
